title,category,current_bid,minimum_bid,auction_date,city,state,auction_type,source,source_url,image_url,lot_number,status,scraped_at,discount_percentage
Direitos sobre Apartamento 34 m² (próx. à Praia do Itararé) - Itararé - São Vicente - SP,Imoveis,172697.76,103618.65,1ª Praça: 30/07/2026 11:00,SP,,Judicial,Mega Leiloes,https://www.megaleiloes.com.br/imoveis/apartamentos/sp/sao-vicente/direitos-sobre-apartamento-34-m2-prox-a-praia-do-itarare-itarare-sao-vicente-sp-j126210?utm_source=megaleiloes&utm_medium=link&utm_campaign=direitos-sobre-apartamento-34-m2-prox-a-praia-do-itarare-itarare-sao-vicente-sp-j126210&utm_term=J126210&utm_content=link,https://cdn1.megaleiloes.com.br/batches/126210/0dc625d005cd469d6c02469742d575dc_320x240.jpg,J126210,Aberto para lances,2026-07-30T08:58:37.781220,0.0
Box de Garagem 15 m² (Unid. 9-B-1 - Edifício Garagem Automática República) - Centro - São Paulo - SP,Imoveis,21315.93,10657.96,1ª Praça: 30/07/2026 11:00,SP,,Judicial,Mega Leiloes,https://www.megaleiloes.com.br/imoveis/vagas-de-garagem/sp/sao-paulo/box-de-garagem-15-m2-unid-9-b-1-edificio-garagem-automatica-republica-centro-sao-paulo-sp-j126135?utm_source=megaleiloes&utm_medium=link&utm_campaign=box-de-garagem-15-m2-unid-9-b-1-edificio-garagem-automatica-republica-centro-sao-paulo-sp-j126135&utm_term=J126135&utm_content=link,https://cdn1.megaleiloes.com.br/batches/126135/9b2a7d4db6be863d00e87fb73c6c32fe_320x240.jpg,J126135,Aberto para lances,2026-07-30T08:58:37.781220,0.0
"Parte Ideal (16,66%) da Nua Propriedade Sala Comercial 117 m² - Jardim Paulistano - São Paulo - SP",Imoveis,229552.47,137731.48,1ª Praça: 30/07/2026 11:30,SP,,Judicial,Mega Leiloes,https://www.megaleiloes.com.br/imoveis/imoveis-comerciais/sp/sao-paulo/parte-ideal-1666-da-nua-propriedade-sala-comercial-117-m2-jardim-paulistano-sao-paulo-sp-j126158?utm_source=megaleiloes&utm_medium=link&utm_campaign=parte-ideal-1666-da-nua-propriedade-sala-comercial-117-m2-jardim-paulistano-sao-paulo-sp-j126158&utm_term=J126158&utm_content=link,https://cdn1.megaleiloes.com.br/batches/126158/f311ed6558b5b56da4fcb1a9cb22f576_320x240.jpg,J126158,Aberto para lances,2026-07-30T08:58:37.781220,0.0
"Parte Ideal de 3,33% sobre Terreno 400 m² - Jardim Pérola - Birigui - SP",Imoveis,7821.53,4692.92,1ª Praça: 30/07/2026 11:30,SP,,Judicial,Mega Leiloes,https://www.megaleiloes.com.br/imoveis/terrenos-e-lotes/sp/birigui/parte-ideal-de-333-sobre-terreno-400-m2-jardim-perola-birigui-sp-j126161?utm_source=megaleiloes&utm_medium=link&utm_campaign=parte-ideal-de-333-sobre-terreno-400-m2-jardim-perola-birigui-sp-j126161&utm_term=J126161&utm_content=link,https://cdn1.megaleiloes.com.br/batches/126161/ca8f5bcebc34aaa57f284dd0c7aa5746_320x240.jpg,J126161,Aberto para lances,2026-07-30T08:58:37.781220,0.0
Terreno 250 m² - Jardim São Jorge - São Paulo - SP,Imoveis,303338.4,182003.04,1ª Praça: 30/07/2026 14:00,SP,,Judicial,Mega Leiloes,https://www.megaleiloes.com.br/imoveis/terrenos-e-lotes/sp/sao-paulo/terreno-250-m2-jardim-sao-jorge-sao-paulo-sp-j126153?utm_source=megaleiloes&utm_medium=link&utm_campaign=terreno-250-m2-jardim-sao-jorge-sao-paulo-sp-j126153&utm_term=J126153&utm_content=link,https://cdn1.megaleiloes.com.br/batches/126153/1764ec69dd1edaf2d2ea8be4d7b37f7c_320x240.jpg,J126153,Aberto para lances,2026-07-30T08:58:37.781220,0.0
Direitos sobre Apartamento no Litoral 88 m² (02 Vagas) - Boqueirão - Praia Grande - SP,Imoveis,704792.73,352396.37,1ª Praça: 30/07/2026 14:00,SP,,Judicial,Mega Leiloes,https://www.megaleiloes.com.br/imoveis/apartamentos/sp/praia-grande/direitos-sobre-apartamento-no-litoral-88-m2-02-vagas-boqueirao-praia-grande-sp-j126178?utm_source=megaleiloes&utm_medium=link&utm_campaign=direitos-sobre-apartamento-no-litoral-88-m2-02-vagas-boqueirao-praia-grande-sp-j126178&utm_term=J126178&utm_content=link,https://cdn1.megaleiloes.com.br/batches/126178/083c2d324d6869d69117bed842983bca_320x240.jpg,J126178,Aberto para lances,2026-07-30T08:58:37.781220,0.0
Casa 221 m² - Chácaras de Inoã - Maricá - RJ,Imoveis,301900.0,301900.0,Data: 30/07/2026 15:00,RJ,,Judicial,Mega Leiloes,https://www.megaleiloes.com.br/imoveis/casas/rj/marica/casa-221-m2-chacaras-de-inoa-marica-rj-x126276?utm_source=megaleiloes&utm_medium=link&utm_campaign=casa-221-m2-chacaras-de-inoa-marica-rj-x126276&utm_term=X126276&utm_content=link,https://cdn1.megaleiloes.com.br/batches/126276/90292377a714f4ab984739256c10ff9a_320x240.jpg,X126276,Aberto para lances,2026-07-30T08:58:37.781220,0.0
Casa 177 m² - Parque Peruche - São Paulo - SP,Imoveis,684200.0,684200.0,Data: 30/07/2026 15:00,SP,,Judicial,Mega Leiloes,https://www.megaleiloes.com.br/imoveis/casas/sp/sao-paulo/casa-177-m2-parque-peruche-sao-paulo-sp-x126278?utm_source=megaleiloes&utm_medium=link&utm_campaign=casa-177-m2-parque-peruche-sao-paulo-sp-x126278&utm_term=X126278&utm_content=link,https://cdn1.megaleiloes.com.br/batches/126278/d6072a3c531b4262374338f9f5e46824_320x240.jpg,X126278,Aberto para lances,2026-07-30T08:58:37.781220,0.0
Apartamento 49 m² (privativa + comum) com 01 vaga - Todos os Santos - Rio de Janeiro - RJ,Imoveis,251400.0,251400.0,Data: 30/07/2026 15:00,RJ,,Judicial,Mega Leiloes,https://www.megaleiloes.com.br/imoveis/apartamentos/rj/rio-de-janeiro/apartamento-49-m2-privativa--comum-com-01-vaga-todos-os-santos-rio-de-janeiro-rj-x126279?utm_source=megaleiloes&utm_medium=link&utm_campaign=apartamento-49-m2-privativa--comum-com-01-vaga-todos-os-santos-rio-de-janeiro-rj-x126279&utm_term=X126279&utm_content=link,https://cdn1.megaleiloes.com.br/batches/126279/ad02ecbf5b892e0dcaccdb95cf1914cd_320x240.jpg,X126279,Aberto para lances,2026-07-30T08:58:37.781220,0.0
Casa em Condomínio 92 m² - Nossa Senhora de Lourdes - Xanxerê - SC,Imoveis,221400.0,221400.0,Data: 30/07/2026 15:00,SC,,Judicial,Mega Leiloes,https://www.megaleiloes.com.br/imoveis/casas/sc/xanxere/casa-em-condominio-92-m2-nossa-senhora-de-lourdes-xanxere-sc-x126281?utm_source=megaleiloes&utm_medium=link&utm_campaign=casa-em-condominio-92-m2-nossa-senhora-de-lourdes-xanxere-sc-x126281&utm_term=X126281&utm_content=link,https://cdn1.megaleiloes.com.br/batches/126281/2293d829092bc2eaf0d7b21a909fd504_320x240.jpg,X126281,Aberto para lances,2026-07-30T08:58:37.781220,0.0
Casa em Condomínio 252 m² - Jardim Parque Avenida - Limeira - SP,Imoveis,882000.0,882000.0,Data: 30/07/2026 15:00,SP,,Judicial,Mega Leiloes,https://www.megaleiloes.com.br/imoveis/casas/sp/limeira/casa-em-condominio-252-m2-jardim-parque-avenida-limeira-sp-x126283?utm_source=megaleiloes&utm_medium=link&utm_campaign=casa-em-condominio-252-m2-jardim-parque-avenida-limeira-sp-x126283&utm_term=X126283&utm_content=link,https://cdn1.megaleiloes.com.br/batches/126283/13467398e293db8b7af49d5bbbe19344_320x240.jpg,X126283,Aberto para lances,2026-07-30T08:58:37.781220,0.0
Apartamento 65 m² (privativa + comum) - Jardim América - Rio de Janeiro - RJ,Imoveis,152600.0,152600.0,Data: 30/07/2026 15:00,RJ,,Judicial,Mega Leiloes,https://www.megaleiloes.com.br/imoveis/apartamentos/rj/rio-de-janeiro/apartamento-65-m2-privativa--comum-jardim-america-rio-de-janeiro-rj-x126284?utm_source=megaleiloes&utm_medium=link&utm_campaign=apartamento-65-m2-privativa--comum-jardim-america-rio-de-janeiro-rj-x126284&utm_term=X126284&utm_content=link,https://cdn1.megaleiloes.com.br/batches/126284/b841e90e57ff22ce16d4a2ede25ebfde_320x240.jpg,X126284,Aberto para lances,2026-07-30T08:58:37.781220,0.0
Casa 199 m² - Jardim de Alah - Açailândia - MA,Imoveis,167900.0,167900.0,Data: 30/07/2026 15:00,MA,,Judicial,Mega Leiloes,https://www.megaleiloes.com.br/imoveis/casas/ma/acailandia/casa-199-m2-jardim-de-alah-acailandia-ma-x126285?utm_source=megaleiloes&utm_medium=link&utm_campaign=casa-199-m2-jardim-de-alah-acailandia-ma-x126285&utm_term=X126285&utm_content=link,https://cdn1.megaleiloes.com.br/batches/126285/fdfc1fe3afcbaf60a6861bb7ec2f0311_320x240.jpg,X126285,Aberto para lances,2026-07-30T08:58:37.781220,0.0
Casa em Condomínio 233 m² (privativa + comum) com 01 vaga - Pechincha - Rio de Janeiro - RJ,Imoveis,638000.0,638000.0,Data: 30/07/2026 15:00,RJ,,Judicial,Mega Leiloes,https://www.megaleiloes.com.br/imoveis/casas/rj/rio-de-janeiro/casa-em-condominio-233-m2-privativa--comum-com-01-vaga-pechincha-rio-de-janeiro-rj-x126286?utm_source=megaleiloes&utm_medium=link&utm_campaign=casa-em-condominio-233-m2-privativa--comum-com-01-vaga-pechincha-rio-de-janeiro-rj-x126286&utm_term=X126286&utm_content=link,https://cdn1.megaleiloes.com.br/batches/126286/97bc0a67a8fabfb21aa3cde84796f789_320x240.jpg,X126286,Aberto para lances,2026-07-30T08:58:37.781220,0.0
Loja 209 m² (no Edifício Céu Empresarial) - Estreito - Florianópolis - SC,Imoveis,1019700.0,1019700.0,Data: 30/07/2026 15:00,SC,,Judicial,Mega Leiloes,https://www.megaleiloes.com.br/imoveis/imoveis-comerciais/sc/florianopolis/loja-209-m2-no-edificio-ceu-empresarial-estreito-florianopolis-sc-x126291?utm_source=megaleiloes&utm_medium=link&utm_campaign=loja-209-m2-no-edificio-ceu-empresarial-estreito-florianopolis-sc-x126291&utm_term=X126291&utm_content=link,https://cdn1.megaleiloes.com.br/batches/126291/c580c8f4eed3cc29f15156cc650d4bda_320x240.jpg,X126291,Aberto para lances,2026-07-30T08:58:37.781220,0.0
Casa em Condomínio 321 m² - Serra do Lago - Cajamar - SP,Imoveis,1012600.0,1012600.0,Data: 30/07/2026 15:00,SP,,Judicial,Mega Leiloes,https://www.megaleiloes.com.br/imoveis/casas/sp/cajamar/casa-em-condominio-321-m2-serra-do-lago-cajamar-sp-x126292?utm_source=megaleiloes&utm_medium=link&utm_campaign=casa-em-condominio-321-m2-serra-do-lago-cajamar-sp-x126292&utm_term=X126292&utm_content=link,https://cdn1.megaleiloes.com.br/batches/126292/3a2cbb51c87d139e95af59a3290db45e_320x240.jpg,X126292,Aberto para lances,2026-07-30T08:58:37.781220,0.0
Casa 157 m² - Chácara San Martin I - Itatiba - SP,Imoveis,192800.0,192800.0,Data: 30/07/2026 15:00,SP,,Judicial,Mega Leiloes,https://www.megaleiloes.com.br/imoveis/casas/sp/itatiba/casa-157-m2-chacara-san-martin-i-itatiba-sp-x126294?utm_source=megaleiloes&utm_medium=link&utm_campaign=casa-157-m2-chacara-san-martin-i-itatiba-sp-x126294&utm_term=X126294&utm_content=link,https://cdn1.megaleiloes.com.br/batches/126294/166bb08367a40a27f06500fe3b320735_320x240.jpg,X126294,Aberto para lances,2026-07-30T08:58:37.781220,0.0
Apartamento 78 m² - Centro Histórico - Porto Alegre - RS,Imoveis,147500.0,147500.0,Data: 30/07/2026 15:00,RS,,Judicial,Mega Leiloes,https://www.megaleiloes.com.br/imoveis/apartamentos/rs/porto-alegre/apartamento-78-m2-centro-historico-porto-alegre-rs-x126295?utm_source=megaleiloes&utm_medium=link&utm_campaign=apartamento-78-m2-centro-historico-porto-alegre-rs-x126295&utm_term=X126295&utm_content=link,https://cdn1.megaleiloes.com.br/batches/126295/c19f09e6bdae599ffb0f73fc9aa48913_320x240.jpg,X126295,Aberto para lances,2026-07-30T08:58:37.781220,0.0
Casa em Terreno de 382 m² - Caminho Novo - Palhoça - SC,Imoveis,667500.0,667500.0,Data: 30/07/2026 15:00,SC,,Judicial,Mega Leiloes,https://www.megaleiloes.com.br/imoveis/casas/sc/palhoca/casa-em-terreno-de-382-m2-caminho-novo-palhoca-sc-x126296?utm_source=megaleiloes&utm_medium=link&utm_campaign=casa-em-terreno-de-382-m2-caminho-novo-palhoca-sc-x126296&utm_term=X126296&utm_content=link,https://cdn1.megaleiloes.com.br/batches/126296/87637bcbfdef5c0d5ba1d6e06e627240_320x240.jpg,X126296,Aberto para lances,2026-07-30T08:58:37.781220,0.0
Casa 60 m² - Itoupava - Rio do Sul - SC,Imoveis,164100.0,164100.0,Data: 30/07/2026 15:00,SC,,Judicial,Mega Leiloes,https://www.megaleiloes.com.br/imoveis/casas/sc/rio-do-sul/casa-60-m2-itoupava-rio-do-sul-sc-x126297?utm_source=megaleiloes&utm_medium=link&utm_campaign=casa-60-m2-itoupava-rio-do-sul-sc-x126297&utm_term=X126297&utm_content=link,https://cdn1.megaleiloes.com.br/batches/126297/2d1e23c7076afb09f92b8c3c50215266_320x240.jpg,X126297,Aberto para lances,2026-07-30T08:58:37.781220,0.0
Casa 67 m² - Vila Eurico Gaspar - Bauru - SP,Imoveis,105700.0,105700.0,Data: 30/07/2026 15:00,SP,,Judicial,Mega Leiloes,https://www.megaleiloes.com.br/imoveis/casas/sp/bauru/casa-67-m2-vila-eurico-gaspar-bauru-sp-x126298?utm_source=megaleiloes&utm_medium=link&utm_campaign=casa-67-m2-vila-eurico-gaspar-bauru-sp-x126298&utm_term=X126298&utm_content=link,https://cdn1.megaleiloes.com.br/batches/126298/37695143ca76b3ef28329eaef52e7416_320x240.jpg,X126298,Aberto para lances,2026-07-30T08:58:37.781220,0.0
Apartamento 43 m² (01 vaga) - Jaraguá - São Paulo - SP,Imoveis,170800.0,170800.0,Data: 30/07/2026 15:00,SP,,Judicial,Mega Leiloes,https://www.megaleiloes.com.br/imoveis/apartamentos/sp/sao-paulo/apartamento-43-m2-01-vaga-jaragua-sao-paulo-sp-x126299?utm_source=megaleiloes&utm_medium=link&utm_campaign=apartamento-43-m2-01-vaga-jaragua-sao-paulo-sp-x126299&utm_term=X126299&utm_content=link,https://cdn1.megaleiloes.com.br/batches/126299/1deb2d4bf567dc8f9517dd512ba8b01b_320x240.jpg,X126299,Aberto para lances,2026-07-30T08:58:37.781220,0.0
Casa 57 m² - Parque da Lagoa - Ouro Preto - MG,Imoveis,131200.0,131200.0,Data: 30/07/2026 15:00,MG,,Judicial,Mega Leiloes,https://www.megaleiloes.com.br/imoveis/casas/mg/ouro-preto/casa-57-m2-parque-da-lagoa-ouro-preto-mg-x126303?utm_source=megaleiloes&utm_medium=link&utm_campaign=casa-57-m2-parque-da-lagoa-ouro-preto-mg-x126303&utm_term=X126303&utm_content=link,https://cdn1.megaleiloes.com.br/batches/126303/1e199545c713cc58a0d005bb22f9dee3_320x240.jpg,X126303,Aberto para lances,2026-07-30T08:58:37.781220,0.0
Apartamento 53 m² - Boca do Rio - Salvador - BA,Imoveis,135200.0,135200.0,Data: 30/07/2026 15:00,BA,,Judicial,Mega Leiloes,https://www.megaleiloes.com.br/imoveis/apartamentos/ba/salvador/apartamento-53-m2-boca-do-rio-salvador-ba-x126306?utm_source=megaleiloes&utm_medium=link&utm_campaign=apartamento-53-m2-boca-do-rio-salvador-ba-x126306&utm_term=X126306&utm_content=link,https://cdn1.megaleiloes.com.br/batches/126306/873a184503a8d52a09da0d8dc21f2c5d_320x240.jpg,X126306,Aberto para lances,2026-07-30T08:58:37.781220,0.0
Casa 336 m² - Jardim Guanabara - Serra - ES,Imoveis,242800.0,242800.0,Data: 30/07/2026 15:00,ES,,Judicial,Mega Leiloes,https://www.megaleiloes.com.br/imoveis/casas/es/serra/casa-336-m2-jardim-guanabara-serra-es-x126308?utm_source=megaleiloes&utm_medium=link&utm_campaign=casa-336-m2-jardim-guanabara-serra-es-x126308&utm_term=X126308&utm_content=link,https://cdn1.megaleiloes.com.br/batches/126308/4ab145610ee4d8369cd130eb97d53fa9_320x240.jpg,X126308,Aberto para lances,2026-07-30T08:58:37.781220,0.0
Casa 62 m² - Novo Maranguape II - Maranguape - CE,Imoveis,70000.0,70000.0,Data: 30/07/2026 15:00,CE,,Judicial,Mega Leiloes,https://www.megaleiloes.com.br/imoveis/casas/ce/maranguape/casa-62-m2-novo-maranguape-ii-maranguape-ce-x126310?utm_source=megaleiloes&utm_medium=link&utm_campaign=casa-62-m2-novo-maranguape-ii-maranguape-ce-x126310&utm_term=X126310&utm_content=link,https://cdn1.megaleiloes.com.br/batches/126310/6818d3a27b826082276dd352a64f4868_320x240.jpg,X126310,Aberto para lances,2026-07-30T08:58:37.781220,0.0
Apartamento 59 m² (01 vaga) - Santo Amaro - São Paulo - SP,Imoveis,362100.0,362100.0,Data: 30/07/2026 15:00,SP,,Judicial,Mega Leiloes,https://www.megaleiloes.com.br/imoveis/apartamentos/sp/sao-paulo/apartamento-59-m2-01-vaga-santo-amaro-sao-paulo-sp-x126311?utm_source=megaleiloes&utm_medium=link&utm_campaign=apartamento-59-m2-01-vaga-santo-amaro-sao-paulo-sp-x126311&utm_term=X126311&utm_content=link,https://cdn1.megaleiloes.com.br/batches/126311/a8c2c2c761a3dfa29db001aface665d4_320x240.jpg,X126311,Aberto para lances,2026-07-30T08:58:37.781220,0.0
Casa 58 m² - Vila Minuano - Viamão - RS,Imoveis,112100.0,112100.0,Data: 30/07/2026 15:00,RS,,Judicial,Mega Leiloes,https://www.megaleiloes.com.br/imoveis/casas/rs/viamao/casa-58-m2-vila-minuano-viamao-rs-x126312?utm_source=megaleiloes&utm_medium=link&utm_campaign=casa-58-m2-vila-minuano-viamao-rs-x126312&utm_term=X126312&utm_content=link,https://cdn1.megaleiloes.com.br/batches/126312/7dc7c50aad3d3dcdfddb95c72ac5eb10_320x240.jpg,X126312,Aberto para lances,2026-07-30T08:58:37.781220,0.0
Casa em Condomínio 100 m² - Jardim Paulista - Campina Grande do Sul - PR,Imoveis,198100.0,198100.0,Data: 30/07/2026 15:00,PR,,Judicial,Mega Leiloes,https://www.megaleiloes.com.br/imoveis/casas/pr/campina-grande-do-sul/casa-em-condominio-100-m2-jardim-paulista-campina-grande-do-sul-pr-x126313?utm_source=megaleiloes&utm_medium=link&utm_campaign=casa-em-condominio-100-m2-jardim-paulista-campina-grande-do-sul-pr-x126313&utm_term=X126313&utm_content=link,https://cdn1.megaleiloes.com.br/batches/126313/1b743506941c233ada9a312d7b0af8ce_320x240.jpg,X126313,Aberto para lances,2026-07-30T08:58:37.781220,0.0
Apartamento 61 m² (privativa + comum) com 01 vaga - Tijuca - Rio de Janeiro - RJ,Imoveis,292400.0,292400.0,Data: 30/07/2026 15:00,RJ,,Judicial,Mega Leiloes,https://www.megaleiloes.com.br/imoveis/apartamentos/rj/rio-de-janeiro/apartamento-61-m2-privativa--comum-com-01-vaga-tijuca-rio-de-janeiro-rj-x126316?utm_source=megaleiloes&utm_medium=link&utm_campaign=apartamento-61-m2-privativa--comum-com-01-vaga-tijuca-rio-de-janeiro-rj-x126316&utm_term=X126316&utm_content=link,https://cdn1.megaleiloes.com.br/batches/126316/de651f611e2f0629f6640fbb4cf32f18_320x240.jpg,X126316,Aberto para lances,2026-07-30T08:58:37.781220,0.0
Apartamento 50 m² (01 vaga) - Vila Barão do Cahy - Porto Alegre - RS,Imoveis,154100.0,154100.0,Data: 30/07/2026 15:00,RS,,Judicial,Mega Leiloes,https://www.megaleiloes.com.br/imoveis/apartamentos/rs/porto-alegre/apartamento-50-m2-01-vaga-vila-barao-do-cahy-porto-alegre-rs-x126319?utm_source=megaleiloes&utm_medium=link&utm_campaign=apartamento-50-m2-01-vaga-vila-barao-do-cahy-porto-alegre-rs-x126319&utm_term=X126319&utm_content=link,https://cdn1.megaleiloes.com.br/batches/126319/9d1906a428d97c692305e09e573303d6_320x240.jpg,X126319,Aberto para lances,2026-07-30T08:58:37.781220,0.0
Casa 61 m² - Santa Isabel - Viamão - RS,Imoveis,152200.0,152200.0,Data: 30/07/2026 15:00,RS,,Judicial,Mega Leiloes,https://www.megaleiloes.com.br/imoveis/casas/rs/viamao/casa-61-m2-santa-isabel-viamao-rs-x126320?utm_source=megaleiloes&utm_medium=link&utm_campaign=casa-61-m2-santa-isabel-viamao-rs-x126320&utm_term=X126320&utm_content=link,https://cdn1.megaleiloes.com.br/batches/126320/ab97f1c17bd7d073ec5b187a0661f833_320x240.jpg,X126320,Aberto para lances,2026-07-30T08:58:37.781220,0.0
Apartamento 63 m² (01 vaga) - Boa Vista - Porto Alegre - RS,Imoveis,292400.0,292400.0,Data: 30/07/2026 15:00,RS,,Judicial,Mega Leiloes,https://www.megaleiloes.com.br/imoveis/apartamentos/rs/porto-alegre/apartamento-63-m2-01-vaga-boa-vista-porto-alegre-rs-x126322?utm_source=megaleiloes&utm_medium=link&utm_campaign=apartamento-63-m2-01-vaga-boa-vista-porto-alegre-rs-x126322&utm_term=X126322&utm_content=link,https://cdn1.megaleiloes.com.br/batches/126322/9a371693ed4a6d30878a21d8c3244a3e_320x240.jpg,X126322,Aberto para lances,2026-07-30T08:58:37.781220,0.0
Casa 75 m² - Vila Sarita - Praia Grande - SP,Imoveis,272000.0,272000.0,Data: 30/07/2026 15:00,SP,,Judicial,Mega Leiloes,https://www.megaleiloes.com.br/imoveis/casas/sp/praia-grande/casa-75-m2-vila-sarita-praia-grande-sp-x126323?utm_source=megaleiloes&utm_medium=link&utm_campaign=casa-75-m2-vila-sarita-praia-grande-sp-x126323&utm_term=X126323&utm_content=link,https://cdn1.megaleiloes.com.br/batches/126323/e92fff4adacd3d5cd227230992968bf4_320x240.jpg,X126323,Aberto para lances,2026-07-30T08:58:37.781220,0.0
Apartamento 55 m² (01 vaga) - Jardim São Miguel - Ferraz de Vasconcelos - SP,Imoveis,152000.0,152000.0,Data: 30/07/2026 15:00,SP,,Judicial,Mega Leiloes,https://www.megaleiloes.com.br/imoveis/apartamentos/sp/ferraz-de-vasconcelos/apartamento-55-m2-01-vaga-jardim-sao-miguel-ferraz-de-vasconcelos-sp-x126324?utm_source=megaleiloes&utm_medium=link&utm_campaign=apartamento-55-m2-01-vaga-jardim-sao-miguel-ferraz-de-vasconcelos-sp-x126324&utm_term=X126324&utm_content=link,https://cdn1.megaleiloes.com.br/batches/126324/aca14aa3fe3b38925de03b2e55736e4c_320x240.jpg,X126324,Aberto para lances,2026-07-30T08:58:37.781220,0.0
Terreno 181 m² - Indianápolis - São Paulo - SP,Imoveis,584700.0,584700.0,Data: 30/07/2026 15:00,SP,,Judicial,Mega Leiloes,https://www.megaleiloes.com.br/imoveis/terrenos-e-lotes/sp/sao-paulo/terreno-181-m2-indianapolis-sao-paulo-sp-x126326?utm_source=megaleiloes&utm_medium=link&utm_campaign=terreno-181-m2-indianapolis-sao-paulo-sp-x126326&utm_term=X126326&utm_content=link,https://cdn1.megaleiloes.com.br/batches/126326/6cb9658bade91e7a71d0fa5c090caba0_320x240.jpg,X126326,Aberto para lances,2026-07-30T08:58:37.781220,0.0
Casa 70 m² - Parque São Vicente - São Vicente - SP,Imoveis,94400.0,94400.0,Data: 30/07/2026 15:00,SP,,Judicial,Mega Leiloes,https://www.megaleiloes.com.br/imoveis/casas/sp/sao-vicente/casa-70-m2-parque-sao-vicente-sao-vicente-sp-x126327?utm_source=megaleiloes&utm_medium=link&utm_campaign=casa-70-m2-parque-sao-vicente-sao-vicente-sp-x126327&utm_term=X126327&utm_content=link,https://cdn1.megaleiloes.com.br/batches/126327/44534da11ccce7a4e3c7d9809071a1f6_320x240.jpg,X126327,Aberto para lances,2026-07-30T08:58:37.781220,0.0
Apartamento 169 m² (privativa + comum) com 02 vagas - Freguesia de Jacarepaguá - Rio de Janeiro - RJ,Imoveis,623400.0,623400.0,Data: 30/07/2026 15:00,RJ,,Judicial,Mega Leiloes,https://www.megaleiloes.com.br/imoveis/apartamentos/rj/rio-de-janeiro/apartamento-169-m2-privativa--comum-com-02-vagas-freguesia-de-jacarepagua-rio-de-janeiro-rj-x126329?utm_source=megaleiloes&utm_medium=link&utm_campaign=apartamento-169-m2-privativa--comum-com-02-vagas-freguesia-de-jacarepagua-rio-de-janeiro-rj-x126329&utm_term=X126329&utm_content=link,https://cdn1.megaleiloes.com.br/batches/126329/c90c93fcc34cb52aa10d2b89f8fff9a9_320x240.jpg,X126329,Aberto para lances,2026-07-30T08:58:37.781220,0.0
Apartamento 227 m² (04 vagas) - Parque da Mooca - São Paulo - SP,Imoveis,1100600.0,1100600.0,Data: 30/07/2026 15:00,SP,,Judicial,Mega Leiloes,https://www.megaleiloes.com.br/imoveis/apartamentos/sp/sao-paulo/apartamento-227-m2-04-vagas-parque-da-mooca-sao-paulo-sp-x126330?utm_source=megaleiloes&utm_medium=link&utm_campaign=apartamento-227-m2-04-vagas-parque-da-mooca-sao-paulo-sp-x126330&utm_term=X126330&utm_content=link,https://cdn1.megaleiloes.com.br/batches/126330/58b20c6177096a90882d4ac7e9f589d1_320x240.jpg,X126330,Aberto para lances,2026-07-30T08:58:37.781220,0.0
Casa 191 m² - Poção - Cuiabá - MT,Imoveis,194600.0,194600.0,Data: 30/07/2026 15:00,MT,,Judicial,Mega Leiloes,https://www.megaleiloes.com.br/imoveis/casas/mt/cuiaba/casa-191-m2-pocao-cuiaba-mt-x126331?utm_source=megaleiloes&utm_medium=link&utm_campaign=casa-191-m2-pocao-cuiaba-mt-x126331&utm_term=X126331&utm_content=link,https://cdn1.megaleiloes.com.br/batches/126331/072d1a934e9fd28be7b0ad0740bf2c0b_320x240.jpg,X126331,Aberto para lances,2026-07-30T08:58:37.781220,0.0
Casa em Condomínio 402 m² - Ramos - Rio de Janeiro - RJ,Imoveis,613100.0,613100.0,Data: 30/07/2026 15:00,RJ,,Judicial,Mega Leiloes,https://www.megaleiloes.com.br/imoveis/casas/rj/rio-de-janeiro/casa-em-condominio-402-m2-ramos-rio-de-janeiro-rj-x126333?utm_source=megaleiloes&utm_medium=link&utm_campaign=casa-em-condominio-402-m2-ramos-rio-de-janeiro-rj-x126333&utm_term=X126333&utm_content=link,https://cdn1.megaleiloes.com.br/batches/126333/43612079f1fa1eabf14c44681804db27_320x240.jpg,X126333,Aberto para lances,2026-07-30T08:58:37.781220,0.0
Casa em Condomínio 38 m² (Unid. 02) - Parque São Bento - Sorocaba - SP,Imoveis,103000.0,103000.0,Data: 30/07/2026 15:00,SP,,Judicial,Mega Leiloes,https://www.megaleiloes.com.br/imoveis/casas/sp/sorocaba/casa-em-condominio-38-m2-unid-02-parque-sao-bento-sorocaba-sp-x126335?utm_source=megaleiloes&utm_medium=link&utm_campaign=casa-em-condominio-38-m2-unid-02-parque-sao-bento-sorocaba-sp-x126335&utm_term=X126335&utm_content=link,https://cdn1.megaleiloes.com.br/batches/126335/d50e0c7e59e88617a701533fcfce16c3_320x240.jpg,X126335,Aberto para lances,2026-07-30T08:58:37.781220,0.0
Casa 102 m² - Esplanada - Caxias do Sul - RS,Imoveis,79600.0,79600.0,Data: 30/07/2026 15:00,RS,,Judicial,Mega Leiloes,https://www.megaleiloes.com.br/imoveis/casas/rs/caxias-do-sul/casa-102-m2-esplanada-caxias-do-sul-rs-x126336?utm_source=megaleiloes&utm_medium=link&utm_campaign=casa-102-m2-esplanada-caxias-do-sul-rs-x126336&utm_term=X126336&utm_content=link,https://cdn1.megaleiloes.com.br/batches/126336/2b684bddc16b32c6aa4a7ecfa8c018e2_320x240.jpg,X126336,Aberto para lances,2026-07-30T08:58:37.781220,0.0
Casa em Área de 2.175 m² - Da Ilha - Salto de Pirapora - SP,Imoveis,175600.0,175600.0,Data: 30/07/2026 15:00,SP,,Judicial,Mega Leiloes,https://www.megaleiloes.com.br/imoveis/casas/sp/salto-de-pirapora/casa-em-area-de-2175-m2-da-ilha-salto-de-pirapora-sp-x126337?utm_source=megaleiloes&utm_medium=link&utm_campaign=casa-em-area-de-2175-m2-da-ilha-salto-de-pirapora-sp-x126337&utm_term=X126337&utm_content=link,https://cdn1.megaleiloes.com.br/batches/126337/cb414ae3a53fa88c2fc9ee78f59e8bdc_320x240.jpg,X126337,Aberto para lances,2026-07-30T08:58:37.781220,0.0
09 Terrenos no Loteamento Araruna II - Timbaúba - PE,Imoveis,249900.0,249900.0,Data: 30/07/2026 15:00,PE,,Judicial,Mega Leiloes,https://www.megaleiloes.com.br/imoveis/terrenos-e-lotes/pe/timbauba/09-terrenos-no-loteamento-araruna-ii-timbauba-pe-x126338?utm_source=megaleiloes&utm_medium=link&utm_campaign=09-terrenos-no-loteamento-araruna-ii-timbauba-pe-x126338&utm_term=X126338&utm_content=link,https://cdn1.megaleiloes.com.br/batches/126338/3aa1e8cea695e9ceb402053d9def40ea_320x240.jpg,X126338,Aberto para lances,2026-07-30T08:58:37.781220,0.0
Casa 82 m² - Loteamento Brasilinha Sudoeste - Planaltina - GO,Imoveis,72500.0,72500.0,Data: 30/07/2026 15:00,GO,,Judicial,Mega Leiloes,https://www.megaleiloes.com.br/imoveis/casas/go/planaltina/casa-82-m2-loteamento-brasilinha-sudoeste-planaltina-go-x126339?utm_source=megaleiloes&utm_medium=link&utm_campaign=casa-82-m2-loteamento-brasilinha-sudoeste-planaltina-go-x126339&utm_term=X126339&utm_content=link,https://cdn1.megaleiloes.com.br/batches/126339/d01361561eb6e58c20822d6cbb48162b_320x240.jpg,X126339,Aberto para lances,2026-07-30T08:58:37.781220,0.0
Casa 93 m² - São Bernardo - São Luís - MA,Imoveis,96400.0,96400.0,Data: 30/07/2026 15:00,MA,,Judicial,Mega Leiloes,https://www.megaleiloes.com.br/imoveis/casas/ma/sao-luis/casa-93-m2-sao-bernardo-sao-luis-ma-x126340?utm_source=megaleiloes&utm_medium=link&utm_campaign=casa-93-m2-sao-bernardo-sao-luis-ma-x126340&utm_term=X126340&utm_content=link,https://cdn1.megaleiloes.com.br/batches/126340/4b20d0223dc32f8047cf494aad17d2b6_320x240.jpg,X126340,Aberto para lances,2026-07-30T08:58:37.781220,0.0
Casa 181 m² - Cidade dos Pirineus - Cocalzinho de Goiás - GO,Imoveis,184700.0,184700.0,Data: 30/07/2026 15:00,GO,,Judicial,Mega Leiloes,https://www.megaleiloes.com.br/imoveis/casas/go/cocalzinho-de-goias/casa-181-m2-cidade-dos-pirineus-cocalzinho-de-goias-go-x126341?utm_source=megaleiloes&utm_medium=link&utm_campaign=casa-181-m2-cidade-dos-pirineus-cocalzinho-de-goias-go-x126341&utm_term=X126341&utm_content=link,https://cdn1.megaleiloes.com.br/batches/126341/053fbb189114665bd34e472856d7c370_320x240.jpg,X126341,Aberto para lances,2026-07-30T08:58:37.781220,0.0
Casa 74 m² - Vila Suarão - Itanhaém - SP,Imoveis,211000.0,211000.0,Data: 30/07/2026 15:00,SP,,Judicial,Mega Leiloes,https://www.megaleiloes.com.br/imoveis/casas/sp/itanhaem/casa-74-m2-vila-suarao-itanhaem-sp-x126342?utm_source=megaleiloes&utm_medium=link&utm_campaign=casa-74-m2-vila-suarao-itanhaem-sp-x126342&utm_term=X126342&utm_content=link,https://cdn1.megaleiloes.com.br/batches/126342/973e378330fba73e2d1730ae490d367f_320x240.jpg,X126342,Aberto para lances,2026-07-30T08:58:37.781220,0.0
Casa 39 m² - Santa Luzia - Bagé - RS,Imoveis,129300.0,129300.0,Data: 30/07/2026 15:00,RS,,Judicial,Mega Leiloes,https://www.megaleiloes.com.br/imoveis/casas/rs/bage/casa-39-m2-santa-luzia-bage-rs-x126344?utm_source=megaleiloes&utm_medium=link&utm_campaign=casa-39-m2-santa-luzia-bage-rs-x126344&utm_term=X126344&utm_content=link,https://cdn1.megaleiloes.com.br/batches/126344/5607af4c7b09f34da671d89e08777f3e_320x240.jpg,X126344,Aberto para lances,2026-07-30T08:58:37.781220,0.0
Apartamento 240 m² (03 vagas) - Jardim América - Bauru - SP,Imoveis,604800.0,604800.0,Data: 30/07/2026 15:00,SP,,Judicial,Mega Leiloes,https://www.megaleiloes.com.br/imoveis/apartamentos/sp/bauru/apartamento-240-m2-03-vagas-jardim-america-bauru-sp-x126345?utm_source=megaleiloes&utm_medium=link&utm_campaign=apartamento-240-m2-03-vagas-jardim-america-bauru-sp-x126345&utm_term=X126345&utm_content=link,https://cdn1.megaleiloes.com.br/batches/126345/a832a0f057768e8b688018c6f2244796_320x240.jpg,X126345,Aberto para lances,2026-07-30T08:58:37.781220,0.0
Apartamento 51 m² (privativa + comum) - Comendador Soares - Nova Iguaçu - RJ,Imoveis,146000.0,146000.0,Data: 30/07/2026 15:00,RJ,,Judicial,Mega Leiloes,https://www.megaleiloes.com.br/imoveis/apartamentos/rj/nova-iguacu/apartamento-51-m2-privativa--comum-comendador-soares-nova-iguacu-rj-x126346?utm_source=megaleiloes&utm_medium=link&utm_campaign=apartamento-51-m2-privativa--comum-comendador-soares-nova-iguacu-rj-x126346&utm_term=X126346&utm_content=link,https://cdn1.megaleiloes.com.br/batches/126346/36f915137349919dad2bdebe09b3d220_320x240.jpg,X126346,Aberto para lances,2026-07-30T08:58:37.781220,0.0
Chácara 833 m² em Terreno de 1.579 m² - Chácara Nova Suzano - Suzano - SP,Imoveis,1854800.0,1854800.0,Data: 30/07/2026 15:00,SP,,Judicial,Mega Leiloes,https://www.megaleiloes.com.br/imoveis/terrenos-e-lotes/sp/suzano/chacara-833-m2-em-terreno-de-1579-m2-chacara-nova-suzano-suzano-sp-x126347?utm_source=megaleiloes&utm_medium=link&utm_campaign=chacara-833-m2-em-terreno-de-1579-m2-chacara-nova-suzano-suzano-sp-x126347&utm_term=X126347&utm_content=link,https://cdn1.megaleiloes.com.br/batches/126347/24e9e784a090793560cee2c73c537a20_320x240.jpg,X126347,Aberto para lances,2026-07-30T08:58:37.781220,0.0
Apartamento 98 m² (Unid. 208) - Centro - Rio Grande - RS,Imoveis,161900.0,161900.0,Data: 30/07/2026 15:00,RS,,Judicial,Mega Leiloes,https://www.megaleiloes.com.br/imoveis/apartamentos/rs/rio-grande/apartamento-98-m2-unid-208-centro-rio-grande-rs-x126348?utm_source=megaleiloes&utm_medium=link&utm_campaign=apartamento-98-m2-unid-208-centro-rio-grande-rs-x126348&utm_term=X126348&utm_content=link,https://cdn1.megaleiloes.com.br/batches/126348/9dcd4b0baccdf2f4e06330ce435f3e20_320x240.jpg,X126348,Aberto para lances,2026-07-30T08:58:37.781220,0.0
Casa 192 m² - Pouso Alegre - Paraíso do Tocantins - TO,Imoveis,242200.0,242200.0,Data: 30/07/2026 15:00,TO,,Judicial,Mega Leiloes,https://www.megaleiloes.com.br/imoveis/casas/to/paraiso-do-tocantins/casa-192-m2-pouso-alegre-paraiso-do-tocantins-to-x126349?utm_source=megaleiloes&utm_medium=link&utm_campaign=casa-192-m2-pouso-alegre-paraiso-do-tocantins-to-x126349&utm_term=X126349&utm_content=link,https://cdn1.megaleiloes.com.br/batches/126349/0792f472bcc16a65fbd85c4bc7361106_320x240.jpg,X126349,Aberto para lances,2026-07-30T08:58:37.781220,0.0
Imóvel Comercial 334 m² - Atalaia - Ananindeua - PA,Imoveis,354400.0,354400.0,Data: 30/07/2026 15:00,PA,,Judicial,Mega Leiloes,https://www.megaleiloes.com.br/imoveis/imoveis-comerciais/pa/ananindeua/imovel-comercial-334-m2-atalaia-ananindeua-pa-x126351?utm_source=megaleiloes&utm_medium=link&utm_campaign=imovel-comercial-334-m2-atalaia-ananindeua-pa-x126351&utm_term=X126351&utm_content=link,https://cdn1.megaleiloes.com.br/batches/126351/255947f3c53eb57d7e207adcba6e390e_320x240.jpg,X126351,Aberto para lances,2026-07-30T08:58:37.781220,0.0
Casa 167 m² - Setor Serrinha - Caldas Novas - GO,Imoveis,140700.0,140700.0,Data: 30/07/2026 15:00,GO,,Judicial,Mega Leiloes,https://www.megaleiloes.com.br/imoveis/casas/go/caldas-novas/casa-167-m2-setor-serrinha-caldas-novas-go-x126352?utm_source=megaleiloes&utm_medium=link&utm_campaign=casa-167-m2-setor-serrinha-caldas-novas-go-x126352&utm_term=X126352&utm_content=link,https://cdn1.megaleiloes.com.br/batches/126352/e7b6f27a2e606035e5cfa1c87faa6827_320x240.jpg,X126352,Aberto para lances,2026-07-30T08:58:37.781220,0.0
Apartamento 75 m² (02 vagas) - Vila Andrade - São Paulo - SP,Imoveis,499900.0,499900.0,Data: 30/07/2026 15:00,SP,,Judicial,Mega Leiloes,https://www.megaleiloes.com.br/imoveis/apartamentos/sp/sao-paulo/apartamento-75-m2-02-vagas-vila-andrade-sao-paulo-sp-x126353?utm_source=megaleiloes&utm_medium=link&utm_campaign=apartamento-75-m2-02-vagas-vila-andrade-sao-paulo-sp-x126353&utm_term=X126353&utm_content=link,https://cdn1.megaleiloes.com.br/batches/126353/a6dcb66784f141d0a385c8d0a34146b4_320x240.jpg,X126353,Aberto para lances,2026-07-30T08:58:37.781220,0.0
Casa 67 m² - Pau Lavrado - São Vicente de Minas - MG,Imoveis,80100.0,80100.0,Data: 30/07/2026 15:00,MG,,Judicial,Mega Leiloes,https://www.megaleiloes.com.br/imoveis/casas/mg/sao-vicente-de-minas/casa-67-m2-pau-lavrado-sao-vicente-de-minas-mg-x126354?utm_source=megaleiloes&utm_medium=link&utm_campaign=casa-67-m2-pau-lavrado-sao-vicente-de-minas-mg-x126354&utm_term=X126354&utm_content=link,https://cdn1.megaleiloes.com.br/batches/126354/894696215810ee5b9a5f72bb755aa995_320x240.jpg,X126354,Aberto para lances,2026-07-30T08:58:37.781220,0.0
Apartamento 39 m² (02 vaga) - Jardim Laguna - Mirassol - SP,Imoveis,126800.0,126800.0,Data: 30/07/2026 15:00,SP,,Judicial,Mega Leiloes,https://www.megaleiloes.com.br/imoveis/apartamentos/sp/mirassol/apartamento-39-m2-02-vaga-jardim-laguna-mirassol-sp-x126355?utm_source=megaleiloes&utm_medium=link&utm_campaign=apartamento-39-m2-02-vaga-jardim-laguna-mirassol-sp-x126355&utm_term=X126355&utm_content=link,https://cdn1.megaleiloes.com.br/batches/126355/e1b1f541c7d3c2a48e49ccbfb4f59671_320x240.jpg,X126355,Aberto para lances,2026-07-30T08:58:37.781220,0.0
Casa 57 m² - Balneário de Quintão - Palmares do Sul - RS,Imoveis,130800.0,130800.0,Data: 30/07/2026 15:00,RS,,Judicial,Mega Leiloes,https://www.megaleiloes.com.br/imoveis/casas/rs/palmares-do-sul/casa-57-m2-balneario-de-quintao-palmares-do-sul-rs-x126360?utm_source=megaleiloes&utm_medium=link&utm_campaign=casa-57-m2-balneario-de-quintao-palmares-do-sul-rs-x126360&utm_term=X126360&utm_content=link,https://cdn1.megaleiloes.com.br/batches/126360/19aca9317bbe9f004c0495470f8b68cd_320x240.jpg,X126360,Aberto para lances,2026-07-30T08:58:37.781220,0.0
Apartamento 75 m² (privativa + comum) - Grajaú - Rio de Janeiro - RJ,Imoveis,269900.0,269900.0,Data: 30/07/2026 15:00,RJ,,Judicial,Mega Leiloes,https://www.megaleiloes.com.br/imoveis/apartamentos/rj/rio-de-janeiro/apartamento-75-m2-privativa--comum-grajau-rio-de-janeiro-rj-x126363?utm_source=megaleiloes&utm_medium=link&utm_campaign=apartamento-75-m2-privativa--comum-grajau-rio-de-janeiro-rj-x126363&utm_term=X126363&utm_content=link,https://cdn1.megaleiloes.com.br/batches/126363/2b22b6f258db74787a39341084ed12b8_320x240.jpg,X126363,Aberto para lances,2026-07-30T08:58:37.781220,0.0
Casa em Condomínio 52 m² - Banco de Areia - Mesquita - RJ,Imoveis,86600.0,86600.0,Data: 30/07/2026 15:00,RJ,,Judicial,Mega Leiloes,https://www.megaleiloes.com.br/imoveis/casas/rj/mesquita/casa-em-condominio-52-m2-banco-de-areia-mesquita-rj-x126366?utm_source=megaleiloes&utm_medium=link&utm_campaign=casa-em-condominio-52-m2-banco-de-areia-mesquita-rj-x126366&utm_term=X126366&utm_content=link,https://cdn1.megaleiloes.com.br/batches/126366/99f15649258283d8816e6ea87914f1f4_320x240.jpg,X126366,Aberto para lances,2026-07-30T08:58:37.781220,0.0
Casa 106 m² - Amparo - Nova Friburgo - RJ,Imoveis,207100.0,207100.0,Data: 30/07/2026 15:00,RJ,,Judicial,Mega Leiloes,https://www.megaleiloes.com.br/imoveis/casas/rj/nova-friburgo/casa-106-m2-amparo-nova-friburgo-rj-x126368?utm_source=megaleiloes&utm_medium=link&utm_campaign=casa-106-m2-amparo-nova-friburgo-rj-x126368&utm_term=X126368&utm_content=link,https://cdn1.megaleiloes.com.br/batches/126368/001d4bdeefc739f4dde1a1c4ea4ecc32_320x240.jpg,X126368,Aberto para lances,2026-07-30T08:58:37.781220,0.0
Casa 162 m² - Cidade Jardim - Uberlândia - MG,Imoveis,550900.0,550900.0,Data: 30/07/2026 15:00,MG,,Judicial,Mega Leiloes,https://www.megaleiloes.com.br/imoveis/casas/mg/uberlandia/casa-162-m2-cidade-jardim-uberlandia-mg-x126370?utm_source=megaleiloes&utm_medium=link&utm_campaign=casa-162-m2-cidade-jardim-uberlandia-mg-x126370&utm_term=X126370&utm_content=link,https://cdn1.megaleiloes.com.br/batches/126370/46392588f8464876c5e46d39af4b607b_320x240.jpg,X126370,Aberto para lances,2026-07-30T08:58:37.781220,0.0
Apartamento 45 m² (Unid. 02) - Varginha - Itajubá - MG,Imoveis,93500.0,93500.0,Data: 30/07/2026 15:00,MG,,Judicial,Mega Leiloes,https://www.megaleiloes.com.br/imoveis/apartamentos/mg/itajuba/apartamento-45-m2-unid-02-varginha-itajuba-mg-x126371?utm_source=megaleiloes&utm_medium=link&utm_campaign=apartamento-45-m2-unid-02-varginha-itajuba-mg-x126371&utm_term=X126371&utm_content=link,https://cdn1.megaleiloes.com.br/batches/126371/d6a086e664905bc431df3430001e4be4_320x240.jpg,X126371,Aberto para lances,2026-07-30T08:58:37.781220,0.0
Casa 71 m² - Terra Vermelha - Sorocaba - SP,Imoveis,452300.0,452300.0,Data: 30/07/2026 15:00,SP,,Judicial,Mega Leiloes,https://www.megaleiloes.com.br/imoveis/casas/sp/sorocaba/casa-71-m2-terra-vermelha-sorocaba-sp-x126372?utm_source=megaleiloes&utm_medium=link&utm_campaign=casa-71-m2-terra-vermelha-sorocaba-sp-x126372&utm_term=X126372&utm_content=link,https://cdn1.megaleiloes.com.br/batches/126372/17d18ae1bd95a7de0defb96d4c864c17_320x240.jpg,X126372,Aberto para lances,2026-07-30T08:58:37.781220,0.0
Apartamento 44 m² (01 vaga) - Parque das Cachoeiras - Valparaíso de Goiás - GO,Imoveis,99600.0,99600.0,Data: 30/07/2026 15:00,GO,,Judicial,Mega Leiloes,https://www.megaleiloes.com.br/imoveis/apartamentos/go/valparaiso-de-goias/apartamento-44-m2-01-vaga-parque-das-cachoeiras-valparaiso-de-goias-go-x126373?utm_source=megaleiloes&utm_medium=link&utm_campaign=apartamento-44-m2-01-vaga-parque-das-cachoeiras-valparaiso-de-goias-go-x126373&utm_term=X126373&utm_content=link,https://cdn1.megaleiloes.com.br/batches/126373/1e0cf171d61ef9346a1051f3271336ed_320x240.jpg,X126373,Aberto para lances,2026-07-30T08:58:37.781220,0.0
Apartamento 54 m² (01 vaga) - Jardim Brasilândia - Sorocaba - SP,Imoveis,179500.0,179500.0,Data: 30/07/2026 15:00,SP,,Judicial,Mega Leiloes,https://www.megaleiloes.com.br/imoveis/apartamentos/sp/sorocaba/apartamento-54-m2-01-vaga-jardim-brasilandia-sorocaba-sp-x126374?utm_source=megaleiloes&utm_medium=link&utm_campaign=apartamento-54-m2-01-vaga-jardim-brasilandia-sorocaba-sp-x126374&utm_term=X126374&utm_content=link,https://cdn1.megaleiloes.com.br/batches/126374/9256e387518ed13e8ed0ddabd6991a73_320x240.jpg,X126374,Aberto para lances,2026-07-30T08:58:37.781220,0.0
Apartamento 43 m² (01 vaga) - Centro - Serrana - SP,Imoveis,96500.0,96500.0,Data: 30/07/2026 15:00,SP,,Judicial,Mega Leiloes,https://www.megaleiloes.com.br/imoveis/apartamentos/sp/serrana/apartamento-43-m2-01-vaga-centro-serrana-sp-x126375?utm_source=megaleiloes&utm_medium=link&utm_campaign=apartamento-43-m2-01-vaga-centro-serrana-sp-x126375&utm_term=X126375&utm_content=link,https://cdn1.megaleiloes.com.br/batches/126375/41813cde0243c2937cd301d7fb5edef6_320x240.jpg,X126375,Aberto para lances,2026-07-30T08:58:37.781220,0.0
Casa em Condomínio 52 m² - Nossa Senhora do Sion - Itanhaém - SP,Imoveis,90500.0,90500.0,Data: 30/07/2026 15:00,SP,,Judicial,Mega Leiloes,https://www.megaleiloes.com.br/imoveis/casas/sp/itanhaem/casa-em-condominio-52-m2-nossa-senhora-do-sion-itanhaem-sp-x126376?utm_source=megaleiloes&utm_medium=link&utm_campaign=casa-em-condominio-52-m2-nossa-senhora-do-sion-itanhaem-sp-x126376&utm_term=X126376&utm_content=link,https://cdn1.megaleiloes.com.br/batches/126376/233c5c9c4c8db39e0adca599df1803e2_320x240.jpg,X126376,Aberto para lances,2026-07-30T08:58:37.781220,0.0
Apartamento 99 m² (privativa + comum) - Jacarepaguá - Rio de Janeiro - RJ,Imoveis,309600.0,309600.0,Data: 30/07/2026 15:00,RJ,,Judicial,Mega Leiloes,https://www.megaleiloes.com.br/imoveis/apartamentos/rj/rio-de-janeiro/apartamento-99-m2-privativa--comum-jacarepagua-rio-de-janeiro-rj-x126378?utm_source=megaleiloes&utm_medium=link&utm_campaign=apartamento-99-m2-privativa--comum-jacarepagua-rio-de-janeiro-rj-x126378&utm_term=X126378&utm_content=link,https://cdn1.megaleiloes.com.br/batches/126378/9259356aacc955cc0637dc2310a6e6e1_320x240.jpg,X126378,Aberto para lances,2026-07-30T08:58:37.781220,0.0
Apartamento 110 m² (02 vagas) - Zona 01 - Maringá - PR,Imoveis,653700.0,653700.0,Data: 30/07/2026 15:00,PR,,Judicial,Mega Leiloes,https://www.megaleiloes.com.br/imoveis/apartamentos/pr/maringa/apartamento-110-m2-02-vagas-zona-01-maringa-pr-x126382?utm_source=megaleiloes&utm_medium=link&utm_campaign=apartamento-110-m2-02-vagas-zona-01-maringa-pr-x126382&utm_term=X126382&utm_content=link,https://cdn1.megaleiloes.com.br/batches/126382/b0d4cac03af4c333b744a2c8206f42e2_320x240.jpg,X126382,Aberto para lances,2026-07-30T08:58:37.781220,0.0
Terreno 1.889 m² - Balance - Conceição de Macabu - RJ,Imoveis,150200.0,150200.0,Data: 30/07/2026 15:00,RJ,,Judicial,Mega Leiloes,https://www.megaleiloes.com.br/imoveis/terrenos-e-lotes/rj/conceicao-de-macabu/terreno-1889-m2-balance-conceicao-de-macabu-rj-x126385?utm_source=megaleiloes&utm_medium=link&utm_campaign=terreno-1889-m2-balance-conceicao-de-macabu-rj-x126385&utm_term=X126385&utm_content=link,https://cdn1.megaleiloes.com.br/batches/126385/b4c08f1b3e367b2bfe3af9a55cdc60b9_320x240.jpg,X126385,Aberto para lances,2026-07-30T08:58:37.781220,0.0
Casa 83 m² - Jardim Rosa Maria - São Paulo - SP,Imoveis,567200.0,567200.0,Data: 30/07/2026 15:00,SP,,Judicial,Mega Leiloes,https://www.megaleiloes.com.br/imoveis/casas/sp/sao-paulo/casa-83-m2-jardim-rosa-maria-sao-paulo-sp-x126386?utm_source=megaleiloes&utm_medium=link&utm_campaign=casa-83-m2-jardim-rosa-maria-sao-paulo-sp-x126386&utm_term=X126386&utm_content=link,https://cdn1.megaleiloes.com.br/batches/126386/d56c2930d596c9a84733be909784559e_320x240.jpg,X126386,Aberto para lances,2026-07-30T08:58:37.781220,0.0
Casa 94 m² - Tabatinga - Apicum-Açu - MA,Imoveis,55600.0,55600.0,Data: 30/07/2026 15:00,MA,,Judicial,Mega Leiloes,https://www.megaleiloes.com.br/imoveis/casas/ma/apicum-acu/casa-94-m2-tabatinga-apicum-acu-ma-x126387?utm_source=megaleiloes&utm_medium=link&utm_campaign=casa-94-m2-tabatinga-apicum-acu-ma-x126387&utm_term=X126387&utm_content=link,https://cdn1.megaleiloes.com.br/batches/126387/4d568ee3610e255f713c7302cfb9eb4e_320x240.jpg,X126387,Aberto para lances,2026-07-30T08:58:37.781220,0.0
Casa 198 m² - Vila Andere II - Varginha - MG,Imoveis,301600.0,301600.0,Data: 30/07/2026 15:00,MG,,Judicial,Mega Leiloes,https://www.megaleiloes.com.br/imoveis/casas/mg/varginha/casa-198-m2-vila-andere-ii-varginha-mg-x126393?utm_source=megaleiloes&utm_medium=link&utm_campaign=casa-198-m2-vila-andere-ii-varginha-mg-x126393&utm_term=X126393&utm_content=link,https://cdn1.megaleiloes.com.br/batches/126393/d4c1a4c27b9652dfb51e0c00ae733a07_320x240.jpg,X126393,Aberto para lances,2026-07-30T08:58:37.781220,0.0
Sala Comercial 30 m² (Unid. 1.510) - Centro - Rio de Janeiro - RJ,Imoveis,75600.0,75600.0,Data: 30/07/2026 15:00,RJ,,Judicial,Mega Leiloes,https://www.megaleiloes.com.br/imoveis/imoveis-comerciais/rj/rio-de-janeiro/sala-comercial-30-m2-unid-1510-centro-rio-de-janeiro-rj-x126676?utm_source=megaleiloes&utm_medium=link&utm_campaign=sala-comercial-30-m2-unid-1510-centro-rio-de-janeiro-rj-x126676&utm_term=X126676&utm_content=link,https://cdn1.megaleiloes.com.br/batches/126676/327533694b1e9e060f288b07e1f9c04b_320x240.jpg,X126676,Aberto para lances,2026-07-30T08:58:37.781220,0.0
Casa 57 m² - Centro - Santa Helena de Goiás - GO,Imoveis,137100.0,137100.0,Data: 30/07/2026 15:00,GO,,Judicial,Mega Leiloes,https://www.megaleiloes.com.br/imoveis/casas/go/santa-helena-de-goias/casa-57-m2-centro-santa-helena-de-goias-go-x126677?utm_source=megaleiloes&utm_medium=link&utm_campaign=casa-57-m2-centro-santa-helena-de-goias-go-x126677&utm_term=X126677&utm_content=link,https://cdn1.megaleiloes.com.br/batches/126677/8d38f3e718fdc372cda7b39c16b76910_320x240.jpg,X126677,Aberto para lances,2026-07-30T08:58:37.781220,0.0
Casa 294 m² - Vista Alegre - Cruzeiro - SP,Imoveis,732800.0,732800.0,Data: 30/07/2026 15:00,SP,,Judicial,Mega Leiloes,https://www.megaleiloes.com.br/imoveis/casas/sp/cruzeiro/casa-294-m2-vista-alegre-cruzeiro-sp-x126678?utm_source=megaleiloes&utm_medium=link&utm_campaign=casa-294-m2-vista-alegre-cruzeiro-sp-x126678&utm_term=X126678&utm_content=link,https://cdn1.megaleiloes.com.br/batches/126678/e6f420dc5abb288e205eb07f15b1836e_320x240.jpg,X126678,Aberto para lances,2026-07-30T08:58:37.781220,0.0
Casa 158 m² - Centro - Brasilândia de Minas - MG,Imoveis,240100.0,240100.0,Data: 30/07/2026 15:00,MG,,Judicial,Mega Leiloes,https://www.megaleiloes.com.br/imoveis/casas/mg/brasilandia-de-minas/casa-158-m2-centro-brasilandia-de-minas-mg-x126680?utm_source=megaleiloes&utm_medium=link&utm_campaign=casa-158-m2-centro-brasilandia-de-minas-mg-x126680&utm_term=X126680&utm_content=link,https://cdn1.megaleiloes.com.br/batches/126680/b79d2e96c7a6289c73f941b277211431_320x240.jpg,X126680,Aberto para lances,2026-07-30T08:58:37.781220,0.0
Casa 91 m² - Jardim Julieta - Quatis - RJ,Imoveis,125100.0,125100.0,Data: 30/07/2026 15:00,RJ,,Judicial,Mega Leiloes,https://www.megaleiloes.com.br/imoveis/casas/rj/quatis/casa-91-m2-jardim-julieta-quatis-rj-x126682?utm_source=megaleiloes&utm_medium=link&utm_campaign=casa-91-m2-jardim-julieta-quatis-rj-x126682&utm_term=X126682&utm_content=link,https://cdn1.megaleiloes.com.br/batches/126682/f2c61d18b12efcb9e4b85ef6099d98d5_320x240.jpg,X126682,Aberto para lances,2026-07-30T08:58:37.781220,0.0
04 Terrenos 360 m² (cada) - Loteamento Araruna II - Timbaúba - PE,Imoveis,111600.0,111600.0,Data: 30/07/2026 15:00,PE,,Judicial,Mega Leiloes,https://www.megaleiloes.com.br/imoveis/terrenos-e-lotes/pe/timbauba/04-terrenos-360-m2-cada-loteamento-araruna-ii-timbauba-pe-x126683?utm_source=megaleiloes&utm_medium=link&utm_campaign=04-terrenos-360-m2-cada-loteamento-araruna-ii-timbauba-pe-x126683&utm_term=X126683&utm_content=link,https://cdn1.megaleiloes.com.br/batches/126683/a765a0e64c71565d4c1408803833dcd4_320x240.jpg,X126683,Aberto para lances,2026-07-30T08:58:37.781220,0.0
Terreno em Condomínio 385 m² - Residencial Porto Imperial - Cornélio Procópio - PR,Imoveis,61600.0,61600.0,Data: 30/07/2026 15:00,PR,,Judicial,Mega Leiloes,https://www.megaleiloes.com.br/imoveis/terrenos-e-lotes/pr/cornelio-procopio/terreno-em-condominio-385-m2-residencial-porto-imperial-cornelio-procopio-pr-x126684?utm_source=megaleiloes&utm_medium=link&utm_campaign=terreno-em-condominio-385-m2-residencial-porto-imperial-cornelio-procopio-pr-x126684&utm_term=X126684&utm_content=link,https://cdn1.megaleiloes.com.br/batches/126684/3b8cb370f17626d4903a63ca4c6c4a4b_320x240.jpg,X126684,Aberto para lances,2026-07-30T08:58:37.781220,0.0
Apartamento 60 m² (privativa + comum) com 01 vaga - Parque Hotel - Araruama - RJ,Imoveis,165300.0,165300.0,Data: 30/07/2026 15:00,RJ,,Judicial,Mega Leiloes,https://www.megaleiloes.com.br/imoveis/apartamentos/rj/araruama/apartamento-60-m2-privativa--comum-com-01-vaga-parque-hotel-araruama-rj-x126686?utm_source=megaleiloes&utm_medium=link&utm_campaign=apartamento-60-m2-privativa--comum-com-01-vaga-parque-hotel-araruama-rj-x126686&utm_term=X126686&utm_content=link,https://cdn1.megaleiloes.com.br/batches/126686/f169391e5bda636191cd6edf2ccb27f2_320x240.jpg,X126686,Aberto para lances,2026-07-30T08:58:37.781220,0.0
Casa 190 m² - Geraldo Boa Vista - Nova Serrana - MG,Imoveis,190000.0,190000.0,Data: 30/07/2026 15:00,MG,,Judicial,Mega Leiloes,https://www.megaleiloes.com.br/imoveis/casas/mg/nova-serrana/casa-190-m2-geraldo-boa-vista-nova-serrana-mg-x126687?utm_source=megaleiloes&utm_medium=link&utm_campaign=casa-190-m2-geraldo-boa-vista-nova-serrana-mg-x126687&utm_term=X126687&utm_content=link,https://cdn1.megaleiloes.com.br/batches/126687/6a82d38124345aa82a40b9ee64eb5310_320x240.jpg,X126687,Aberto para lances,2026-07-30T08:58:37.781220,0.0
Apartamento Duplex 151 m² (03 vagas) - Vila Guilherme - São Paulo - SP,Imoveis,808100.0,808100.0,Data: 30/07/2026 15:00,SP,,Judicial,Mega Leiloes,https://www.megaleiloes.com.br/imoveis/apartamentos/sp/sao-paulo/apartamento-duplex-151-m2-03-vagas-vila-guilherme-sao-paulo-sp-x126690?utm_source=megaleiloes&utm_medium=link&utm_campaign=apartamento-duplex-151-m2-03-vagas-vila-guilherme-sao-paulo-sp-x126690&utm_term=X126690&utm_content=link,https://cdn1.megaleiloes.com.br/batches/126690/0347ac8b7c2b82e0c15aba88f2de1af9_320x240.jpg,X126690,Aberto para lances,2026-07-30T08:58:37.781220,0.0
Casa 147 m² - Vila Guilherme - São Paulo - SP,Imoveis,388400.0,388400.0,Data: 30/07/2026 15:00,SP,,Judicial,Mega Leiloes,https://www.megaleiloes.com.br/imoveis/casas/sp/sao-paulo/casa-147-m2-vila-guilherme-sao-paulo-sp-x126691?utm_source=megaleiloes&utm_medium=link&utm_campaign=casa-147-m2-vila-guilherme-sao-paulo-sp-x126691&utm_term=X126691&utm_content=link,https://cdn1.megaleiloes.com.br/batches/126691/dc22dd7b413874e3de3ac51bdb99fc06_320x240.jpg,X126691,Aberto para lances,2026-07-30T08:58:37.781220,0.0
Apartamento 33 m² - COHAB - Sapucaia do Sul - RS,Imoveis,27300.0,27300.0,Data: 30/07/2026 15:00,RS,,Judicial,Mega Leiloes,https://www.megaleiloes.com.br/imoveis/apartamentos/rs/sapucaia-do-sul/apartamento-33-m2-cohab-sapucaia-do-sul-rs-x126692?utm_source=megaleiloes&utm_medium=link&utm_campaign=apartamento-33-m2-cohab-sapucaia-do-sul-rs-x126692&utm_term=X126692&utm_content=link,https://cdn1.megaleiloes.com.br/batches/126692/ff37148a1fad1d1d1c58273ce01d31ba_320x240.jpg,X126692,Aberto para lances,2026-07-30T08:58:37.781220,0.0
Casa em Condomínio 35 m² - Jardim São João - Contenda - PR,Imoveis,125200.0,125200.0,Data: 30/07/2026 15:00,PR,,Judicial,Mega Leiloes,https://www.megaleiloes.com.br/imoveis/casas/pr/contenda/casa-em-condominio-35-m2-jardim-sao-joao-contenda-pr-x126694?utm_source=megaleiloes&utm_medium=link&utm_campaign=casa-em-condominio-35-m2-jardim-sao-joao-contenda-pr-x126694&utm_term=X126694&utm_content=link,https://cdn1.megaleiloes.com.br/batches/126694/46de1606ea046a05f65f59198b9e5604_320x240.jpg,X126694,Aberto para lances,2026-07-30T08:58:37.781220,0.0
Casa 256 m² (sobrado) - Brasília - Baião - PA,Imoveis,144800.0,144800.0,Data: 30/07/2026 15:00,PA,,Judicial,Mega Leiloes,https://www.megaleiloes.com.br/imoveis/casas/pa/baiao/casa-256-m2-sobrado-brasilia-baiao-pa-x126695?utm_source=megaleiloes&utm_medium=link&utm_campaign=casa-256-m2-sobrado-brasilia-baiao-pa-x126695&utm_term=X126695&utm_content=link,https://cdn1.megaleiloes.com.br/batches/126695/a04ec8b0a64e84ffa13ab3771441a3ae_320x240.jpg,X126695,Aberto para lances,2026-07-30T08:58:37.781220,0.0
Casa 34 m² - Banco de Areia - Mesquita - RJ,Imoveis,64800.0,64800.0,Data: 30/07/2026 15:00,RJ,,Judicial,Mega Leiloes,https://www.megaleiloes.com.br/imoveis/casas/rj/mesquita/casa-34-m2-banco-de-areia-mesquita-rj-x126696?utm_source=megaleiloes&utm_medium=link&utm_campaign=casa-34-m2-banco-de-areia-mesquita-rj-x126696&utm_term=X126696&utm_content=link,https://cdn1.megaleiloes.com.br/batches/126696/9748f00e681946216f1850a7ebcc3f79_320x240.jpg,X126696,Aberto para lances,2026-07-30T08:58:37.781220,0.0
Apartamento 60 m² (01 vaga) - Jardim Íris - São Paulo - SP,Imoveis,290400.0,290400.0,Data: 30/07/2026 15:00,SP,,Judicial,Mega Leiloes,https://www.megaleiloes.com.br/imoveis/apartamentos/sp/sao-paulo/apartamento-60-m2-01-vaga-jardim-iris-sao-paulo-sp-x126697?utm_source=megaleiloes&utm_medium=link&utm_campaign=apartamento-60-m2-01-vaga-jardim-iris-sao-paulo-sp-x126697&utm_term=X126697&utm_content=link,https://cdn1.megaleiloes.com.br/batches/126697/a136d640cb0574d4fafcd7c35e588064_320x240.jpg,X126697,Aberto para lances,2026-07-30T08:58:37.781220,0.0
Apartamento 185 m² (03 vagas) - Vila Prudente - São Paulo - SP,Imoveis,761400.0,761400.0,Data: 30/07/2026 15:00,SP,,Judicial,Mega Leiloes,https://www.megaleiloes.com.br/imoveis/apartamentos/sp/sao-paulo/apartamento-185-m2-03-vagas-vila-prudente-sao-paulo-sp-x126699?utm_source=megaleiloes&utm_medium=link&utm_campaign=apartamento-185-m2-03-vagas-vila-prudente-sao-paulo-sp-x126699&utm_term=X126699&utm_content=link,https://cdn1.megaleiloes.com.br/batches/126699/49009812fe14efcf198e87c4fc4b9d56_320x240.jpg,X126699,Aberto para lances,2026-07-30T08:58:37.781220,0.0
Apartamento 38 m² - Chácaras Caxingui - Embu das Artes - SP,Imoveis,122500.0,122500.0,Data: 30/07/2026 15:00,SP,,Judicial,Mega Leiloes,https://www.megaleiloes.com.br/imoveis/apartamentos/sp/embu-das-artes/apartamento-38-m2-chacaras-caxingui-embu-das-artes-sp-x126705?utm_source=megaleiloes&utm_medium=link&utm_campaign=apartamento-38-m2-chacaras-caxingui-embu-das-artes-sp-x126705&utm_term=X126705&utm_content=link,https://cdn1.megaleiloes.com.br/batches/126705/8d3484bfefb8a78f9fa363d2f0d510a4_320x240.jpg,X126705,Aberto para lances,2026-07-30T08:58:37.781220,0.0
Casa em Terreno de 780 m² - Itoupava Central - Blumenau - SC,Imoveis,497600.0,497600.0,Data: 30/07/2026 15:00,SC,,Judicial,Mega Leiloes,https://www.megaleiloes.com.br/imoveis/casas/sc/blumenau/casa-em-terreno-de-780-m2-itoupava-central-blumenau-sc-x126706?utm_source=megaleiloes&utm_medium=link&utm_campaign=casa-em-terreno-de-780-m2-itoupava-central-blumenau-sc-x126706&utm_term=X126706&utm_content=link,https://cdn1.megaleiloes.com.br/batches/126706/afaaf50d0788c10851ce32d71de34a78_320x240.jpg,X126706,Aberto para lances,2026-07-30T08:58:37.781220,0.0
Direitos sobre Apartamento 251 m² (04 Vagas) - Jardim Fonte do Morumbi - São Paulo - SP,Imoveis,2886475.34,1731885.21,1ª Praça: 30/07/2026 15:30,SP,,Judicial,Mega Leiloes,https://www.megaleiloes.com.br/imoveis/apartamentos/sp/sao-paulo/direitos-sobre-apartamento-251-m2-04-vagas-jardim-fonte-do-morumbi-sao-paulo-sp-j126160?utm_source=megaleiloes&utm_medium=link&utm_campaign=direitos-sobre-apartamento-251-m2-04-vagas-jardim-fonte-do-morumbi-sao-paulo-sp-j126160&utm_term=J126160&utm_content=link,https://cdn1.megaleiloes.com.br/batches/126160/0d2d4e160eaedba19823b5f78f399884_320x240.jpg,J126160,Aberto para lances,2026-07-30T08:58:37.781220,0.0
Imóvel Comercial com área de 20.000 m² - Jardins Recanto das Rosas - São Paulo - SP,Imoveis,942343.26,942343.26,1ª Praça: 30/06/2026 15:30,SP,,Judicial,Mega Leiloes,https://www.megaleiloes.com.br/imoveis/imoveis-comerciais/sp/sao-paulo/imovel-comercial-com-area-de-20000-m2-jardins-recanto-das-rosas-sao-paulo-sp-j124393?utm_source=megaleiloes&utm_medium=link&utm_campaign=imovel-comercial-com-area-de-20000-m2-jardins-recanto-das-rosas-sao-paulo-sp-j124393&utm_term=J124393&utm_content=link,https://cdn1.megaleiloes.com.br/batches/124393/e3efaa9332498f32981c54d148d3cda5_320x240.jpg,J124393,Aberto para lances,2026-07-30T08:58:37.781220,0.0
Galpão Industrial 444 m² - Portal Villa Azaleia - Boituva - SP,Imoveis,82499.07,82499.07,1ª Praça: 30/06/2026 16:00,SP,,Judicial,Mega Leiloes,https://www.megaleiloes.com.br/imoveis/galpoes/sp/boituva/galpao-industrial-444-m2-portal-villa-azaleia-boituva-sp-j124804?utm_source=megaleiloes&utm_medium=link&utm_campaign=galpao-industrial-444-m2-portal-villa-azaleia-boituva-sp-j124804&utm_term=J124804&utm_content=link,https://cdn1.megaleiloes.com.br/batches/124804/333b66db23b7648c6666a2e6efd51568_320x240.jpg,J124804,Aberto para lances,2026-07-30T08:58:37.781220,0.0
Terreno 1.200 m² - Cruzeiro do Sul-AC - Rua Padre Alfredo Nuss - Lts. 22 e 23 da Qd. 41-J - Aeroporto Velho,Imoveis,98000.0,98000.0,Data: 30/07/2026 20:02,Aeroporto Velho,,Judicial,Mega Leiloes,https://www.megaleiloes.com.br/imoveis/terrenos-e-lotes/ac/cruzeiro-do-sul/terreno-1200-m2-cruzeiro-do-sul-ac-rua-padre-alfredo-nuss-lts-22-e-23-da-qd-41-j-aeroporto-velho-x126739?utm_source=megaleiloes&utm_medium=link&utm_campaign=terreno-1200-m2-cruzeiro-do-sul-ac-rua-padre-alfredo-nuss-lts-22-e-23-da-qd-41-j-aeroporto-velho-x126739&utm_term=X126739&utm_content=link,https://cdn1.megaleiloes.com.br/batches/126739/e00bc6414f588aec881b41be03a20b27_320x240.jpg,X126739,Aberto para lances,2026-07-30T08:58:37.781220,0.0
"Apartamento 69 m² - Manaus-AM - Av. Pedro Teixeira, 725 - Apto. 603 - Dom Pedro I",Imoveis,202000.0,202000.0,Data: 30/07/2026 20:04,Dom Pedro I,,Judicial,Mega Leiloes,https://www.megaleiloes.com.br/imoveis/apartamentos/am/manaus/apartamento-69-m2-manaus-am-av-pedro-teixeira-725-apto-603-dom-pedro-i-x126740?utm_source=megaleiloes&utm_medium=link&utm_campaign=apartamento-69-m2-manaus-am-av-pedro-teixeira-725-apto-603-dom-pedro-i-x126740&utm_term=X126740&utm_content=link,https://cdn1.megaleiloes.com.br/batches/126740/7c2e4cf9e0b3e95097484699cceff23e_320x240.jpg,X126740,Aberto para lances,2026-07-30T08:58:37.781220,0.0
Terreno 900 m² - Itaberaba-BA - Alameda A - Lt.10 da Qd. A - Nova Conquista,Imoveis,167000.0,167000.0,Data: 30/07/2026 20:06,Nova Conquista,,Judicial,Mega Leiloes,https://www.megaleiloes.com.br/imoveis/terrenos-e-lotes/ba/itaberaba/terreno-900-m2-itaberaba-ba-alameda-a-lt10-da-qd-a-nova-conquista-x126741?utm_source=megaleiloes&utm_medium=link&utm_campaign=terreno-900-m2-itaberaba-ba-alameda-a-lt10-da-qd-a-nova-conquista-x126741&utm_term=X126741&utm_content=link,https://cdn1.megaleiloes.com.br/batches/126741/b44e93436c1d8fe6e20daef2d4cfa9d1_320x240.jpg,X126741,Aberto para lances,2026-07-30T08:58:37.781220,0.0
"Apartamento 79 m² - Aparecida de Goiânia-GO - Av. Maria Cardoso, s/n - Apto. 104 - Jardim Luz",Imoveis,104000.0,104000.0,Data: 30/07/2026 20:08,Jardim Luz,,Judicial,Mega Leiloes,https://www.megaleiloes.com.br/imoveis/apartamentos/go/aparecida-de-goiania/apartamento-79-m2-aparecida-de-goiania-go-av-maria-cardoso-sn-apto-104-jardim-luz-x126742?utm_source=megaleiloes&utm_medium=link&utm_campaign=apartamento-79-m2-aparecida-de-goiania-go-av-maria-cardoso-sn-apto-104-jardim-luz-x126742&utm_term=X126742&utm_content=link,https://cdn1.megaleiloes.com.br/batches/126742/976856f41b501615dc4acb72a5bff636_320x240.jpg,X126742,Aberto para lances,2026-07-30T08:58:37.781220,0.0
"Casa 174 m² - Caldas Novas-GO - Av. Araxá, 266 - Caldas do Oeste",Imoveis,105000.0,105000.0,Data: 30/07/2026 20:10,Caldas do Oeste,,Judicial,Mega Leiloes,https://www.megaleiloes.com.br/imoveis/casas/go/caldas-novas/casa-174-m2-caldas-novas-go-av-araxa-266-caldas-do-oeste-x126743?utm_source=megaleiloes&utm_medium=link&utm_campaign=casa-174-m2-caldas-novas-go-av-araxa-266-caldas-do-oeste-x126743&utm_term=X126743&utm_content=link,https://cdn1.megaleiloes.com.br/batches/126743/86137e91788a38dbb8a010d7342bb752_320x240.jpg,X126743,Aberto para lances,2026-07-30T08:58:37.781220,0.0
"Casa 73 m² - Caldas Novas-GO - Av. F, 315 - Estância Itanhangá",Imoveis,143000.0,143000.0,Data: 30/07/2026 20:12,Estância Itanhangá,,Judicial,Mega Leiloes,https://www.megaleiloes.com.br/imoveis/casas/go/caldas-novas/casa-73-m2-caldas-novas-go-av-f-315-estancia-itanhanga-x126744?utm_source=megaleiloes&utm_medium=link&utm_campaign=casa-73-m2-caldas-novas-go-av-f-315-estancia-itanhanga-x126744&utm_term=X126744&utm_content=link,https://cdn1.megaleiloes.com.br/batches/126744/ecb9f732b4d7b236dbea940bbeb92dd5_320x240.jpg,X126744,Aberto para lances,2026-07-30T08:58:37.781220,0.0
"Casa 56 m² - Bacuri-MA - Rua da Alegria, 140 - Centro",Imoveis,23000.0,23000.0,Data: 30/07/2026 20:14,Centro,,Judicial,Mega Leiloes,https://www.megaleiloes.com.br/imoveis/casas/ma/bacuri/casa-56-m2-bacuri-ma-rua-da-alegria-140-centro-x126745?utm_source=megaleiloes&utm_medium=link&utm_campaign=casa-56-m2-bacuri-ma-rua-da-alegria-140-centro-x126745&utm_term=X126745&utm_content=link,https://cdn1.megaleiloes.com.br/batches/126745/ff6134306486fe4fc23554cd16682f7f_320x240.jpg,X126745,Aberto para lances,2026-07-30T08:58:37.781220,0.0
Área Rural 76 ha - Esperantinópolis-MA - Furo da Pipa e Outras - Zona Rural,Imoveis,547000.0,547000.0,Data: 30/07/2026 20:16,Zona Rural,,Judicial,Mega Leiloes,https://www.megaleiloes.com.br/imoveis/imoveis-rurais/ma/esperantinopolis/area-rural-76-ha-esperantinopolis-ma-furo-da-pipa-e-outras-zona-rural-x126746?utm_source=megaleiloes&utm_medium=link&utm_campaign=area-rural-76-ha-esperantinopolis-ma-furo-da-pipa-e-outras-zona-rural-x126746&utm_term=X126746&utm_content=link,https://cdn1.megaleiloes.com.br/batches/126746/1a40c737a81409d47f47e0692419bbd5_320x240.jpg,X126746,Aberto para lances,2026-07-30T08:58:37.781220,0.0
"Imóvel Residencial e Comercial 445 m² - Alfenas-MG - Av. Manoel Alves Taveira, 1.669 - Residencial São Lucas",Imoveis,279000.0,279000.0,Data: 30/07/2026 20:18,Residencial São Lucas,,Judicial,Mega Leiloes,https://www.megaleiloes.com.br/imoveis/imoveis-comerciais/mg/alfenas/imovel-residencial-e-comercial-445-m2-alfenas-mg-av-manoel-alves-taveira-1669-residencial-sao-lucas-x126747?utm_source=megaleiloes&utm_medium=link&utm_campaign=imovel-residencial-e-comercial-445-m2-alfenas-mg-av-manoel-alves-taveira-1669-residencial-sao-lucas-x126747&utm_term=X126747&utm_content=link,https://cdn1.megaleiloes.com.br/batches/126747/4fa12210ae89c4a971dd9b0a09cc744f_320x240.jpg,X126747,Aberto para lances,2026-07-30T08:58:37.781220,0.0
Área Rural 12 ha - Cassilândia-MS - Rodovia BR-158 - Glebas 2 e 4 - Zona Rural,Imoveis,537000.0,537000.0,Data: 30/07/2026 20:20,Zona Rural,,Judicial,Mega Leiloes,https://www.megaleiloes.com.br/imoveis/imoveis-rurais/ms/cassilandia/area-rural-12-ha-cassilandia-ms-rodovia-br-158-glebas-2-e-4-zona-rural-x126749?utm_source=megaleiloes&utm_medium=link&utm_campaign=area-rural-12-ha-cassilandia-ms-rodovia-br-158-glebas-2-e-4-zona-rural-x126749&utm_term=X126749&utm_content=link,https://cdn1.megaleiloes.com.br/batches/126749/eb2bd13957a37576411d7ac7c9a70cf6_320x240.jpg,X126749,Aberto para lances,2026-07-30T08:58:37.781220,0.0
"Casa 129 m² - Rondonópolis-MT - Rua Maria Amanda Gonçalves do Ó, 221 - Loteamento Parque das Rosas",Imoveis,207000.0,207000.0,Data: 30/07/2026 20:22,Loteamento Parque das Rosas,,Judicial,Mega Leiloes,https://www.megaleiloes.com.br/imoveis/casas/mt/rondonopolis/casa-129-m2-rondonopolis-mt-rua-maria-amanda-goncalves-do-o-221-loteamento-parque-das-rosas-x126750?utm_source=megaleiloes&utm_medium=link&utm_campaign=casa-129-m2-rondonopolis-mt-rua-maria-amanda-goncalves-do-o-221-loteamento-parque-das-rosas-x126750&utm_term=X126750&utm_content=link,https://cdn1.megaleiloes.com.br/batches/126750/9d52e4d128318337c57286dbc5b18a12_320x240.jpg,X126750,Aberto para lances,2026-07-30T08:58:37.781220,0.0
"Casa 184 m² - Belém-PA - Passagem Lauro Martins, 499 - Marco",Imoveis,300000.0,300000.0,Data: 30/07/2026 20:24,Marco,,Judicial,Mega Leiloes,https://www.megaleiloes.com.br/imoveis/casas/pa/belem/casa-184-m2-belem-pa-passagem-lauro-martins-499-marco-x126751?utm_source=megaleiloes&utm_medium=link&utm_campaign=casa-184-m2-belem-pa-passagem-lauro-martins-499-marco-x126751&utm_term=X126751&utm_content=link,https://cdn1.megaleiloes.com.br/batches/126751/9d6cce8e4def0288b3400e8696db83b2_320x240.jpg,X126751,Aberto para lances,2026-07-30T08:58:37.781220,0.0
"Casa 241 m² - Recife-PE - Rua Carneiro Vilela, 133 esquina com Rua Amapá - Aflitos",Imoveis,399000.0,399000.0,Data: 30/07/2026 20:26,Aflitos,,Judicial,Mega Leiloes,https://www.megaleiloes.com.br/imoveis/casas/pe/recife/casa-241-m2-recife-pe-rua-carneiro-vilela-133-esquina-com-rua-amapa-aflitos-x126752?utm_source=megaleiloes&utm_medium=link&utm_campaign=casa-241-m2-recife-pe-rua-carneiro-vilela-133-esquina-com-rua-amapa-aflitos-x126752&utm_term=X126752&utm_content=link,https://cdn1.megaleiloes.com.br/batches/126752/200d52e2d1d45e85e6084eaea463f303_320x240.jpg,X126752,Aberto para lances,2026-07-30T08:58:37.781220,0.0
"Apartamento 209 m² - Recife-PE - Rua Taió, 201 - Apto. 701 - Cordeiro",Imoveis,266000.0,266000.0,Data: 30/07/2026 20:28,Cordeiro,,Judicial,Mega Leiloes,https://www.megaleiloes.com.br/imoveis/apartamentos/pe/recife/apartamento-209-m2-recife-pe-rua-taio-201-apto-701-cordeiro-x126753?utm_source=megaleiloes&utm_medium=link&utm_campaign=apartamento-209-m2-recife-pe-rua-taio-201-apto-701-cordeiro-x126753&utm_term=X126753&utm_content=link,https://cdn1.megaleiloes.com.br/batches/126753/8f13aa9c65866259016f16b8202bf34f_320x240.jpg,X126753,Aberto para lances,2026-07-30T08:58:37.781220,0.0
"Apartamento 131 m² (privativa + comum) - Rio de Janeiro-RJ - Rua Uberaba, 03 - Apto. 802 - Grajaú",Imoveis,116000.0,116000.0,Data: 30/07/2026 20:30,Grajaú,,Judicial,Mega Leiloes,https://www.megaleiloes.com.br/imoveis/apartamentos/rj/rio-de-janeiro/apartamento-131-m2-privativa--comum-rio-de-janeiro-rj-rua-uberaba-03-apto-802-grajau-x126754?utm_source=megaleiloes&utm_medium=link&utm_campaign=apartamento-131-m2-privativa--comum-rio-de-janeiro-rj-rua-uberaba-03-apto-802-grajau-x126754&utm_term=X126754&utm_content=link,https://cdn1.megaleiloes.com.br/batches/126754/ae3f904036ebe4212324a723151131ca_320x240.jpg,X126754,Aberto para lances,2026-07-30T08:58:37.781220,0.0
"Casa 103 m² - Duque de Caxias-RJ - Rua João Batista, 305 - Parque Nova Esperança",Imoveis,83000.0,83000.0,Data: 30/07/2026 20:32,Parque Nova Esperança,,Judicial,Mega Leiloes,https://www.megaleiloes.com.br/imoveis/casas/rj/duque-de-caxias/casa-103-m2-duque-de-caxias-rj-rua-joao-batista-305-parque-nova-esperanca-x126755?utm_source=megaleiloes&utm_medium=link&utm_campaign=casa-103-m2-duque-de-caxias-rj-rua-joao-batista-305-parque-nova-esperanca-x126755&utm_term=X126755&utm_content=link,https://cdn1.megaleiloes.com.br/batches/126755/65eb2ae06df04385803d3b35893b9845_320x240.jpg,X126755,Aberto para lances,2026-07-30T08:58:37.781220,0.0
"Casa 116 m² - Rio de Janeiro-RJ - Rua Gazeta da Noite, 136 - Casa 01 - Taquara",Imoveis,112000.0,112000.0,Data: 30/07/2026 20:34,Taquara,,Judicial,Mega Leiloes,https://www.megaleiloes.com.br/imoveis/casas/rj/rio-de-janeiro/casa-116-m2-rio-de-janeiro-rj-rua-gazeta-da-noite-136-casa-01-taquara-x126756?utm_source=megaleiloes&utm_medium=link&utm_campaign=casa-116-m2-rio-de-janeiro-rj-rua-gazeta-da-noite-136-casa-01-taquara-x126756&utm_term=X126756&utm_content=link,https://cdn1.megaleiloes.com.br/batches/126756/0848460f166b56edcce1034b27841820_320x240.jpg,X126756,Aberto para lances,2026-07-30T08:58:37.781220,0.0
"Casa 476 m² - Rio de Janeiro-RJ - Rua Fernando de Santa Cruz, 420 - Receio dos Bandeirantes",Imoveis,1724000.0,1724000.0,Data: 30/07/2026 20:36,Receio dos Bandeirantes,,Judicial,Mega Leiloes,https://www.megaleiloes.com.br/imoveis/casas/rj/rio-de-janeiro/casa-476-m2-rio-de-janeiro-rj-rua-fernando-de-santa-cruz-420-receio-dos-bandeirantes-x126770?utm_source=megaleiloes&utm_medium=link&utm_campaign=casa-476-m2-rio-de-janeiro-rj-rua-fernando-de-santa-cruz-420-receio-dos-bandeirantes-x126770&utm_term=X126770&utm_content=link,https://cdn1.megaleiloes.com.br/batches/126770/b2701c20732892e7f3ccfeaf3805e2de_320x240.jpg,X126770,Aberto para lances,2026-07-30T08:58:37.781220,0.0
"Casa 112 m² - Natal-RN - Rua Dr. Ricardo Barreto, 491 - Rocas",Imoveis,88000.0,88000.0,Data: 30/07/2026 20:38,Rocas,,Judicial,Mega Leiloes,https://www.megaleiloes.com.br/imoveis/casas/rn/natal/casa-112-m2-natal-rn-rua-dr-ricardo-barreto-491-rocas-x126757?utm_source=megaleiloes&utm_medium=link&utm_campaign=casa-112-m2-natal-rn-rua-dr-ricardo-barreto-491-rocas-x126757&utm_term=X126757&utm_content=link,https://cdn1.megaleiloes.com.br/batches/126757/66a0471928a75b6ae721d7929ac4d7b9_320x240.jpg,X126757,Aberto para lances,2026-07-30T08:58:37.781220,0.0
"Casa 208 m² - Uruguaiana-RS - Rua Antônio Mascia, 769 - Santo Inácio",Imoveis,255000.0,255000.0,Data: 30/07/2026 20:40,Santo Inácio,,Judicial,Mega Leiloes,https://www.megaleiloes.com.br/imoveis/casas/rs/uruguaiana/casa-208-m2-uruguaiana-rs-rua-antonio-mascia-769-santo-inacio-x126758?utm_source=megaleiloes&utm_medium=link&utm_campaign=casa-208-m2-uruguaiana-rs-rua-antonio-mascia-769-santo-inacio-x126758&utm_term=X126758&utm_content=link,https://cdn1.megaleiloes.com.br/batches/126758/310418d6488a0e3fab58da811f4c245c_320x240.jpg,X126758,Aberto para lances,2026-07-30T08:58:37.781220,0.0
"Apartamento 92 m² - Criciúma-SC - Rua Vasco da Gama, 190 - Apto. 103 - Operária Nova",Imoveis,350000.0,350000.0,Data: 30/07/2026 20:42,Operária Nova,,Judicial,Mega Leiloes,https://www.megaleiloes.com.br/imoveis/apartamentos/sc/criciuma/apartamento-92-m2-criciuma-sc-rua-vasco-da-gama-190-apto-103-operaria-nova-x126759?utm_source=megaleiloes&utm_medium=link&utm_campaign=apartamento-92-m2-criciuma-sc-rua-vasco-da-gama-190-apto-103-operaria-nova-x126759&utm_term=X126759&utm_content=link,https://cdn1.megaleiloes.com.br/batches/126759/08ad74e5f3971bb24e06abef20ad6f93_320x240.jpg,X126759,Aberto para lances,2026-07-30T08:58:37.781220,0.0
"Apartamento 73 m² - São Paulo-SP - Rua Nossa Senhora das Mercês, 865 e 889 - Apto. 55 - Vila das Mercês",Imoveis,215000.0,215000.0,Data: 30/07/2026 20:44,Vila das Mercês,,Judicial,Mega Leiloes,https://www.megaleiloes.com.br/imoveis/apartamentos/sp/sao-paulo/apartamento-73-m2-sao-paulo-sp-rua-nossa-senhora-das-merces-865-e-889-apto-55-vila-das-merces-x126760?utm_source=megaleiloes&utm_medium=link&utm_campaign=apartamento-73-m2-sao-paulo-sp-rua-nossa-senhora-das-merces-865-e-889-apto-55-vila-das-merces-x126760&utm_term=X126760&utm_content=link,https://cdn1.megaleiloes.com.br/batches/126760/42c3208eb4dca3d1de9a5086403ab391_320x240.jpg,X126760,Aberto para lances,2026-07-30T08:58:37.781220,0.0
"Escritório 37 m² - São Paulo-SP - Rua Conselheiro Brotero, 528 - Escritório 510 - Barra Funda",Imoveis,148000.0,148000.0,Data: 30/07/2026 20:46,Barra Funda,,Judicial,Mega Leiloes,https://www.megaleiloes.com.br/imoveis/imoveis-comerciais/sp/sao-paulo/escritorio-37-m2-sao-paulo-sp-rua-conselheiro-brotero-528-escritorio-510-barra-funda-x126761?utm_source=megaleiloes&utm_medium=link&utm_campaign=escritorio-37-m2-sao-paulo-sp-rua-conselheiro-brotero-528-escritorio-510-barra-funda-x126761&utm_term=X126761&utm_content=link,https://cdn1.megaleiloes.com.br/batches/126761/90b76cb4bae6f80e235d9789d00cff1e_320x240.jpg,X126761,Aberto para lances,2026-07-30T08:58:37.781220,0.0
"Casa 64 m² - Nuporanga-SP - Rua Joaquim Pereira, 219 - Centro (Jd. Santa Cruz)",Imoveis,58000.0,58000.0,Data: 30/07/2026 20:48,Centro (Jd. Santa Cruz),,Judicial,Mega Leiloes,https://www.megaleiloes.com.br/imoveis/casas/sp/nuporanga/casa-64-m2-nuporanga-sp-rua-joaquim-pereira-219-centro-jd-santa-cruz-x126762?utm_source=megaleiloes&utm_medium=link&utm_campaign=casa-64-m2-nuporanga-sp-rua-joaquim-pereira-219-centro-jd-santa-cruz-x126762&utm_term=X126762&utm_content=link,https://cdn1.megaleiloes.com.br/batches/126762/9769eb1107292b3b5c72bdb863e73fba_320x240.jpg,X126762,Aberto para lances,2026-07-30T08:58:37.781220,0.0
Chácara 5.148 m² - Catanduva-SP - Rua Cubatão - Chácara 02 da Qd. H - Jardim Souza,Imoveis,326000.0,326000.0,Data: 30/07/2026 20:50,Jardim Souza,,Judicial,Mega Leiloes,https://www.megaleiloes.com.br/imoveis/imoveis-rurais/sp/catanduva/chacara-5148-m2-catanduva-sp-rua-cubatao-chacara-02-da-qd-h-jardim-souza-x126763?utm_source=megaleiloes&utm_medium=link&utm_campaign=chacara-5148-m2-catanduva-sp-rua-cubatao-chacara-02-da-qd-h-jardim-souza-x126763&utm_term=X126763&utm_content=link,https://cdn1.megaleiloes.com.br/batches/126763/59c9fd91ce40bad50359f04277665b01_320x240.jpg,X126763,Aberto para lances,2026-07-30T08:58:37.781220,0.0
"Casa 173 m² - Araras-SP - Rua Dr. Roberto Mercatelli, 103 - Jardim Campestre",Imoveis,237000.0,237000.0,Data: 30/07/2026 20:52,Jardim Campestre,,Judicial,Mega Leiloes,https://www.megaleiloes.com.br/imoveis/casas/sp/araras/casa-173-m2-araras-sp-rua-dr-roberto-mercatelli-103-jardim-campestre-x126764?utm_source=megaleiloes&utm_medium=link&utm_campaign=casa-173-m2-araras-sp-rua-dr-roberto-mercatelli-103-jardim-campestre-x126764&utm_term=X126764&utm_content=link,https://cdn1.megaleiloes.com.br/batches/126764/56a8badfee2a4ef9e2d205f05655dc3b_320x240.jpg,X126764,Aberto para lances,2026-07-30T08:58:37.781220,0.0
"Apartamento 80 m² - Campinas-SP - Rua da Abolição, 1.000 - Apto. 11 - Vila Joaquim Inácio",Imoveis,296000.0,296000.0,Data: 30/07/2026 20:54,Vila Joaquim Inácio,,Judicial,Mega Leiloes,https://www.megaleiloes.com.br/imoveis/apartamentos/sp/campinas/apartamento-80-m2-campinas-sp-rua-da-abolicao-1000-apto-11-vila-joaquim-inacio-x126766?utm_source=megaleiloes&utm_medium=link&utm_campaign=apartamento-80-m2-campinas-sp-rua-da-abolicao-1000-apto-11-vila-joaquim-inacio-x126766&utm_term=X126766&utm_content=link,https://cdn1.megaleiloes.com.br/batches/126766/e714c8d959d3715c8ae11e285a5191a6_320x240.jpg,X126766,Aberto para lances,2026-07-30T08:58:37.781220,0.0
"Casa 187 m² - Presidente Prudente-SP - Rua Pastor Jorge, 1.282 - Jardim Bongiovani",Imoveis,231000.0,231000.0,Data: 30/07/2026 20:56,Jardim Bongiovani,,Judicial,Mega Leiloes,https://www.megaleiloes.com.br/imoveis/casas/sp/presidente-prudente/casa-187-m2-presidente-prudente-sp-rua-pastor-jorge-1282-jardim-bongiovani-x126767?utm_source=megaleiloes&utm_medium=link&utm_campaign=casa-187-m2-presidente-prudente-sp-rua-pastor-jorge-1282-jardim-bongiovani-x126767&utm_term=X126767&utm_content=link,https://cdn1.megaleiloes.com.br/batches/126767/809e39e47ca57a5633ecc43473eab95a_320x240.jpg,X126767,Aberto para lances,2026-07-30T08:58:37.781220,0.0
Casa 280 m² - Encantado - Rio de Janeiro - RJ,Imoveis,308231.63,308231.63,1ª Praça: 29/07/2026 10:00,RJ,,Judicial,Mega Leiloes,https://www.megaleiloes.com.br/imoveis/casas/rj/rio-de-janeiro/casa-280-m2-encantado-rio-de-janeiro-rj-x127099?utm_source=megaleiloes&utm_medium=link&utm_campaign=casa-280-m2-encantado-rio-de-janeiro-rj-x127099&utm_term=X127099&utm_content=link,https://cdn1.megaleiloes.com.br/batches/127099/bfdf7f5d1a7534e1990035975ff999c2_320x240.jpg,X127099,Aberto para lances,2026-07-30T08:58:37.781220,0.0
Apartamento 50 m² (próx. ao Metrô República) - Santa Ifigênia - São Paulo - SP,Imoveis,314393.11,188635.87,1ª Praça: 31/07/2026 14:30,SP,,Judicial,Mega Leiloes,https://www.megaleiloes.com.br/imoveis/apartamentos/sp/sao-paulo/apartamento-50-m2-prox-ao-metro-republica-santa-ifigenia-sao-paulo-sp-j126211?utm_source=megaleiloes&utm_medium=link&utm_campaign=apartamento-50-m2-prox-ao-metro-republica-santa-ifigenia-sao-paulo-sp-j126211&utm_term=J126211&utm_content=link,https://cdn1.megaleiloes.com.br/batches/126211/be84b3dbbe31dce03dfa2ef588d17b4b_320x240.jpg,J126211,Aberto para lances,2026-07-30T08:58:37.781220,0.0
Casa em Terreno de 109 m² - Pilares - Rio de Janeiro - RJ,Imoveis,,,Data: 31/07/2026 15:00,RJ,,Judicial,Mega Leiloes,https://www.megaleiloes.com.br/imoveis/casas/rj/rio-de-janeiro/casa-em-terreno-de-109-m2-pilares-rio-de-janeiro-rj-x125815?utm_source=megaleiloes&utm_medium=link&utm_campaign=casa-em-terreno-de-109-m2-pilares-rio-de-janeiro-rj-x125815&utm_term=X125815&utm_content=link,https://cdn1.megaleiloes.com.br/batches/125815/f31d738d98d3c8c2c90806b58e2719b2_320x240.jpg,X125815,Aberto para lances,2026-07-30T08:58:37.781220,
Casa com Área de 1.600 m² - Nova Cidade - Nilópolis - RJ,Imoveis,,,Data: 31/07/2026 15:00,RJ,,Judicial,Mega Leiloes,https://www.megaleiloes.com.br/imoveis/casas/rj/nilopolis/casa-com-area-de-1600-m2-nova-cidade-nilopolis-rj-x125819?utm_source=megaleiloes&utm_medium=link&utm_campaign=casa-com-area-de-1600-m2-nova-cidade-nilopolis-rj-x125819&utm_term=X125819&utm_content=link,https://cdn1.megaleiloes.com.br/batches/125819/255a61764979d2a8a19bace09484fbf6_320x240.jpg,X125819,Aberto para lances,2026-07-30T08:58:37.781220,
Casa 146 m² - Engenho Novo - Rio de Janeiro - RJ,Imoveis,,,Data: 31/07/2026 15:00,RJ,,Judicial,Mega Leiloes,https://www.megaleiloes.com.br/imoveis/casas/rj/rio-de-janeiro/casa-146-m2-engenho-novo-rio-de-janeiro-rj-x125821?utm_source=megaleiloes&utm_medium=link&utm_campaign=casa-146-m2-engenho-novo-rio-de-janeiro-rj-x125821&utm_term=X125821&utm_content=link,https://cdn1.megaleiloes.com.br/batches/125821/23086b4be65ddc9c78602165aa307473_320x240.jpg,X125821,Aberto para lances,2026-07-30T08:58:37.781220,
Apartamento 60 m² (privativa + comum) - Cascadura - Rio de Janeiro - RJ,Imoveis,,,Data: 31/07/2026 15:00,RJ,,Judicial,Mega Leiloes,https://www.megaleiloes.com.br/imoveis/apartamentos/rj/rio-de-janeiro/apartamento-60-m2-privativa--comum-cascadura-rio-de-janeiro-rj-x125824?utm_source=megaleiloes&utm_medium=link&utm_campaign=apartamento-60-m2-privativa--comum-cascadura-rio-de-janeiro-rj-x125824&utm_term=X125824&utm_content=link,https://cdn1.megaleiloes.com.br/batches/125824/1315682f9542699aedaf705ffae33651_320x240.jpg,X125824,Aberto para lances,2026-07-30T08:58:37.781220,
Casa 63 m² - Trindade - São Gonçalo - RJ,Imoveis,,,Data: 31/07/2026 15:00,RJ,,Judicial,Mega Leiloes,https://www.megaleiloes.com.br/imoveis/casas/rj/sao-goncalo/casa-63-m2-trindade-sao-goncalo-rj-x125825?utm_source=megaleiloes&utm_medium=link&utm_campaign=casa-63-m2-trindade-sao-goncalo-rj-x125825&utm_term=X125825&utm_content=link,https://cdn1.megaleiloes.com.br/batches/125825/e22a9ec736206695e89c37f81d94c39f_320x240.jpg,X125825,Aberto para lances,2026-07-30T08:58:37.781220,
Apartamento 75 m² (privativa + comum) com 01 vaga - Jacarepaguá - Rio de Janeiro - RJ,Imoveis,,,Data: 31/07/2026 15:00,RJ,,Judicial,Mega Leiloes,https://www.megaleiloes.com.br/imoveis/apartamentos/rj/rio-de-janeiro/apartamento-75-m2-privativa--comum-com-01-vaga-jacarepagua-rio-de-janeiro-rj-x125826?utm_source=megaleiloes&utm_medium=link&utm_campaign=apartamento-75-m2-privativa--comum-com-01-vaga-jacarepagua-rio-de-janeiro-rj-x125826&utm_term=X125826&utm_content=link,https://cdn1.megaleiloes.com.br/batches/125826/642948e71b2279ed43fa8037f781fa40_320x240.jpg,X125826,Aberto para lances,2026-07-30T08:58:37.781220,
Imóvel Comercial 41 m² - Centro - Brasileira - PI,Imoveis,,,Data: 31/07/2026 15:00,PI,,Judicial,Mega Leiloes,https://www.megaleiloes.com.br/imoveis/imoveis-comerciais/pi/brasileira/imovel-comercial-41-m2-centro-brasileira-pi-x125827?utm_source=megaleiloes&utm_medium=link&utm_campaign=imovel-comercial-41-m2-centro-brasileira-pi-x125827&utm_term=X125827&utm_content=link,https://cdn1.megaleiloes.com.br/batches/125827/0c89e7b0f7977b536ab32923292020ee_320x240.jpg,X125827,Aberto para lances,2026-07-30T08:58:37.781220,
Apartamento 55 m² - Bom Retiro - São Gonçalo - RJ,Imoveis,,,Data: 31/07/2026 15:00,RJ,,Judicial,Mega Leiloes,https://www.megaleiloes.com.br/imoveis/apartamentos/rj/sao-goncalo/apartamento-55-m2-bom-retiro-sao-goncalo-rj-x125830?utm_source=megaleiloes&utm_medium=link&utm_campaign=apartamento-55-m2-bom-retiro-sao-goncalo-rj-x125830&utm_term=X125830&utm_content=link,https://cdn1.megaleiloes.com.br/batches/125830/e46d61f2d7a43ec82732ff8e11748f68_320x240.jpg,X125830,Aberto para lances,2026-07-30T08:58:37.781220,
Apartamento 42 m² (01 vaga) - Fazenda Santa Angélica - Americana - SP,Imoveis,,,Data: 31/07/2026 15:00,SP,,Judicial,Mega Leiloes,https://www.megaleiloes.com.br/imoveis/apartamentos/sp/americana/apartamento-42-m2-01-vaga-fazenda-santa-angelica-americana-sp-x125831?utm_source=megaleiloes&utm_medium=link&utm_campaign=apartamento-42-m2-01-vaga-fazenda-santa-angelica-americana-sp-x125831&utm_term=X125831&utm_content=link,https://cdn1.megaleiloes.com.br/batches/125831/4e1954fa0600d3f07b2119eeb5515388_320x240.jpg,X125831,Aberto para lances,2026-07-30T08:58:37.781220,
Imóvel Comercial e Residencial 462 m² - Residencial Colina Park - Niquelândia - GO,Imoveis,,,Data: 31/07/2026 15:00,GO,,Judicial,Mega Leiloes,https://www.megaleiloes.com.br/imoveis/imoveis-comerciais/go/niquelandia/imovel-comercial-e-residencial-462-m2-residencial-colina-park-niquelandia-go-x125832?utm_source=megaleiloes&utm_medium=link&utm_campaign=imovel-comercial-e-residencial-462-m2-residencial-colina-park-niquelandia-go-x125832&utm_term=X125832&utm_content=link,https://cdn1.megaleiloes.com.br/batches/125832/81f27707929f213963721d813aab164e_320x240.jpg,X125832,Aberto para lances,2026-07-30T08:58:37.781220,
Apartamento 65 m² (privativa + comum) com 01 vaga - Freguesia do Engenho Novo - Rio de Janeiro - RJ,Imoveis,,,Data: 31/07/2026 15:00,RJ,,Judicial,Mega Leiloes,https://www.megaleiloes.com.br/imoveis/apartamentos/rj/rio-de-janeiro/apartamento-65-m2-privativa--comum-com-01-vaga-freguesia-do-engenho-novo-rio-de-janeiro-rj-x125834?utm_source=megaleiloes&utm_medium=link&utm_campaign=apartamento-65-m2-privativa--comum-com-01-vaga-freguesia-do-engenho-novo-rio-de-janeiro-rj-x125834&utm_term=X125834&utm_content=link,https://cdn1.megaleiloes.com.br/batches/125834/f9f3adeed7c25980cd1b2f4fd0b8f8f4_320x240.jpg,X125834,Aberto para lances,2026-07-30T08:58:37.781220,
Sala Comercial 77 m² - Centro Histórico - Porto Alegre - RS,Imoveis,,,Data: 31/07/2026 15:00,RS,,Judicial,Mega Leiloes,https://www.megaleiloes.com.br/imoveis/imoveis-comerciais/rs/porto-alegre/sala-comercial-77-m2-centro-historico-porto-alegre-rs-x125835?utm_source=megaleiloes&utm_medium=link&utm_campaign=sala-comercial-77-m2-centro-historico-porto-alegre-rs-x125835&utm_term=X125835&utm_content=link,https://cdn1.megaleiloes.com.br/batches/125835/764a2dd58fc7f656a21b6aa1953067b6_320x240.jpg,X125835,Aberto para lances,2026-07-30T08:58:37.781220,
Casa 63 m² - Cabuçu - Nova Iguaçu - RJ,Imoveis,,,Data: 31/07/2026 15:00,RJ,,Judicial,Mega Leiloes,https://www.megaleiloes.com.br/imoveis/casas/rj/nova-iguacu/casa-63-m2-cabucu-nova-iguacu-rj-x125837?utm_source=megaleiloes&utm_medium=link&utm_campaign=casa-63-m2-cabucu-nova-iguacu-rj-x125837&utm_term=X125837&utm_content=link,https://cdn1.megaleiloes.com.br/batches/125837/aaf7467cc53cd2182dd0f823e976b58a_320x240.jpg,X125837,Aberto para lances,2026-07-30T08:58:37.781220,
Casa 53 m² - Vila Central - Queimados - RJ,Imoveis,,,Data: 31/07/2026 15:00,RJ,,Judicial,Mega Leiloes,https://www.megaleiloes.com.br/imoveis/casas/rj/queimados/casa-53-m2-vila-central-queimados-rj-x125838?utm_source=megaleiloes&utm_medium=link&utm_campaign=casa-53-m2-vila-central-queimados-rj-x125838&utm_term=X125838&utm_content=link,https://cdn1.megaleiloes.com.br/batches/125838/e4f5a86e8085236042ab0d3bde2b6ae3_320x240.jpg,X125838,Aberto para lances,2026-07-30T08:58:37.781220,
Apartamento 50 m² (01 vaga) - Fazenda Engenho do Porto - Duque de Caxias - RJ,Imoveis,,,Data: 31/07/2026 15:00,RJ,,Judicial,Mega Leiloes,https://www.megaleiloes.com.br/imoveis/apartamentos/rj/duque-de-caxias/apartamento-50-m2-01-vaga-fazenda-engenho-do-porto-duque-de-caxias-rj-x125839?utm_source=megaleiloes&utm_medium=link&utm_campaign=apartamento-50-m2-01-vaga-fazenda-engenho-do-porto-duque-de-caxias-rj-x125839&utm_term=X125839&utm_content=link,https://cdn1.megaleiloes.com.br/batches/125839/4f01bd9df69f36b39f6515ef1f011e39_320x240.jpg,X125839,Aberto para lances,2026-07-30T08:58:37.781220,
Casa 41 m² - Boa Vista - São Gonçalo - RJ,Imoveis,,,Data: 31/07/2026 15:00,RJ,,Judicial,Mega Leiloes,https://www.megaleiloes.com.br/imoveis/casas/rj/sao-goncalo/casa-41-m2-boa-vista-sao-goncalo-rj-x125840?utm_source=megaleiloes&utm_medium=link&utm_campaign=casa-41-m2-boa-vista-sao-goncalo-rj-x125840&utm_term=X125840&utm_content=link,https://cdn1.megaleiloes.com.br/batches/125840/d13a3380eb0ac9ee8e50dddcd6292a42_320x240.jpg,X125840,Aberto para lances,2026-07-30T08:58:37.781220,
Apartamento 205 m² (construída + comum) - Vila Rosali - São João de Meriti - RJ,Imoveis,,,Data: 31/07/2026 15:00,RJ,,Judicial,Mega Leiloes,https://www.megaleiloes.com.br/imoveis/apartamentos/rj/sao-joao-de-meriti/apartamento-205-m2-construida--comum-vila-rosali-sao-joao-de-meriti-rj-x125842?utm_source=megaleiloes&utm_medium=link&utm_campaign=apartamento-205-m2-construida--comum-vila-rosali-sao-joao-de-meriti-rj-x125842&utm_term=X125842&utm_content=link,https://cdn1.megaleiloes.com.br/batches/125842/15956e107aed0caea3e3cbf14fdadd2b_320x240.jpg,X125842,Aberto para lances,2026-07-30T08:58:37.781220,
Sala Comercial 48 m² (privativa + comum) - Madureira - Rio de Janeiro - RJ,Imoveis,,,Data: 31/07/2026 15:00,RJ,,Judicial,Mega Leiloes,https://www.megaleiloes.com.br/imoveis/imoveis-comerciais/rj/rio-de-janeiro/sala-comercial-48-m2-privativa--comum-madureira-rio-de-janeiro-rj-x125843?utm_source=megaleiloes&utm_medium=link&utm_campaign=sala-comercial-48-m2-privativa--comum-madureira-rio-de-janeiro-rj-x125843&utm_term=X125843&utm_content=link,https://cdn1.megaleiloes.com.br/batches/125843/7b394f9982301c42ef7780b0c202f313_320x240.jpg,X125843,Aberto para lances,2026-07-30T08:58:37.781220,
Casa 63 m² - Ouro Verde - Padre Bernardo - GO,Imoveis,,,Data: 31/07/2026 15:00,GO,,Judicial,Mega Leiloes,https://www.megaleiloes.com.br/imoveis/casas/go/padre-bernardo/casa-63-m2-ouro-verde-padre-bernardo-go-x125844?utm_source=megaleiloes&utm_medium=link&utm_campaign=casa-63-m2-ouro-verde-padre-bernardo-go-x125844&utm_term=X125844&utm_content=link,https://cdn1.megaleiloes.com.br/batches/125844/cdca96e485ec3f5ddd554619f17b4c4d_320x240.jpg,X125844,Aberto para lances,2026-07-30T08:58:37.781220,
Casa 257 m² - Kubitschek - Nilópolis - RJ,Imoveis,,,Data: 31/07/2026 15:00,RJ,,Judicial,Mega Leiloes,https://www.megaleiloes.com.br/imoveis/casas/rj/nilopolis/casa-257-m2-kubitschek-nilopolis-rj-x125845?utm_source=megaleiloes&utm_medium=link&utm_campaign=casa-257-m2-kubitschek-nilopolis-rj-x125845&utm_term=X125845&utm_content=link,https://cdn1.megaleiloes.com.br/batches/125845/15150b320045038fbd20887f0adb087f_320x240.jpg,X125845,Aberto para lances,2026-07-30T08:58:37.781220,
Área Rural 74 ha - Cariri do Tocantins-TO - Fazenda Santo Antônio - Gleba 05 - Zona Rural,Imoveis,895811.66,895811.66,1ª Praça: 29/07/2026 15:02,Zona Rural,,Judicial,Mega Leiloes,https://www.megaleiloes.com.br/imoveis/imoveis-rurais/to/cariri-do-tocantins/area-rural-74-ha-cariri-do-tocantins-to-fazenda-santo-antonio-gleba-05-zona-rural-x126722?utm_source=megaleiloes&utm_medium=link&utm_campaign=area-rural-74-ha-cariri-do-tocantins-to-fazenda-santo-antonio-gleba-05-zona-rural-x126722&utm_term=X126722&utm_content=link,https://cdn1.megaleiloes.com.br/batches/126722/7edefd60b72dcbfeaf6d4c9f437e5706_320x240.jpg,X126722,Aberto para lances,2026-07-30T08:58:37.781220,0.0
Sítio 3 ha - Cajobi-SP - Fazenda Bebedouro do Turvo - Sítio Speridião - Zona Rural,Imoveis,715846.2,715846.2,1ª Praça: 29/07/2026 15:04,Zona Rural,,Judicial,Mega Leiloes,https://www.megaleiloes.com.br/imoveis/imoveis-rurais/sp/cajobi/sitio-3-ha-cajobi-sp-fazenda-bebedouro-do-turvo-sitio-speridiao-zona-rural-x126723?utm_source=megaleiloes&utm_medium=link&utm_campaign=sitio-3-ha-cajobi-sp-fazenda-bebedouro-do-turvo-sitio-speridiao-zona-rural-x126723&utm_term=X126723&utm_content=link,https://cdn1.megaleiloes.com.br/batches/126723/c635d91c0c6cf4620344994a878abf3a_320x240.jpg,X126723,Aberto para lances,2026-07-30T08:58:37.781220,0.0
"Casa 272 m² - Dourados-MS - Rua Arthur Frantz, 685 - Parque Alvorada",Imoveis,1445366.72,1445366.72,1ª Praça: 29/07/2026 15:06,Parque Alvorada,,Judicial,Mega Leiloes,https://www.megaleiloes.com.br/imoveis/casas/ms/dourados/casa-272-m2-dourados-ms-rua-arthur-frantz-685-parque-alvorada-x126724?utm_source=megaleiloes&utm_medium=link&utm_campaign=casa-272-m2-dourados-ms-rua-arthur-frantz-685-parque-alvorada-x126724&utm_term=X126724&utm_content=link,https://cdn1.megaleiloes.com.br/batches/126724/a14d76a0ca59f59f466bbd0a127c03c1_320x240.jpg,X126724,Aberto para lances,2026-07-30T08:58:37.781220,0.0
"Casa 50 m² - Dois Vizinhos-PR - Rua Maria Quitéria, 196 - Casa 02 - Vitória",Imoveis,235972.08,235972.08,1ª Praça: 29/07/2026 15:08,Vitória,,Judicial,Mega Leiloes,https://www.megaleiloes.com.br/imoveis/casas/pr/dois-vizinhos/casa-50-m2-dois-vizinhos-pr-rua-maria-quiteria-196-casa-02-vitoria-x126725?utm_source=megaleiloes&utm_medium=link&utm_campaign=casa-50-m2-dois-vizinhos-pr-rua-maria-quiteria-196-casa-02-vitoria-x126725&utm_term=X126725&utm_content=link,https://cdn1.megaleiloes.com.br/batches/126725/6c8507aee83c2e671e88413d2973a515_320x240.jpg,X126725,Aberto para lances,2026-07-30T08:58:37.781220,0.0
"Casa 201 m² - Rio Verde-GO - Rua 15-B, 114 - Jardim Goiás",Imoveis,531807.58,531807.58,1ª Praça: 29/07/2026 15:10,Jardim Goiás,,Judicial,Mega Leiloes,https://www.megaleiloes.com.br/imoveis/casas/go/rio-verde/casa-201-m2-rio-verde-go-rua-15-b-114-jardim-goias-x126726?utm_source=megaleiloes&utm_medium=link&utm_campaign=casa-201-m2-rio-verde-go-rua-15-b-114-jardim-goias-x126726&utm_term=X126726&utm_content=link,https://cdn1.megaleiloes.com.br/batches/126726/7ca937259485cc032a3e77a9cab5c9f7_320x240.jpg,X126726,Aberto para lances,2026-07-30T08:58:37.781220,0.0
"Terreno 439 m² - Santo Angelo-RS - Rua Onésio Belmonte Araújo, s/n - Juarez Lemos",Imoveis,150601.17,150601.17,1ª Praça: 29/07/2026 15:12,Juarez Lemos,,Judicial,Mega Leiloes,https://www.megaleiloes.com.br/imoveis/terrenos-e-lotes/rs/santo-angelo/terreno-439-m2-santo-angelo-rs-rua-onesio-belmonte-araujo-sn-juarez-lemos-x126728?utm_source=megaleiloes&utm_medium=link&utm_campaign=terreno-439-m2-santo-angelo-rs-rua-onesio-belmonte-araujo-sn-juarez-lemos-x126728&utm_term=X126728&utm_content=link,https://cdn1.megaleiloes.com.br/batches/126728/06ad58b4dca26db7d95ea39e0dea38dc_320x240.jpg,X126728,Aberto para lances,2026-07-30T08:58:37.781220,0.0
"Casa 202 m² - Brusque-SC - Rua Horácio Anacleto da Silva, 718 - Limoeiro",Imoveis,1039068.59,1039068.59,1ª Praça: 29/07/2026 15:14,Limoeiro,,Judicial,Mega Leiloes,https://www.megaleiloes.com.br/imoveis/casas/sc/brusque/casa-202-m2-brusque-sc-rua-horacio-anacleto-da-silva-718-limoeiro-x126729?utm_source=megaleiloes&utm_medium=link&utm_campaign=casa-202-m2-brusque-sc-rua-horacio-anacleto-da-silva-718-limoeiro-x126729&utm_term=X126729&utm_content=link,https://cdn1.megaleiloes.com.br/batches/126729/f4c36075c079eec44908315d3c2a274c_320x240.jpg,X126729,Aberto para lances,2026-07-30T08:58:37.781220,0.0
"Terreno 600 m² - Nova Bandeirantes-MT - Av. José Francisco Otênio, 1735 - Loteamento Nova Bandeirantes",Imoveis,562987.6,562987.6,1ª Praça: 29/07/2026 15:16,Loteamento Nova Bandeirantes,,Judicial,Mega Leiloes,https://www.megaleiloes.com.br/imoveis/terrenos-e-lotes/mt/nova-bandeirantes/terreno-600-m2-nova-bandeirantes-mt-av-jose-francisco-otenio-1735-loteamento-nova-bandeirantes-x126730?utm_source=megaleiloes&utm_medium=link&utm_campaign=terreno-600-m2-nova-bandeirantes-mt-av-jose-francisco-otenio-1735-loteamento-nova-bandeirantes-x126730&utm_term=X126730&utm_content=link,https://cdn1.megaleiloes.com.br/batches/126730/d92d06498701be225ae9607596c29470_320x240.jpg,X126730,Aberto para lances,2026-07-30T08:58:37.781220,0.0
"Casa 173 m² - Santiago-RS - Av. Getúlio Vargas, 3.219 - Maria Alice Gomes",Imoveis,703257.3,703257.3,1ª Praça: 29/07/2026 15:18,Maria Alice Gomes,,Judicial,Mega Leiloes,https://www.megaleiloes.com.br/imoveis/casas/rs/santiago/casa-173-m2-santiago-rs-av-getulio-vargas-3219-maria-alice-gomes-x126731?utm_source=megaleiloes&utm_medium=link&utm_campaign=casa-173-m2-santiago-rs-av-getulio-vargas-3219-maria-alice-gomes-x126731&utm_term=X126731&utm_content=link,https://cdn1.megaleiloes.com.br/batches/126731/bc2bb313e62843adb7cb48744711c455_320x240.jpg,X126731,Aberto para lances,2026-07-30T08:58:37.781220,0.0
"Casa 560 m² - Caldas Novas-GO - Rua Vanessa Klug Silvestre, 71 - Setor Lago Sul",Imoveis,4740189.38,4740189.38,1ª Praça: 29/07/2026 15:20,Setor Lago Sul,,Judicial,Mega Leiloes,https://www.megaleiloes.com.br/imoveis/casas/go/caldas-novas/casa-560-m2-caldas-novas-go-rua-vanessa-klug-silvestre-71-setor-lago-sul-x126732?utm_source=megaleiloes&utm_medium=link&utm_campaign=casa-560-m2-caldas-novas-go-rua-vanessa-klug-silvestre-71-setor-lago-sul-x126732&utm_term=X126732&utm_content=link,https://cdn1.megaleiloes.com.br/batches/126732/e4d8619d859a01b09db1cd7c0fbb7cbf_320x240.jpg,X126732,Aberto para lances,2026-07-30T08:58:37.781220,0.0
Casa 64 m² - Residencial João Scarano - Campo Grande - MS,Imoveis,395040.63,279817.91,1ª Praça: 03/08/2026 10:00,MS,,Judicial,Mega Leiloes,https://www.megaleiloes.com.br/imoveis/casas/ms/campo-grande/casa-64-m2-residencial-joao-scarano-campo-grande-ms-x127100?utm_source=megaleiloes&utm_medium=link&utm_campaign=casa-64-m2-residencial-joao-scarano-campo-grande-ms-x127100&utm_term=X127100&utm_content=link,https://cdn1.megaleiloes.com.br/batches/127100/3a8a854db959a2b7f52faa1a000af307_320x240.jpg,X127100,Aberto para lances,2026-07-30T08:58:37.781220,0.0
Casa em Condomínio 191 m² - Residencial Green Village - Carapicuíba - SP,Imoveis,1176693.26,540500.0,1ª Praça: 03/08/2026 10:01,SP,,Judicial,Mega Leiloes,https://www.megaleiloes.com.br/imoveis/casas/sp/carapicuiba/casa-em-condominio-191-m2-residencial-green-village-carapicuiba-sp-x127101?utm_source=megaleiloes&utm_medium=link&utm_campaign=casa-em-condominio-191-m2-residencial-green-village-carapicuiba-sp-x127101&utm_term=X127101&utm_content=link,https://cdn1.megaleiloes.com.br/batches/127101/87a9a29c0c9ec8667521d31f9df02d71_320x240.jpg,X127101,Aberto para lances,2026-07-30T08:58:37.781220,0.0
Casa 215 m² - Jardim América - Jandaia do Sul - PR,Imoveis,1036967.83,638849.21,1ª Praça: 03/08/2026 10:02,PR,,Judicial,Mega Leiloes,https://www.megaleiloes.com.br/imoveis/casas/pr/jandaia-do-sul/casa-215-m2-jardim-america-jandaia-do-sul-pr-x127102?utm_source=megaleiloes&utm_medium=link&utm_campaign=casa-215-m2-jardim-america-jandaia-do-sul-pr-x127102&utm_term=X127102&utm_content=link,https://cdn1.megaleiloes.com.br/batches/127102/6ad90efb72f638e99909d8716e53a813_320x240.jpg,X127102,Aberto para lances,2026-07-30T08:58:37.781220,0.0
Sala Comercial 45 m² - Tatuapé - São Paulo - SP,Imoveis,415903.9,307985.87,1ª Praça: 03/08/2026 10:03,SP,,Judicial,Mega Leiloes,https://www.megaleiloes.com.br/imoveis/imoveis-comerciais/sp/sao-paulo/sala-comercial-45-m2-tatuape-sao-paulo-sp-x127150?utm_source=megaleiloes&utm_medium=link&utm_campaign=sala-comercial-45-m2-tatuape-sao-paulo-sp-x127150&utm_term=X127150&utm_content=link,https://cdn1.megaleiloes.com.br/batches/127150/f96bd09d8af683270384ccb2724ea0a6_320x240.jpg,X127150,Aberto para lances,2026-07-30T08:58:37.781220,0.0
Direitos sobre Apartamento 97 m² - Boa Vista - São Caetano do Sul - SP,Imoveis,1187610.66,593805.33,1ª Praça: 03/08/2026 15:00,SP,,Judicial,Mega Leiloes,https://www.megaleiloes.com.br/imoveis/apartamentos/sp/sao-caetano-do-sul/direitos-sobre-apartamento-97-m2-boa-vista-sao-caetano-do-sul-sp-j126212?utm_source=megaleiloes&utm_medium=link&utm_campaign=direitos-sobre-apartamento-97-m2-boa-vista-sao-caetano-do-sul-sp-j126212&utm_term=J126212&utm_content=link,https://cdn1.megaleiloes.com.br/batches/126212/17af43e801f42bec6156b5c556773ae4_320x240.jpg,J126212,Em breve,2026-07-30T08:58:37.781220,0.0
Casa em Terreno 5.160 m² - (Condomínio Rsidencial Parque dos Manacás) - Jundiaí - SP,Imoveis,2977969.9,1488984.95,1ª Praça: 03/08/2026 15:00,SP,,Judicial,Mega Leiloes,https://www.megaleiloes.com.br/imoveis/casas/sp/jundiai/casa-em-terreno-5160-m2-condominio-rsidencial-parque-dos-manacas-jundiai-sp-j125477?utm_source=megaleiloes&utm_medium=link&utm_campaign=casa-em-terreno-5160-m2-condominio-rsidencial-parque-dos-manacas-jundiai-sp-j125477&utm_term=J125477&utm_content=link,https://cdn1.megaleiloes.com.br/batches/125477/1233e76329294ff63be4524148c86031_320x240.jpg,J125477,Em breve,2026-07-30T08:58:37.781220,0.0
Casa 515 m² - City Bussocaba - Osasco - SP,Imoveis,510000.0,510000.0,Data: 03/08/2026 15:00,SP,,Judicial,Mega Leiloes,https://www.megaleiloes.com.br/imoveis/casas/sp/osasco/casa-515-m2-city-bussocaba-osasco-sp-j126635?utm_source=megaleiloes&utm_medium=link&utm_campaign=casa-515-m2-city-bussocaba-osasco-sp-j126635&utm_term=J126635&utm_content=link,https://cdn1.megaleiloes.com.br/batches/126635/886ca9cc9ee8d873f9556c8416bc72aa_320x240.jpg,J126635,Aberto para lances,2026-07-30T08:58:37.781220,0.0
Casa em Condomínio 90 m² - Residencial Portal do Sol - Lagoa Santa - MG,Imoveis,729436.61,765895.93,1ª Praça: 03/08/2026 15:00,MG,,Judicial,Mega Leiloes,https://www.megaleiloes.com.br/imoveis/casas/mg/lagoa-santa/casa-em-condominio-90-m2-residencial-portal-do-sol-lagoa-santa-mg-x126918?utm_source=megaleiloes&utm_medium=link&utm_campaign=casa-em-condominio-90-m2-residencial-portal-do-sol-lagoa-santa-mg-x126918&utm_term=X126918&utm_content=link,https://cdn1.megaleiloes.com.br/batches/126918/1e3399f999c751cb13af7130db28752f_320x240.jpg,X126918,Aberto para lances,2026-07-30T08:58:37.781220,4.8
Casa 64 m² - Vila Salete - São Paulo - SP,Imoveis,779110.0,389555.0,1ª Praça: 03/08/2026 15:01,SP,,Judicial,Mega Leiloes,https://www.megaleiloes.com.br/imoveis/casas/sp/sao-paulo/casa-64-m2-vila-salete-sao-paulo-sp-x127198?utm_source=megaleiloes&utm_medium=link&utm_campaign=casa-64-m2-vila-salete-sao-paulo-sp-x127198&utm_term=X127198&utm_content=link,https://cdn1.megaleiloes.com.br/batches/127198/f729cd837b801a4d6e973651ff0d9475_320x240.jpg,X127198,Aberto para lances,2026-07-30T08:58:37.781220,0.0
Casa 147 m² - Nova Pirapora - Pirapora - MG,Imoveis,506753.1,478295.5,1ª Praça: 03/08/2026 15:02,MG,,Judicial,Mega Leiloes,https://www.megaleiloes.com.br/imoveis/casas/mg/pirapora/casa-147-m2-nova-pirapora-pirapora-mg-x127200?utm_source=megaleiloes&utm_medium=link&utm_campaign=casa-147-m2-nova-pirapora-pirapora-mg-x127200&utm_term=X127200&utm_content=link,https://cdn1.megaleiloes.com.br/batches/127200/4421eb3c3b6efe294dab63a2033ed817_320x240.jpg,X127200,Aberto para lances,2026-07-30T08:58:37.781220,0.0
Apartamento 66 m² (privativa + comum) com 01 vaga - Barra da Tijuca - Rio de Janeiro - RJ,Imoveis,704118.18,462112.06,1ª Praça: 03/08/2026 15:03,RJ,,Judicial,Mega Leiloes,https://www.megaleiloes.com.br/imoveis/apartamentos/rj/rio-de-janeiro/apartamento-66-m2-privativa--comum-com-01-vaga-barra-da-tijuca-rio-de-janeiro-rj-x127201?utm_source=megaleiloes&utm_medium=link&utm_campaign=apartamento-66-m2-privativa--comum-com-01-vaga-barra-da-tijuca-rio-de-janeiro-rj-x127201&utm_term=X127201&utm_content=link,https://cdn1.megaleiloes.com.br/batches/127201/cb60bc58fac7bde641f21a0b9d019a4f_320x240.jpg,X127201,Aberto para lances,2026-07-30T08:58:37.781220,0.0
Casa 63 m² (com 02 pavimentos) - Jacutinga - Mesquita - RJ,Imoveis,230922.69,174022.18,1ª Praça: 03/08/2026 15:04,RJ,,Judicial,Mega Leiloes,https://www.megaleiloes.com.br/imoveis/casas/rj/mesquita/casa-63-m2-com-02-pavimentos-jacutinga-mesquita-rj-x127204?utm_source=megaleiloes&utm_medium=link&utm_campaign=casa-63-m2-com-02-pavimentos-jacutinga-mesquita-rj-x127204&utm_term=X127204&utm_content=link,https://cdn1.megaleiloes.com.br/batches/127204/d6517abbc551f61a98808acb5c5eed96_320x240.jpg,X127204,Aberto para lances,2026-07-30T08:58:37.781220,0.0
Casa em Terreno de 150 m² - Paulicéia - São Bernardo do Campo - SP,Imoveis,853637.62,441986.42,1ª Praça: 03/08/2026 15:05,SP,,Judicial,Mega Leiloes,https://www.megaleiloes.com.br/imoveis/casas/sp/sao-bernardo-do-campo/casa-em-terreno-de-150-m2-pauliceia-sao-bernardo-do-campo-sp-x127205?utm_source=megaleiloes&utm_medium=link&utm_campaign=casa-em-terreno-de-150-m2-pauliceia-sao-bernardo-do-campo-sp-x127205&utm_term=X127205&utm_content=link,https://cdn1.megaleiloes.com.br/batches/127205/a657dd1b32965390aae556b3eb7e0c26_320x240.jpg,X127205,Aberto para lances,2026-07-30T08:58:37.781220,0.0
Casa em Condomínio 132 m² - Jardins Parma - Senador Canedo - GO,Imoveis,995427.45,974684.09,1ª Praça: 03/08/2026 15:06,GO,,Judicial,Mega Leiloes,https://www.megaleiloes.com.br/imoveis/casas/go/senador-canedo/casa-em-condominio-132-m2-jardins-parma-senador-canedo-go-x127206?utm_source=megaleiloes&utm_medium=link&utm_campaign=casa-em-condominio-132-m2-jardins-parma-senador-canedo-go-x127206&utm_term=X127206&utm_content=link,https://cdn1.megaleiloes.com.br/batches/127206/b0ad5eda1c3e1d060370be1f2b4811f6_320x240.jpg,X127206,Aberto para lances,2026-07-30T08:58:37.781220,0.0
Apartamento 220 m² (privativa + comum) com 01 vaga - Penha - Rio de Janeiro - RJ,Imoveis,826784.64,413392.32,1ª Praça: 03/08/2026 15:07,RJ,,Judicial,Mega Leiloes,https://www.megaleiloes.com.br/imoveis/apartamentos/rj/rio-de-janeiro/apartamento-220-m2-privativa--comum-com-01-vaga-penha-rio-de-janeiro-rj-x127207?utm_source=megaleiloes&utm_medium=link&utm_campaign=apartamento-220-m2-privativa--comum-com-01-vaga-penha-rio-de-janeiro-rj-x127207&utm_term=X127207&utm_content=link,https://cdn1.megaleiloes.com.br/batches/127207/18ecc9120e2623a0489956472c6d1652_320x240.jpg,X127207,Aberto para lances,2026-07-30T08:58:37.781220,0.0
Casa em Condomínio 100 m² - Roça Grande - Colombo - PR,Imoveis,521613.94,267362.7,1ª Praça: 03/08/2026 15:08,PR,,Judicial,Mega Leiloes,https://www.megaleiloes.com.br/imoveis/casas/pr/colombo/casa-em-condominio-100-m2-roca-grande-colombo-pr-x127208?utm_source=megaleiloes&utm_medium=link&utm_campaign=casa-em-condominio-100-m2-roca-grande-colombo-pr-x127208&utm_term=X127208&utm_content=link,https://cdn1.megaleiloes.com.br/batches/127208/8992d56d360f648747d1f45018822ab3_320x240.jpg,X127208,Aberto para lances,2026-07-30T08:58:37.781220,0.0
Casa 131 m² - Henrique Jorge - Fortaleza - CE,Imoveis,585659.75,292829.88,1ª Praça: 03/08/2026 15:09,CE,,Judicial,Mega Leiloes,https://www.megaleiloes.com.br/imoveis/casas/ce/fortaleza/casa-131-m2-henrique-jorge-fortaleza-ce-x127209?utm_source=megaleiloes&utm_medium=link&utm_campaign=casa-131-m2-henrique-jorge-fortaleza-ce-x127209&utm_term=X127209&utm_content=link,https://cdn1.megaleiloes.com.br/batches/127209/79a6aea156318aca220fd22f222f7af7_320x240.jpg,X127209,Aberto para lances,2026-07-30T08:58:37.781220,0.0
Casa 132 m² - Jardim Japão - São Paulo - SP,Imoveis,697253.86,358571.91,1ª Praça: 03/08/2026 15:10,SP,,Judicial,Mega Leiloes,https://www.megaleiloes.com.br/imoveis/casas/sp/sao-paulo/casa-132-m2-jardim-japao-sao-paulo-sp-x127260?utm_source=megaleiloes&utm_medium=link&utm_campaign=casa-132-m2-jardim-japao-sao-paulo-sp-x127260&utm_term=X127260&utm_content=link,https://cdn1.megaleiloes.com.br/batches/127260/121e8b7335636d6a2bc30b00932b5f86_320x240.jpg,X127260,Aberto para lances,2026-07-30T08:58:37.781220,0.0
Casa 126 m² - Pompílio Sampaio - Jequié - BA,Imoveis,395420.0,278044.65,1ª Praça: 03/08/2026 15:11,BA,,Judicial,Mega Leiloes,https://www.megaleiloes.com.br/imoveis/casas/ba/jequie/casa-126-m2-pompilio-sampaio-jequie-ba-x127261?utm_source=megaleiloes&utm_medium=link&utm_campaign=casa-126-m2-pompilio-sampaio-jequie-ba-x127261&utm_term=X127261&utm_content=link,https://cdn1.megaleiloes.com.br/batches/127261/0543c841e95002cd17d7343452f69c8e_320x240.jpg,X127261,Aberto para lances,2026-07-30T08:58:37.781220,0.0
Direitos sobre Apartamento 183 m² (03 vagas) - Real Parque - São Paulo - SP,Imoveis,1703224.14,1021934.49,1ª Praça: 03/08/2026 15:30,SP,,Judicial,Mega Leiloes,https://www.megaleiloes.com.br/imoveis/apartamentos/sp/sao-paulo/direitos-sobre-apartamento-183-m2-03-vagas-real-parque-sao-paulo-sp-j126253?utm_source=megaleiloes&utm_medium=link&utm_campaign=direitos-sobre-apartamento-183-m2-03-vagas-real-parque-sao-paulo-sp-j126253&utm_term=J126253&utm_content=link,https://cdn1.megaleiloes.com.br/batches/126253/ea52229768a11708dded33c1e190e7f2_320x240.jpg,J126253,Em breve,2026-07-30T08:58:37.781220,0.0
Terreno para Incorporação 600 m² (próx. à Av. Rebouças) Leilão de Direitos - Pinheiros - São Paulo - SP,Imoveis,8292798.52,4975679.11,1ª Praça: 03/08/2026 15:30,SP,,Judicial,Mega Leiloes,https://www.megaleiloes.com.br/imoveis/terrenos-para-incorporacao/sp/sao-paulo/terreno-para-incorporacao-600-m2-prox-a-av-reboucas-leilao-de-direitos-pinheiros-sao-paulo-sp-j126409?utm_source=megaleiloes&utm_medium=link&utm_campaign=terreno-para-incorporacao-600-m2-prox-a-av-reboucas-leilao-de-direitos-pinheiros-sao-paulo-sp-j126409&utm_term=J126409&utm_content=link,https://cdn1.megaleiloes.com.br/batches/126409/50faac6f2190c56ebb22e6f48db54144_320x240.jpg,J126409,Em breve,2026-07-30T08:58:37.781220,0.0
Direitos sobre Terreno para Incorporação 1.049 m² (próx. à Av. Rubem Berta) - Vila Clementino - São Paulo - SP,Imoveis,17762969.67,10657781.8,1ª Praça: 03/08/2026 15:30,SP,,Judicial,Mega Leiloes,https://www.megaleiloes.com.br/imoveis/terrenos-e-lotes/sp/sao-paulo/direitos-sobre-terreno-para-incorporacao-1049-m2-prox-a-av-rubem-berta-vila-clementino-sao-paulo-sp-j126410?utm_source=megaleiloes&utm_medium=link&utm_campaign=direitos-sobre-terreno-para-incorporacao-1049-m2-prox-a-av-rubem-berta-vila-clementino-sao-paulo-sp-j126410&utm_term=J126410&utm_content=link,https://cdn1.megaleiloes.com.br/batches/126410/05b09606ed9e95a0ea19c70806b388e9_320x240.jpg,J126410,Em breve,2026-07-30T08:58:37.781220,0.0
Casa no Litoral com 36 m² (Conj. Residencial Monumento) - Vila Jockei Clube - São Vicente - SP,Imoveis,92304.43,46152.22,1ª Praça: 04/08/2026 11:00,SP,,Judicial,Mega Leiloes,https://www.megaleiloes.com.br/imoveis/casas/sp/sao-vicente/casa-no-litoral-com-36-m2-conj-residencial-monumento-vila-jockei-clube-sao-vicente-sp-j125054?utm_source=megaleiloes&utm_medium=link&utm_campaign=casa-no-litoral-com-36-m2-conj-residencial-monumento-vila-jockei-clube-sao-vicente-sp-j125054&utm_term=J125054&utm_content=link,https://cdn1.megaleiloes.com.br/batches/125054/81105f3208709d58f350046aef0c0c22_320x240.jpg,J125054,Aberto para lances,2026-07-30T08:58:37.781220,0.0
Imóvel Rural com 1.435 ha - São Félix do Araguaia - MT,Imoveis,35670230.1,17835115.06,1ª Praça: 04/08/2026 14:30,MT,,Judicial,Mega Leiloes,https://www.megaleiloes.com.br/imoveis/imoveis-rurais/mt/sao-felix-do-araguaia/imovel-rural-com-1435-ha-sao-felix-do-araguaia-mt-j124794?utm_source=megaleiloes&utm_medium=link&utm_campaign=imovel-rural-com-1435-ha-sao-felix-do-araguaia-mt-j124794&utm_term=J124794&utm_content=link,https://cdn1.megaleiloes.com.br/batches/124794/39caeab3e94abf0d93393aeed0f2ac80_320x240.jpg,J124794,Aberto para lances,2026-07-30T08:58:37.781220,0.0
04 Terrenos com 360 m² cada (1.440 m² total) - Jardim Noroeste - Campo Grande - MS,Imoveis,621927.9,310963.94,1ª Praça: 04/08/2026 14:30,MS,,Judicial,Mega Leiloes,https://www.megaleiloes.com.br/imoveis/terrenos-e-lotes/ms/campo-grande/04-terrenos-com-360-m2-cada-1440-m2-total-jardim-noroeste-campo-grande-ms-j124795?utm_source=megaleiloes&utm_medium=link&utm_campaign=04-terrenos-com-360-m2-cada-1440-m2-total-jardim-noroeste-campo-grande-ms-j124795&utm_term=J124795&utm_content=link,https://cdn1.megaleiloes.com.br/batches/124795/43fb82b62b77a8b616889ebb8f6aaab5_320x240.jpg,J124795,Aberto para lances,2026-07-30T08:58:37.781220,0.0
Terrenos de 250 m² (cada) - Jardim Santo Inácio - Botucatu - SP,Imoveis,1705378.59,852689.3,1ª Praça: 04/08/2026 14:31,SP,,Judicial,Mega Leiloes,https://www.megaleiloes.com.br/imoveis/terrenos-e-lotes/sp/botucatu/terrenos-de-250-m2-cada-jardim-santo-inacio-botucatu-sp-j124796?utm_source=megaleiloes&utm_medium=link&utm_campaign=terrenos-de-250-m2-cada-jardim-santo-inacio-botucatu-sp-j124796&utm_term=J124796&utm_content=link,https://cdn1.megaleiloes.com.br/batches/124796/504b69b330a3d34ad5f8e9b2fc9f3805_320x240.jpg,J124796,Aberto para lances,2026-07-30T08:58:37.781220,0.0
04 Salas Comerciais - Leilão Domínio Útil - Alphaville - Barueri - SP,Imoveis,1804110.47,902055.24,1ª Praça: 04/08/2026 15:30,SP,,Judicial,Mega Leiloes,https://www.megaleiloes.com.br/imoveis/imoveis-comerciais/sp/barueri/04-salas-comerciais-leilao-dominio-util-alphaville-barueri-sp-j125021?utm_source=megaleiloes&utm_medium=link&utm_campaign=04-salas-comerciais-leilao-dominio-util-alphaville-barueri-sp-j125021&utm_term=J125021&utm_content=link,https://cdn1.megaleiloes.com.br/batches/125021/b3057719cf88143eab597a944d625007_320x240.jpg,J125021,Aberto para lances,2026-07-30T08:58:37.781220,0.0
Casa 117 m² - Nossa Sra. de Fátima - Sobral - CE,Imoveis,270330.47,150000.0,1ª Praça: 05/08/2026 10:00,CE,,Judicial,Mega Leiloes,https://www.megaleiloes.com.br/imoveis/casas/ce/sobral/casa-117-m2-nossa-sra-de-fatima-sobral-ce-x127180?utm_source=megaleiloes&utm_medium=link&utm_campaign=casa-117-m2-nossa-sra-de-fatima-sobral-ce-x127180&utm_term=X127180&utm_content=link,https://cdn1.megaleiloes.com.br/batches/127180/3e3c64dc5a6caef9c26e82cf6ac904bd_320x240.jpg,X127180,Aberto para lances,2026-07-30T08:58:37.781220,0.0
Parte Ideal de Área com 18.121 m² - Balneário Arroio do Silva - SC,Imoveis,350000.0,350000.0,1ª Praça: 16/07/2026 14:30,SC,,Judicial,Mega Leiloes,https://www.megaleiloes.com.br/imoveis/terrenos-e-lotes/sc/balneario-arroio-do-silva/parte-ideal-de-area-com-18121-m2-balneario-arroio-do-silva-sc-j125611?utm_source=megaleiloes&utm_medium=link&utm_campaign=parte-ideal-de-area-com-18121-m2-balneario-arroio-do-silva-sc-j125611&utm_term=J125611&utm_content=link,https://cdn1.megaleiloes.com.br/batches/125611/6a39de2d66f51f881ec3c4a4ab544f80_320x240.jpg,J125611,Aberto para lances,2026-07-30T08:58:37.781220,0.0
Direitos sobre Apartamento 113 m² (01 vaga) - Liberdade - São Paulo - SP,Imoveis,405556.27,405556.27,1ª Praça: 16/07/2026 14:30,SP,,Judicial,Mega Leiloes,https://www.megaleiloes.com.br/imoveis/apartamentos/sp/sao-paulo/direitos-sobre-apartamento-113-m2-01-vaga-liberdade-sao-paulo-sp-j125612?utm_source=megaleiloes&utm_medium=link&utm_campaign=direitos-sobre-apartamento-113-m2-01-vaga-liberdade-sao-paulo-sp-j125612&utm_term=J125612&utm_content=link,https://cdn1.megaleiloes.com.br/batches/125612/2b3ca0548b5a47a78f886798291ccc96_320x240.jpg,J125612,Aberto para lances,2026-07-30T08:58:37.781220,0.0
Casa 245 m² - Praia de Fora - Palhoça - SC,Imoveis,435000.64,435000.64,1ª Praça: 21/07/2026 15:00,SC,,Judicial,Mega Leiloes,https://www.megaleiloes.com.br/imoveis/terrenos-e-lotes/sc/palhoca/casa-245-m2-praia-de-fora-palhoca-sc-j124531?utm_source=megaleiloes&utm_medium=link&utm_campaign=casa-245-m2-praia-de-fora-palhoca-sc-j124531&utm_term=J124531&utm_content=link,https://cdn1.megaleiloes.com.br/batches/124531/4bddf9e08635c53faf7e464d3f9f4a17_320x240.jpg,J124531,Aberto para lances,2026-07-30T08:58:37.781220,0.0
"Prédio Comercial 916 m² - Elói Mendes-MG - Rua Três Pontas, 657 - Centro",Imoveis,2775000.0,1876322.41,1ª Praça: 05/08/2026 15:00,Centro,,Judicial,Mega Leiloes,https://www.megaleiloes.com.br/imoveis/imoveis-comerciais/mg/eloi-mendes/predio-comercial-916-m2-eloi-mendes-mg-rua-tres-pontas-657-centro-x126884?utm_source=megaleiloes&utm_medium=link&utm_campaign=predio-comercial-916-m2-eloi-mendes-mg-rua-tres-pontas-657-centro-x126884&utm_term=X126884&utm_content=link,https://cdn1.megaleiloes.com.br/batches/126884/bf1f0a0dc222283145d12333de5bb158_320x240.jpg,X126884,Aberto para lances,2026-07-30T08:58:37.781220,0.0
Área 7 ha - Ilha do Pavão - Porto Alegre - RS,Imoveis,2755904.62,2755904.62,1ª Praça: 21/07/2026 15:01,RS,,Judicial,Mega Leiloes,https://www.megaleiloes.com.br/imoveis/terrenos-e-lotes/rs/porto-alegre/area-7-ha-ilha-do-pavao-porto-alegre-rs-j124532?utm_source=megaleiloes&utm_medium=link&utm_campaign=area-7-ha-ilha-do-pavao-porto-alegre-rs-j124532&utm_term=J124532&utm_content=link,https://cdn1.megaleiloes.com.br/batches/124532/23f4f45c727f3a1fb159ff39db64d75e_320x240.jpg,J124532,Aberto para lances,2026-07-30T08:58:37.781220,0.0
Área 4.680 m² - Ilha do Pavão - Porto Alegre - RS,Imoveis,253975.52,253975.52,1ª Praça: 21/07/2026 15:02,RS,,Judicial,Mega Leiloes,https://www.megaleiloes.com.br/imoveis/terrenos-e-lotes/rs/porto-alegre/area-4680-m2-ilha-do-pavao-porto-alegre-rs-j124533?utm_source=megaleiloes&utm_medium=link&utm_campaign=area-4680-m2-ilha-do-pavao-porto-alegre-rs-j124533&utm_term=J124533&utm_content=link,https://cdn1.megaleiloes.com.br/batches/124533/0d422e5edeca5905a57a9988554e54ea_320x240.jpg,J124533,Aberto para lances,2026-07-30T08:58:37.781220,0.0
Casa 255 m² - Camaçari-BA - Rua B-3 - Lt. 01 da Qd. C do Condomínio Canto do Sol - Barra do Jacuipe (Monte Gordo),Imoveis,1887647.15,1813983.62,1ª Praça: 05/08/2026 15:02,Barra do Jacuipe (Monte Gordo),,Judicial,Mega Leiloes,https://www.megaleiloes.com.br/imoveis/casas/ba/camacari/casa-255-m2-camacari-ba-rua-b-3-lt-01-da-qd-c-do-condominio-canto-do-sol-barra-do-jacuipe-monte-gordo-x126885?utm_source=megaleiloes&utm_medium=link&utm_campaign=casa-255-m2-camacari-ba-rua-b-3-lt-01-da-qd-c-do-condominio-canto-do-sol-barra-do-jacuipe-monte-gordo-x126885&utm_term=X126885&utm_content=link,https://cdn1.megaleiloes.com.br/batches/126885/e5ce92f01df61c25a9da0c627d7ee4d3_320x240.jpg,X126885,Aberto para lances,2026-07-30T08:58:37.781220,0.0
Área 7.302 m² - Ilha das Flores - Porto Alegre - RS,Imoveis,345839.02,345839.02,1ª Praça: 21/07/2026 15:03,RS,,Judicial,Mega Leiloes,https://www.megaleiloes.com.br/imoveis/terrenos-e-lotes/rs/porto-alegre/area-7302-m2-ilha-das-flores-porto-alegre-rs-j124534?utm_source=megaleiloes&utm_medium=link&utm_campaign=area-7302-m2-ilha-das-flores-porto-alegre-rs-j124534&utm_term=J124534&utm_content=link,https://cdn1.megaleiloes.com.br/batches/124534/0591ed4a3f28a179adf0eb4ef25fede8_320x240.jpg,J124534,Aberto para lances,2026-07-30T08:58:37.781220,0.0
"Casa 145 m² - Pompéia-SP - Rua Gov. Ademar de Barros, 97 - Conj. Habitacional Juscelino Kubtschek",Imoveis,214000.0,128400.0,1ª Praça: 05/08/2026 15:04,Conj. Habitacional Juscelino Kubtschek,,Judicial,Mega Leiloes,https://www.megaleiloes.com.br/imoveis/casas/sp/pompeia/casa-145-m2-pompeia-sp-rua-gov-ademar-de-barros-97-conj-habitacional-juscelino-kubtschek-x126886?utm_source=megaleiloes&utm_medium=link&utm_campaign=casa-145-m2-pompeia-sp-rua-gov-ademar-de-barros-97-conj-habitacional-juscelino-kubtschek-x126886&utm_term=X126886&utm_content=link,https://cdn1.megaleiloes.com.br/batches/126886/d07f2e6ab5305bca294c2946736337fb_320x240.jpg,X126886,Aberto para lances,2026-07-30T08:58:37.781220,0.0
Área Rural 8 ha - Estrela-RS - Estrada Pública da Linha Lenz - Zona Rural,Imoveis,585000.0,351000.0,1ª Praça: 05/08/2026 15:06,Zona Rural,,Judicial,Mega Leiloes,https://www.megaleiloes.com.br/imoveis/imoveis-rurais/rs/estrela/area-rural-8-ha-estrela-rs-estrada-publica-da-linha-lenz-zona-rural-x126887?utm_source=megaleiloes&utm_medium=link&utm_campaign=area-rural-8-ha-estrela-rs-estrada-publica-da-linha-lenz-zona-rural-x126887&utm_term=X126887&utm_content=link,https://cdn1.megaleiloes.com.br/batches/126887/326fce30e41ee1992ac5155f12c9d8ef_320x240.jpg,X126887,Aberto para lances,2026-07-30T08:58:37.781220,0.0
"Imóvel Residencial e Comercial 215 m² - Grão Mogol-MG - Rua C, 06 - Vila Sítio",Imoveis,651130.07,333094.6,1ª Praça: 05/08/2026 15:08,Vila Sítio,,Judicial,Mega Leiloes,https://www.megaleiloes.com.br/imoveis/imoveis-comerciais/mg/grao-mogol/imovel-residencial-e-comercial-215-m2-grao-mogol-mg-rua-c-06-vila-sitio-x126888?utm_source=megaleiloes&utm_medium=link&utm_campaign=imovel-residencial-e-comercial-215-m2-grao-mogol-mg-rua-c-06-vila-sitio-x126888&utm_term=X126888&utm_content=link,https://cdn1.megaleiloes.com.br/batches/126888/b8b83589a3d4fbab6bfdaad2b188eaaa_320x240.jpg,X126888,Aberto para lances,2026-07-30T08:58:37.781220,0.0
"Casa 154 m² - Sorocaba-SP - Rua Luiza Nunes Brasilio, 95 - Jardim Campos do Conde II",Imoveis,1256011.24,887738.28,1ª Praça: 05/08/2026 15:10,Jardim Campos do Conde II,,Judicial,Mega Leiloes,https://www.megaleiloes.com.br/imoveis/casas/sp/sorocaba/casa-154-m2-sorocaba-sp-rua-luiza-nunes-brasilio-95-jardim-campos-do-conde-ii-x126889?utm_source=megaleiloes&utm_medium=link&utm_campaign=casa-154-m2-sorocaba-sp-rua-luiza-nunes-brasilio-95-jardim-campos-do-conde-ii-x126889&utm_term=X126889&utm_content=link,https://cdn1.megaleiloes.com.br/batches/126889/1716515bfefbe572bbdd72a5afe937cd_320x240.jpg,X126889,Aberto para lances,2026-07-30T08:58:37.781220,0.0
Casa 565 m² - Angra dos Reis-RJ - Rua B - Lt. 306 da Qd. 12 - Casa 60-B do Condomínio Marbella - Pontal (Cunhambere),Imoveis,4360288.3,3613088.03,1ª Praça: 05/08/2026 15:12,Pontal (Cunhambere),,Judicial,Mega Leiloes,https://www.megaleiloes.com.br/imoveis/casas/rj/angra-dos-reis/casa-565-m2-angra-dos-reis-rj-rua-b-lt-306-da-qd-12-casa-60-b-do-condominio-marbella-pontal-cunhambere-x126890?utm_source=megaleiloes&utm_medium=link&utm_campaign=casa-565-m2-angra-dos-reis-rj-rua-b-lt-306-da-qd-12-casa-60-b-do-condominio-marbella-pontal-cunhambere-x126890&utm_term=X126890&utm_content=link,https://cdn1.megaleiloes.com.br/batches/126890/2594223e26a8f9e251c7fdb02841da25_320x240.jpg,X126890,Aberto para lances,2026-07-30T08:58:37.781220,0.0
Casa 234 m² - Rio Verde-GO - Rua Capri 05 - Lt. 15 da Qd. 03 Condomínio Residencial Villa Capri - Residencial Villa Capri,Imoveis,3334252.12,2269207.93,1ª Praça: 05/08/2026 15:14,Residencial Villa Capri,,Judicial,Mega Leiloes,https://www.megaleiloes.com.br/imoveis/casas/go/rio-verde/casa-234-m2-rio-verde-go-rua-capri-05-lt-15-da-qd-03-condominio-residencial-villa-capri-residencial-villa-capri-x126891?utm_source=megaleiloes&utm_medium=link&utm_campaign=casa-234-m2-rio-verde-go-rua-capri-05-lt-15-da-qd-03-condominio-residencial-villa-capri-residencial-villa-capri-x126891&utm_term=X126891&utm_content=link,https://cdn1.megaleiloes.com.br/batches/126891/adf867e894c87a7f4b35857448728a83_320x240.jpg,X126891,Aberto para lances,2026-07-30T08:58:37.781220,0.0
"Apartamento 66 m² - São Paulo-SP - Rua Malvina Ferrara Samarone, 195 - Apto. 1.916 - Vila Dom Pedro I",Imoveis,874149.92,547471.73,1ª Praça: 05/08/2026 15:16,Vila Dom Pedro I,,Judicial,Mega Leiloes,https://www.megaleiloes.com.br/imoveis/apartamentos/sp/sao-paulo/apartamento-66-m2-sao-paulo-sp-rua-malvina-ferrara-samarone-195-apto-1916-vila-dom-pedro-i-x126892?utm_source=megaleiloes&utm_medium=link&utm_campaign=apartamento-66-m2-sao-paulo-sp-rua-malvina-ferrara-samarone-195-apto-1916-vila-dom-pedro-i-x126892&utm_term=X126892&utm_content=link,https://cdn1.megaleiloes.com.br/batches/126892/df2a64db433f2d9148b05a080b4b0195_320x240.jpg,X126892,Aberto para lances,2026-07-30T08:58:37.781220,0.0
"Apartamento 44 m² - Itaquaquecetuba-SP - Rua Londrina, 80 - Jardim Luciana (Aracaré)",Imoveis,397214.18,207803.48,1ª Praça: 05/08/2026 15:18,Jardim Luciana (Aracaré),,Judicial,Mega Leiloes,https://www.megaleiloes.com.br/imoveis/apartamentos/sp/itaquaquecetuba/apartamento-44-m2-itaquaquecetuba-sp-rua-londrina-80-jardim-luciana-aracare-x126893?utm_source=megaleiloes&utm_medium=link&utm_campaign=apartamento-44-m2-itaquaquecetuba-sp-rua-londrina-80-jardim-luciana-aracare-x126893&utm_term=X126893&utm_content=link,https://cdn1.megaleiloes.com.br/batches/126893/a478213399eb774f2f985281bb8c8aae_320x240.jpg,X126893,Aberto para lances,2026-07-30T08:58:37.781220,0.0
"Casa 160 m² - São Carlos-SP - Av. Francisco Falvo, 1.300 - Residencial Samambaia",Imoveis,1365608.68,1147194.72,1ª Praça: 05/08/2026 15:20,Residencial Samambaia,,Judicial,Mega Leiloes,https://www.megaleiloes.com.br/imoveis/casas/sp/sao-carlos/casa-160-m2-sao-carlos-sp-av-francisco-falvo-1300-residencial-samambaia-x126895?utm_source=megaleiloes&utm_medium=link&utm_campaign=casa-160-m2-sao-carlos-sp-av-francisco-falvo-1300-residencial-samambaia-x126895&utm_term=X126895&utm_content=link,https://cdn1.megaleiloes.com.br/batches/126895/92081d7b70f2d1e65f798511e49348b9_320x240.jpg,X126895,Aberto para lances,2026-07-30T08:58:37.781220,0.0
Casa 217 m² - Goiânia-GO - Rua GGC-33 - Lt. 16 da Qd. 34 - Residencial Goiânia Golfe Clube,Imoveis,3174725.1,2041900.05,1ª Praça: 05/08/2026 15:22,Residencial Goiânia Golfe Clube,,Judicial,Mega Leiloes,https://www.megaleiloes.com.br/imoveis/casas/go/goiania/casa-217-m2-goiania-go-rua-ggc-33-lt-16-da-qd-34-residencial-goiania-golfe-clube-x126896?utm_source=megaleiloes&utm_medium=link&utm_campaign=casa-217-m2-goiania-go-rua-ggc-33-lt-16-da-qd-34-residencial-goiania-golfe-clube-x126896&utm_term=X126896&utm_content=link,https://cdn1.megaleiloes.com.br/batches/126896/a8659ad1fa7a4b76445ab2573be6da5f_320x240.jpg,X126896,Aberto para lances,2026-07-30T08:58:37.781220,0.0
Apartamento 228 m² (04 Vagas) - Morumbi - São Paulo - SP,Imoveis,609541.26,609541.26,1ª Praça: 16/07/2026 16:00,SP,,Judicial,Mega Leiloes,https://www.megaleiloes.com.br/imoveis/apartamentos/sp/sao-paulo/apartamento-228-m2-04-vagas-morumbi-sao-paulo-sp-j125738?utm_source=megaleiloes&utm_medium=link&utm_campaign=apartamento-228-m2-04-vagas-morumbi-sao-paulo-sp-j125738&utm_term=J125738&utm_content=link,https://cdn1.megaleiloes.com.br/batches/125738/55aed350cfd84614102eefb5b981fed6_320x240.jpg,J125738,Aberto para lances,2026-07-30T08:58:37.781220,0.0
Direitos sobre Terreno 1.434 m² (Condomínio Serra dos Cristais) - Jordanésia - Cajamar - SP,Imoveis,156149.66,78074.83,1ª Praça: 06/08/2026 11:00,SP,,Judicial,Mega Leiloes,https://www.megaleiloes.com.br/imoveis/terrenos-e-lotes/sp/cajamar/direitos-sobre-terreno-1434-m2-condominio-serra-dos-cristais-jordanesia-cajamar-sp-j126648?utm_source=megaleiloes&utm_medium=link&utm_campaign=direitos-sobre-terreno-1434-m2-condominio-serra-dos-cristais-jordanesia-cajamar-sp-j126648&utm_term=J126648&utm_content=link,https://cdn1.megaleiloes.com.br/batches/126648/58d730e2203f8b27ef86608884c5c567_320x240.jpg,J126648,Em breve,2026-07-30T08:58:37.781220,0.0
Imóvel Rural com área de 21.097 m² (Chácara Santa Mônica) - Mogi Guaçu - SP,Imoveis,141423.88,141423.88,1ª Praça: 16/07/2026 11:00,SP,,Judicial,Mega Leiloes,https://www.megaleiloes.com.br/imoveis/imoveis-rurais/sp/mogi-guacu/imovel-rural-com-area-de-21097-m2-chacara-santa-monica-mogi-guacu-sp-j124413?utm_source=megaleiloes&utm_medium=link&utm_campaign=imovel-rural-com-area-de-21097-m2-chacara-santa-monica-mogi-guacu-sp-j124413&utm_term=J124413&utm_content=link,https://cdn1.megaleiloes.com.br/batches/124413/0067dda059807991fd7a664a21fdab7e_320x240.jpg,J124413,Aberto para lances,2026-07-30T08:58:37.781220,0.0
"Direitos sobre Terreno com 1.316 m² - Arujazinho I, II e III - Arujá - SP",Imoveis,394080.21,236448.13,1ª Praça: 06/08/2026 14:00,SP,,Judicial,Mega Leiloes,https://www.megaleiloes.com.br/imoveis/terrenos-e-lotes/sp/aruja/direitos-sobre-terreno-com-1316-m2-arujazinho-i-ii-e-iii-aruja-sp-j126411?utm_source=megaleiloes&utm_medium=link&utm_campaign=direitos-sobre-terreno-com-1316-m2-arujazinho-i-ii-e-iii-aruja-sp-j126411&utm_term=J126411&utm_content=link,https://cdn1.megaleiloes.com.br/batches/126411/725e9b31c822b95887dec102cf305f03_320x240.jpg,J126411,Em breve,2026-07-30T08:58:37.781220,0.0
Direitos sobre Apartamento 51 m² (Condomínio frente à praia) - Canto do Forte - Praia Grande - SP,Imoveis,222920.04,222920.04,1ª Praça: 16/07/2026 14:00,SP,,Judicial,Mega Leiloes,https://www.megaleiloes.com.br/imoveis/apartamentos/sp/praia-grande/direitos-sobre-apartamento-51-m2-condominio-frente-a-praia-canto-do-forte-praia-grande-sp-j124415?utm_source=megaleiloes&utm_medium=link&utm_campaign=direitos-sobre-apartamento-51-m2-condominio-frente-a-praia-canto-do-forte-praia-grande-sp-j124415&utm_term=J124415&utm_content=link,https://cdn1.megaleiloes.com.br/batches/124415/7a013b1d59b6afd7b9f69401aa39726f_320x240.jpg,J124415,Aberto para lances,2026-07-30T08:58:37.781220,0.0
"Apartamento 87 m² - Fortaleza-CE - Rua Ageu Romero, 100 - Apto. 202 - São Gerardo",Imoveis,119000.0,119000.0,Data: 06/08/2026 14:02,São Gerardo,,Judicial,Mega Leiloes,https://www.megaleiloes.com.br/imoveis/apartamentos/ce/fortaleza/apartamento-87-m2-fortaleza-ce-rua-ageu-romero-100-apto-202-sao-gerardo-x127124?utm_source=megaleiloes&utm_medium=link&utm_campaign=apartamento-87-m2-fortaleza-ce-rua-ageu-romero-100-apto-202-sao-gerardo-x127124&utm_term=X127124&utm_content=link,https://cdn1.megaleiloes.com.br/batches/127124/c91771e69dc7d3bd1017d27b9387563e_320x240.jpg,X127124,Aberto para lances,2026-07-30T08:58:37.781220,0.0
Casa 209 m² - Goiânia-GO - Rua JC-28 - Lt. 19 da Qd. 16 - Jardim Curitiba,Imoveis,195000.0,195000.0,Data: 06/08/2026 14:04,Jardim Curitiba,,Judicial,Mega Leiloes,https://www.megaleiloes.com.br/imoveis/casas/go/goiania/casa-209-m2-goiania-go-rua-jc-28-lt-19-da-qd-16-jardim-curitiba-x127125?utm_source=megaleiloes&utm_medium=link&utm_campaign=casa-209-m2-goiania-go-rua-jc-28-lt-19-da-qd-16-jardim-curitiba-x127125&utm_term=X127125&utm_content=link,https://cdn1.megaleiloes.com.br/batches/127125/96d3db274fa9fe18fe332205ddf043bd_320x240.jpg,X127125,Aberto para lances,2026-07-30T08:58:37.781220,0.0
Casa 108 m² - Trindade-GO - Rua Félix Teixeira Ramos - Lt. 15 da Qd. 24 - Casa 02 - Setor dos Bandeirantes,Imoveis,181000.0,181000.0,Data: 06/08/2026 14:06,Setor dos Bandeirantes,,Judicial,Mega Leiloes,https://www.megaleiloes.com.br/imoveis/casas/go/trindade/casa-108-m2-trindade-go-rua-felix-teixeira-ramos-lt-15-da-qd-24-casa-02-setor-dos-bandeirantes-x127126?utm_source=megaleiloes&utm_medium=link&utm_campaign=casa-108-m2-trindade-go-rua-felix-teixeira-ramos-lt-15-da-qd-24-casa-02-setor-dos-bandeirantes-x127126&utm_term=X127126&utm_content=link,https://cdn1.megaleiloes.com.br/batches/127126/61b97375c5e3efb9666500cf4f07bfcb_320x240.jpg,X127126,Aberto para lances,2026-07-30T08:58:37.781220,0.0
Casa 358 m² - Goiânia-GO - Rua GV-04 - Lt. 05 da Qd. 07 - Residencial Granville,Imoveis,1689000.0,1689000.0,Data: 06/08/2026 14:08,Residencial Granville,,Judicial,Mega Leiloes,https://www.megaleiloes.com.br/imoveis/casas/go/goiania/casa-358-m2-goiania-go-rua-gv-04-lt-05-da-qd-07-residencial-granville-x127127?utm_source=megaleiloes&utm_medium=link&utm_campaign=casa-358-m2-goiania-go-rua-gv-04-lt-05-da-qd-07-residencial-granville-x127127&utm_term=X127127&utm_content=link,https://cdn1.megaleiloes.com.br/batches/127127/9f1d647ebe4ce644b70fd128c9c5ba35_320x240.jpg,X127127,Aberto para lances,2026-07-30T08:58:37.781220,0.0
Casa 98 m² - Aparecida de Goiânia-GO - Rua Zeolita - Parte do Lt.21 da Qd. 8-A - Pontal Sul - Acréscimo,Imoveis,197000.0,197000.0,Data: 06/08/2026 14:10,Acréscimo,,Judicial,Mega Leiloes,https://www.megaleiloes.com.br/imoveis/casas/go/aparecida-de-goiania/casa-98-m2-aparecida-de-goiania-go-rua-zeolita-parte-do-lt21-da-qd-8-a-pontal-sul-acrescimo-x127128?utm_source=megaleiloes&utm_medium=link&utm_campaign=casa-98-m2-aparecida-de-goiania-go-rua-zeolita-parte-do-lt21-da-qd-8-a-pontal-sul-acrescimo-x127128&utm_term=X127128&utm_content=link,https://cdn1.megaleiloes.com.br/batches/127128/c7eee3fede7343834bbb3ad5785f47e4_320x240.jpg,X127128,Aberto para lances,2026-07-30T08:58:37.781220,0.0
"Casa 162 m² - Jataí-GO - Rua 37, 350 - Residencial das Brisas",Imoveis,472000.0,472000.0,Data: 06/08/2026 14:12,Residencial das Brisas,,Judicial,Mega Leiloes,https://www.megaleiloes.com.br/imoveis/casas/go/jatai/casa-162-m2-jatai-go-rua-37-350-residencial-das-brisas-x127129?utm_source=megaleiloes&utm_medium=link&utm_campaign=casa-162-m2-jatai-go-rua-37-350-residencial-das-brisas-x127129&utm_term=X127129&utm_content=link,https://cdn1.megaleiloes.com.br/batches/127129/c00c6c882e114645a0ae858ca7f89b32_320x240.jpg,X127129,Aberto para lances,2026-07-30T08:58:37.781220,0.0
"Casa 517 m² - Campo Grande-MS - Rua dos Andradas, 239 - Sobrinho",Imoveis,461000.0,461000.0,Data: 06/08/2026 14:14,Sobrinho,,Judicial,Mega Leiloes,https://www.megaleiloes.com.br/imoveis/casas/ms/campo-grande/casa-517-m2-campo-grande-ms-rua-dos-andradas-239-sobrinho-x127131?utm_source=megaleiloes&utm_medium=link&utm_campaign=casa-517-m2-campo-grande-ms-rua-dos-andradas-239-sobrinho-x127131&utm_term=X127131&utm_content=link,https://cdn1.megaleiloes.com.br/batches/127131/edb17d286c408e1f2dfeff2f3eb1af60_320x240.jpg,X127131,Aberto para lances,2026-07-30T08:58:37.781220,0.0
"Casa 211 m² - Cuiabá-MT - Rua 09, 348 - Altos do Coxipó",Imoveis,372000.0,372000.0,Data: 06/08/2026 14:16,Altos do Coxipó,,Judicial,Mega Leiloes,https://www.megaleiloes.com.br/imoveis/casas/mt/cuiaba/casa-211-m2-cuiaba-mt-rua-09-348-altos-do-coxipo-x127135?utm_source=megaleiloes&utm_medium=link&utm_campaign=casa-211-m2-cuiaba-mt-rua-09-348-altos-do-coxipo-x127135&utm_term=X127135&utm_content=link,https://cdn1.megaleiloes.com.br/batches/127135/9317b1244d58a593c2d073bbd9f60f77_320x240.jpg,X127135,Aberto para lances,2026-07-30T08:58:37.781220,0.0
"Imóvel Residencial e Comercial 329 m² - João Pessoa-PB - Rua Senador João Lira, 212 - Jaguaribe",Imoveis,340000.0,340000.0,Data: 06/08/2026 14:18,Jaguaribe,,Judicial,Mega Leiloes,https://www.megaleiloes.com.br/imoveis/imoveis-comerciais/pb/joao-pessoa/imovel-residencial-e-comercial-329-m2-joao-pessoa-pb-rua-senador-joao-lira-212-jaguaribe-x127136?utm_source=megaleiloes&utm_medium=link&utm_campaign=imovel-residencial-e-comercial-329-m2-joao-pessoa-pb-rua-senador-joao-lira-212-jaguaribe-x127136&utm_term=X127136&utm_content=link,https://cdn1.megaleiloes.com.br/batches/127136/234cb67df4c46ea901ce85a341a7b592_320x240.jpg,X127136,Aberto para lances,2026-07-30T08:58:37.781220,0.0
"Casa 143 m² - Rio de Janeiro-RJ - Projetada 1, 172 - Lt. 81-A - Realengo",Imoveis,139000.0,139000.0,Data: 06/08/2026 14:20,Realengo,,Judicial,Mega Leiloes,https://www.megaleiloes.com.br/imoveis/casas/rj/rio-de-janeiro/casa-143-m2-rio-de-janeiro-rj-projetada-1-172-lt-81-a-realengo-x127139?utm_source=megaleiloes&utm_medium=link&utm_campaign=casa-143-m2-rio-de-janeiro-rj-projetada-1-172-lt-81-a-realengo-x127139&utm_term=X127139&utm_content=link,https://cdn1.megaleiloes.com.br/batches/127139/69ade7dc66464e096eef8c1c25997367_320x240.jpg,X127139,Aberto para lances,2026-07-30T08:58:37.781220,0.0
"Apartamento 151 m² - Campos dos Goytacazes-RJ - Rua Treze de Maio, 185 - Apto. 10 - Centro",Imoveis,193000.0,193000.0,Data: 06/08/2026 14:22,Centro,,Judicial,Mega Leiloes,https://www.megaleiloes.com.br/imoveis/apartamentos/rj/campos-dos-goytacazes/apartamento-151-m2-campos-dos-goytacazes-rj-rua-treze-de-maio-185-apto-10-centro-x127140?utm_source=megaleiloes&utm_medium=link&utm_campaign=apartamento-151-m2-campos-dos-goytacazes-rj-rua-treze-de-maio-185-apto-10-centro-x127140&utm_term=X127140&utm_content=link,https://cdn1.megaleiloes.com.br/batches/127140/34e131d71bc2727dd97b975bb2336372_320x240.jpg,X127140,Aberto para lances,2026-07-30T08:58:37.781220,0.0
"Apartamento 45 m² (privativa + comum) - Rio de Janeiro-RJ - Av. Pastor Martin Luther King  Junior, 6.400 - Apto 1.302 - Tomás Coelho",Imoveis,66000.0,66000.0,Data: 06/08/2026 14:24,Tomás Coelho,,Judicial,Mega Leiloes,https://www.megaleiloes.com.br/imoveis/apartamentos/rj/rio-de-janeiro/apartamento-45-m2-privativa--comum-rio-de-janeiro-rj-av-pastor-martin-luther-king-junior-6400-apto-1302-tomas-coelho-x127141?utm_source=megaleiloes&utm_medium=link&utm_campaign=apartamento-45-m2-privativa--comum-rio-de-janeiro-rj-av-pastor-martin-luther-king-junior-6400-apto-1302-tomas-coelho-x127141&utm_term=X127141&utm_content=link,https://cdn1.megaleiloes.com.br/batches/127141/c2d0eef771828229e3c48f5fbeff056a_320x240.jpg,X127141,Aberto para lances,2026-07-30T08:58:37.781220,0.0
"Apartamento 39 m² - Caxias do Sul-RS - Rua José Francisco Goulart, 430 - Apto. 301 - Charqueadas",Imoveis,89000.0,89000.0,Data: 06/08/2026 14:26,Charqueadas,,Judicial,Mega Leiloes,https://www.megaleiloes.com.br/imoveis/apartamentos/rs/caxias-do-sul/apartamento-39-m2-caxias-do-sul-rs-rua-jose-francisco-goulart-430-apto-301-charqueadas-x127142?utm_source=megaleiloes&utm_medium=link&utm_campaign=apartamento-39-m2-caxias-do-sul-rs-rua-jose-francisco-goulart-430-apto-301-charqueadas-x127142&utm_term=X127142&utm_content=link,https://cdn1.megaleiloes.com.br/batches/127142/be9aac14ba84e1e3cbaef1347f96f7ba_320x240.jpg,X127142,Aberto para lances,2026-07-30T08:58:37.781220,0.0
"Apartamento 60 m² - São Paulo-SP - Rua Tapari, 158 - Apto. 606-A - Vila Esperança",Imoveis,253000.0,253000.0,Data: 06/08/2026 14:28,Vila Esperança,,Judicial,Mega Leiloes,https://www.megaleiloes.com.br/imoveis/apartamentos/sp/sao-paulo/apartamento-60-m2-sao-paulo-sp-rua-tapari-158-apto-606-a-vila-esperanca-x127144?utm_source=megaleiloes&utm_medium=link&utm_campaign=apartamento-60-m2-sao-paulo-sp-rua-tapari-158-apto-606-a-vila-esperanca-x127144&utm_term=X127144&utm_content=link,https://cdn1.megaleiloes.com.br/batches/127144/498928005c4b7cc2908ff180a30d72f8_320x240.jpg,X127144,Aberto para lances,2026-07-30T08:58:37.781220,0.0
"Escritório 37 m² - São Paulo-SP - Rua Conselheiro Brotero, 528 - Escritório 512 - Barra Funda",Imoveis,239000.0,239000.0,Data: 06/08/2026 14:30,Barra Funda,,Judicial,Mega Leiloes,https://www.megaleiloes.com.br/imoveis/imoveis-comerciais/sp/sao-paulo/escritorio-37-m2-sao-paulo-sp-rua-conselheiro-brotero-528-escritorio-512-barra-funda-x127145?utm_source=megaleiloes&utm_medium=link&utm_campaign=escritorio-37-m2-sao-paulo-sp-rua-conselheiro-brotero-528-escritorio-512-barra-funda-x127145&utm_term=X127145&utm_content=link,https://cdn1.megaleiloes.com.br/batches/127145/9b033babba0aeb435d2ddadb136d2b19_320x240.jpg,X127145,Aberto para lances,2026-07-30T08:58:37.781220,0.0
"Casa 70 m² - Cotia-SP - Rua dos Agrimensores, 588 - Casa 41 do Condomínio Buona Vitta Granja Viana - Moinho Velho",Imoveis,262000.0,262000.0,Data: 06/08/2026 14:32,Moinho Velho,,Judicial,Mega Leiloes,https://www.megaleiloes.com.br/imoveis/casas/sp/cotia/casa-70-m2-cotia-sp-rua-dos-agrimensores-588-casa-41-do-condominio-buona-vitta-granja-viana-moinho-velho-x127146?utm_source=megaleiloes&utm_medium=link&utm_campaign=casa-70-m2-cotia-sp-rua-dos-agrimensores-588-casa-41-do-condominio-buona-vitta-granja-viana-moinho-velho-x127146&utm_term=X127146&utm_content=link,https://cdn1.megaleiloes.com.br/batches/127146/dda98bc3c83fa901584134f45c77b5e4_320x240.jpg,X127146,Aberto para lances,2026-07-30T08:58:37.781220,0.0
"Casa 97 m² - Cotia-SP - Rua dos Coqueirais, 203 - Casa 84 do Tipo 2A - Graça",Imoveis,230000.0,230000.0,Data: 06/08/2026 14:34,Graça,,Judicial,Mega Leiloes,https://www.megaleiloes.com.br/imoveis/casas/sp/cotia/casa-97-m2-cotia-sp-rua-dos-coqueirais-203-casa-84-do-tipo-2a-graca-x127147?utm_source=megaleiloes&utm_medium=link&utm_campaign=casa-97-m2-cotia-sp-rua-dos-coqueirais-203-casa-84-do-tipo-2a-graca-x127147&utm_term=X127147&utm_content=link,https://cdn1.megaleiloes.com.br/batches/127147/5a015bbb51180a6bc9b6d5ab3f719a16_320x240.jpg,X127147,Aberto para lances,2026-07-30T08:58:37.781220,0.0
"Casa 220 m² - Rio Claro-SP - Rua M-3, 492 - Florianópolis",Imoveis,344000.0,344000.0,Data: 06/08/2026 14:36,Florianópolis,,Judicial,Mega Leiloes,https://www.megaleiloes.com.br/imoveis/casas/sp/rio-claro/casa-220-m2-rio-claro-sp-rua-m-3-492-florianopolis-x127148?utm_source=megaleiloes&utm_medium=link&utm_campaign=casa-220-m2-rio-claro-sp-rua-m-3-492-florianopolis-x127148&utm_term=X127148&utm_content=link,https://cdn1.megaleiloes.com.br/batches/127148/8cc8041a447890fea7f85e06ace2d668_320x240.jpg,X127148,Aberto para lances,2026-07-30T08:58:37.781220,0.0
Casa 411 m² - Araguaína-TO - Av. Marechal Castelo Branco - esquina com Rua Machado de Assis - Lt. 11 da Qd. J - Chácara 89,Imoveis,1057000.0,1057000.0,Data: 06/08/2026 14:38,Chácara 89,,Judicial,Mega Leiloes,https://www.megaleiloes.com.br/imoveis/casas/to/araguaina/casa-411-m2-araguaina-to-av-marechal-castelo-branco-esquina-com-rua-machado-de-assis-lt-11-da-qd-j-chacara-89-x127149?utm_source=megaleiloes&utm_medium=link&utm_campaign=casa-411-m2-araguaina-to-av-marechal-castelo-branco-esquina-com-rua-machado-de-assis-lt-11-da-qd-j-chacara-89-x127149&utm_term=X127149&utm_content=link,https://cdn1.megaleiloes.com.br/batches/127149/614068a4cee56fa330523105c9b1e168_320x240.jpg,X127149,Aberto para lances,2026-07-30T08:58:37.781220,0.0
Prédio Comercial 91 m² - Centro - Sorocaba - SP,Imoveis,663000.0,663000.0,Data: 06/08/2026 15:00,SP,,Judicial,Mega Leiloes,https://www.megaleiloes.com.br/imoveis/imoveis-comerciais/sp/sorocaba/predio-comercial-91-m2-centro-sorocaba-sp-x127298?utm_source=megaleiloes&utm_medium=link&utm_campaign=predio-comercial-91-m2-centro-sorocaba-sp-x127298&utm_term=X127298&utm_content=link,https://cdn1.megaleiloes.com.br/batches/127298/84290c5b06ebab50d90d14f66129aef6_320x240.jpg,X127298,Aberto para lances,2026-07-30T08:58:37.781220,0.0
Direitos sobre Casa em Terreno 1.000 m² - Campo Belo - São Paulo - SP,Imoveis,4089071.32,2044535.66,1ª Praça: 06/08/2026 15:00,SP,,Judicial,Mega Leiloes,https://www.megaleiloes.com.br/imoveis/casas/sp/sao-paulo/direitos-sobre-casa-em-terreno-1000-m2-campo-belo-sao-paulo-sp-j126129?utm_source=megaleiloes&utm_medium=link&utm_campaign=direitos-sobre-casa-em-terreno-1000-m2-campo-belo-sao-paulo-sp-j126129&utm_term=J126129&utm_content=link,https://cdn1.megaleiloes.com.br/batches/126129/3cf259f6e2d02247671e707ff59db929_320x240.jpg,J126129,Em breve,2026-07-30T08:58:37.781220,0.0
Apartamento 109 m² (02 vagas) - próx. à Av. Paulista - Jardim Paulista - São Paulo - SP,Imoveis,1534660.61,920796.37,1ª Praça: 06/08/2026 15:00,SP,,Judicial,Mega Leiloes,https://www.megaleiloes.com.br/imoveis/apartamentos/sp/sao-paulo/apartamento-109-m2-02-vagas-prox-a-av-paulista-jardim-paulista-sao-paulo-sp-j126416?utm_source=megaleiloes&utm_medium=link&utm_campaign=apartamento-109-m2-02-vagas-prox-a-av-paulista-jardim-paulista-sao-paulo-sp-j126416&utm_term=J126416&utm_content=link,https://cdn1.megaleiloes.com.br/batches/126416/bdc1e049d75c65c262fc69c1cfbc376c_320x240.jpg,J126416,Em breve,2026-07-30T08:58:37.781220,0.0
Prédio Comercial 157 m² - Jardim Novo Horizonte - Ilha Solteira - SP,Imoveis,236000.0,236000.0,Data: 06/08/2026 15:01,SP,,Judicial,Mega Leiloes,https://www.megaleiloes.com.br/imoveis/imoveis-comerciais/sp/ilha-solteira/predio-comercial-157-m2-jardim-novo-horizonte-ilha-solteira-sp-x127299?utm_source=megaleiloes&utm_medium=link&utm_campaign=predio-comercial-157-m2-jardim-novo-horizonte-ilha-solteira-sp-x127299&utm_term=X127299&utm_content=link,https://cdn1.megaleiloes.com.br/batches/127299/0812ffc9cd1c6ba0d51a05a760d74d52_320x240.jpg,X127299,Aberto para lances,2026-07-30T08:58:37.781220,0.0
Prédio Comercial 715 m² - Jardim Peris - Conchal - SP,Imoveis,1700000.0,1700000.0,Data: 06/08/2026 15:02,SP,,Judicial,Mega Leiloes,https://www.megaleiloes.com.br/imoveis/imoveis-comerciais/sp/conchal/predio-comercial-715-m2-jardim-peris-conchal-sp-x127300?utm_source=megaleiloes&utm_medium=link&utm_campaign=predio-comercial-715-m2-jardim-peris-conchal-sp-x127300&utm_term=X127300&utm_content=link,https://cdn1.megaleiloes.com.br/batches/127300/318771fe34024d31e9519e7d97ea6329_320x240.jpg,X127300,Aberto para lances,2026-07-30T08:58:37.781220,0.0
Prédio Comercial 316 m² - Nova Imperatriz - Imperatriz - MA,Imoveis,400000.0,400000.0,Data: 06/08/2026 15:03,MA,,Judicial,Mega Leiloes,https://www.megaleiloes.com.br/imoveis/imoveis-comerciais/ma/imperatriz/predio-comercial-316-m2-nova-imperatriz-imperatriz-ma-x127301?utm_source=megaleiloes&utm_medium=link&utm_campaign=predio-comercial-316-m2-nova-imperatriz-imperatriz-ma-x127301&utm_term=X127301&utm_content=link,https://cdn1.megaleiloes.com.br/batches/127301/fcb70072cbcd39f87e1a2692c7d17fcc_320x240.jpg,X127301,Aberto para lances,2026-07-30T08:58:37.781220,0.0
Loja 358 m² - Centro - Guaíra - SP,Imoveis,1400000.0,1400000.0,Data: 06/08/2026 15:04,SP,,Judicial,Mega Leiloes,https://www.megaleiloes.com.br/imoveis/imoveis-comerciais/sp/guaira/loja-358-m2-centro-guaira-sp-x127302?utm_source=megaleiloes&utm_medium=link&utm_campaign=loja-358-m2-centro-guaira-sp-x127302&utm_term=X127302&utm_content=link,https://cdn1.megaleiloes.com.br/batches/127302/515473808141313b8b861811350fdafb_320x240.jpg,X127302,Aberto para lances,2026-07-30T08:58:37.781220,0.0
Prédio Comercial 240 m² - Parque Roosevelt - Bauru - SP,Imoveis,483000.0,483000.0,Data: 06/08/2026 15:05,SP,,Judicial,Mega Leiloes,https://www.megaleiloes.com.br/imoveis/imoveis-comerciais/sp/bauru/predio-comercial-240-m2-parque-roosevelt-bauru-sp-x127303?utm_source=megaleiloes&utm_medium=link&utm_campaign=predio-comercial-240-m2-parque-roosevelt-bauru-sp-x127303&utm_term=X127303&utm_content=link,https://cdn1.megaleiloes.com.br/batches/127303/2cd85e54e3fa64a43aed987f1827fb83_320x240.jpg,X127303,Aberto para lances,2026-07-30T08:58:37.781220,0.0
Prédio Comercial 160 m² - Marina - Cachoeira do Sul - RS,Imoveis,330000.0,330000.0,Data: 06/08/2026 15:06,RS,,Judicial,Mega Leiloes,https://www.megaleiloes.com.br/imoveis/imoveis-comerciais/rs/cachoeira-do-sul/predio-comercial-160-m2-marina-cachoeira-do-sul-rs-x127304?utm_source=megaleiloes&utm_medium=link&utm_campaign=predio-comercial-160-m2-marina-cachoeira-do-sul-rs-x127304&utm_term=X127304&utm_content=link,https://cdn1.megaleiloes.com.br/batches/127304/31aba57479a4d02a18c898c302b662d3_320x240.jpg,X127304,Aberto para lances,2026-07-30T08:58:37.781220,0.0
Prédio Comercial 317 m² - Liberdade - Manacapuru - AM,Imoveis,400000.0,400000.0,Data: 06/08/2026 15:07,AM,,Judicial,Mega Leiloes,https://www.megaleiloes.com.br/imoveis/imoveis-comerciais/am/manacapuru/predio-comercial-317-m2-liberdade-manacapuru-am-x127305?utm_source=megaleiloes&utm_medium=link&utm_campaign=predio-comercial-317-m2-liberdade-manacapuru-am-x127305&utm_term=X127305&utm_content=link,https://cdn1.megaleiloes.com.br/batches/127305/f6baa13aa5ebb1d565b6ee626db053ba_320x240.jpg,X127305,Aberto para lances,2026-07-30T08:58:37.781220,0.0
Prédio Comercial 603 m² - Jordanópolis - São Bernardo do Campo - SP,Imoveis,1099999.0,1099999.0,Data: 06/08/2026 15:08,SP,,Judicial,Mega Leiloes,https://www.megaleiloes.com.br/imoveis/imoveis-comerciais/sp/sao-bernardo-do-campo/predio-comercial-603-m2-jordanopolis-sao-bernardo-do-campo-sp-x127306?utm_source=megaleiloes&utm_medium=link&utm_campaign=predio-comercial-603-m2-jordanopolis-sao-bernardo-do-campo-sp-x127306&utm_term=X127306&utm_content=link,https://cdn1.megaleiloes.com.br/batches/127306/fecb554cfa1f81521179f9bdca6e00ce_320x240.jpg,X127306,Aberto para lances,2026-07-30T08:58:37.781220,0.0
Ex-Agência 2.700 m² - Centro Histórico - Porto Alegre - RS,Imoveis,4830000.0,4830000.0,Data: 06/08/2026 15:09,RS,,Judicial,Mega Leiloes,https://www.megaleiloes.com.br/imoveis/imoveis-comerciais/rs/porto-alegre/ex-agencia-2700-m2-centro-historico-porto-alegre-rs-x127307?utm_source=megaleiloes&utm_medium=link&utm_campaign=ex-agencia-2700-m2-centro-historico-porto-alegre-rs-x127307&utm_term=X127307&utm_content=link,https://cdn1.megaleiloes.com.br/batches/127307/016b7143e0a12e1ca240a0aa84e33b43_320x240.jpg,X127307,Aberto para lances,2026-07-30T08:58:37.781220,0.0
Prédio Comercial 500 m² - Jardim América - Jaú - SP,Imoveis,683000.0,683000.0,Data: 06/08/2026 15:10,SP,,Judicial,Mega Leiloes,https://www.megaleiloes.com.br/imoveis/imoveis-comerciais/sp/jau/predio-comercial-500-m2-jardim-america-jau-sp-x127308?utm_source=megaleiloes&utm_medium=link&utm_campaign=predio-comercial-500-m2-jardim-america-jau-sp-x127308&utm_term=X127308&utm_content=link,https://cdn1.megaleiloes.com.br/batches/127308/e79c2716b37f00e8e261ebb3a0a40c1f_320x240.jpg,X127308,Aberto para lances,2026-07-30T08:58:37.781220,0.0
Imóvel Comercial 50 m² (Loja 306) - República - São Paulo - SP,Imoveis,602000.0,602000.0,Data: 06/08/2026 15:11,SP,,Judicial,Mega Leiloes,https://www.megaleiloes.com.br/imoveis/imoveis-comerciais/sp/sao-paulo/imovel-comercial-50-m2-loja-306-republica-sao-paulo-sp-x127309?utm_source=megaleiloes&utm_medium=link&utm_campaign=imovel-comercial-50-m2-loja-306-republica-sao-paulo-sp-x127309&utm_term=X127309&utm_content=link,https://cdn1.megaleiloes.com.br/batches/127309/29d554f1644c6664b74efc9672d80010_320x240.jpg,X127309,Aberto para lances,2026-07-30T08:58:37.781220,0.0
Imóvel Rural com Área de 72.600 m² (Sítio Alvorada) - Nova Tebas - PR,Imoveis,417300.0,417300.0,Data: 06/08/2026 15:12,PR,,Judicial,Mega Leiloes,https://www.megaleiloes.com.br/imoveis/terrenos-e-lotes/pr/nova-tebas/imovel-rural-com-area-de-72600-m2-sitio-alvorada-nova-tebas-pr-x127310?utm_source=megaleiloes&utm_medium=link&utm_campaign=imovel-rural-com-area-de-72600-m2-sitio-alvorada-nova-tebas-pr-x127310&utm_term=X127310&utm_content=link,https://cdn1.megaleiloes.com.br/batches/127310/6cc39ae04ff1ba730a8b481b9a739fb5_320x240.jpg,X127310,Aberto para lances,2026-07-30T08:58:37.781220,0.0
Prédio Comercial 194 m² - Parque dos Presidentes - Tramandaí - RS,Imoveis,420000.0,420000.0,Data: 06/08/2026 15:13,RS,,Judicial,Mega Leiloes,https://www.megaleiloes.com.br/imoveis/imoveis-comerciais/rs/tramandai/predio-comercial-194-m2-parque-dos-presidentes-tramandai-rs-x127311?utm_source=megaleiloes&utm_medium=link&utm_campaign=predio-comercial-194-m2-parque-dos-presidentes-tramandai-rs-x127311&utm_term=X127311&utm_content=link,https://cdn1.megaleiloes.com.br/batches/127311/874051316651d73a39ba85c2beedb3ff_320x240.jpg,X127311,Aberto para lances,2026-07-30T08:58:37.781220,0.0
Prédio Comercial 540 m² - Santa Eliza - Votuporanga - SP,Imoveis,1050000.0,1050000.0,Data: 06/08/2026 15:14,SP,,Judicial,Mega Leiloes,https://www.megaleiloes.com.br/imoveis/imoveis-comerciais/sp/votuporanga/predio-comercial-540-m2-santa-eliza-votuporanga-sp-x127312?utm_source=megaleiloes&utm_medium=link&utm_campaign=predio-comercial-540-m2-santa-eliza-votuporanga-sp-x127312&utm_term=X127312&utm_content=link,https://cdn1.megaleiloes.com.br/batches/127312/099925c11b1d7670e77255a027b60f5a_320x240.jpg,X127312,Aberto para lances,2026-07-30T08:58:37.781220,0.0
Imóvel Rural com Área de 30.250 m² (Gleba 14) - Colônia Muquilão - Nova Tebas - PR,Imoveis,246100.0,246100.0,Data: 06/08/2026 15:15,PR,,Judicial,Mega Leiloes,https://www.megaleiloes.com.br/imoveis/terrenos-e-lotes/pr/nova-tebas/imovel-rural-com-area-de-30250-m2-gleba-14-colonia-muquilao-nova-tebas-pr-x127313?utm_source=megaleiloes&utm_medium=link&utm_campaign=imovel-rural-com-area-de-30250-m2-gleba-14-colonia-muquilao-nova-tebas-pr-x127313&utm_term=X127313&utm_content=link,https://cdn1.megaleiloes.com.br/batches/127313/0c9987d027fef465f4e8c7ef9b38ba28_320x240.jpg,X127313,Aberto para lances,2026-07-30T08:58:37.781220,0.0
Imóvel Rural com Área de 72.600 m² (Gleba Alvorada) - Colônia Muquilão - Nova Tebas - PR,Imoveis,492200.0,492200.0,Data: 06/08/2026 15:16,PR,,Judicial,Mega Leiloes,https://www.megaleiloes.com.br/imoveis/terrenos-e-lotes/pr/nova-tebas/imovel-rural-com-area-de-72600-m2-gleba-alvorada-colonia-muquilao-nova-tebas-pr-x127314?utm_source=megaleiloes&utm_medium=link&utm_campaign=imovel-rural-com-area-de-72600-m2-gleba-alvorada-colonia-muquilao-nova-tebas-pr-x127314&utm_term=X127314&utm_content=link,https://cdn1.megaleiloes.com.br/batches/127314/33050e52ae52edc8a0afad0b6444d6a8_320x240.jpg,X127314,Aberto para lances,2026-07-30T08:58:37.781220,0.0
Ex-Agência 752 m² - Centro - General Salgado - SP,Imoveis,1523000.0,1523000.0,Data: 06/08/2026 15:17,SP,,Judicial,Mega Leiloes,https://www.megaleiloes.com.br/imoveis/imoveis-comerciais/sp/general-salgado/ex-agencia-752-m2-centro-general-salgado-sp-x127316?utm_source=megaleiloes&utm_medium=link&utm_campaign=ex-agencia-752-m2-centro-general-salgado-sp-x127316&utm_term=X127316&utm_content=link,https://cdn1.megaleiloes.com.br/batches/127316/4e4687f5452ed99a83c540d4389982c9_320x240.jpg,X127316,Aberto para lances,2026-07-30T08:58:37.781220,0.0
Imóvel Comercial 252 m² - Cidade Nova - Marabá - PA,Imoveis,1182000.0,1182000.0,Data: 06/08/2026 15:18,PA,,Judicial,Mega Leiloes,https://www.megaleiloes.com.br/imoveis/imoveis-comerciais/pa/maraba/imovel-comercial-252-m2-cidade-nova-maraba-pa-x127336?utm_source=megaleiloes&utm_medium=link&utm_campaign=imovel-comercial-252-m2-cidade-nova-maraba-pa-x127336&utm_term=X127336&utm_content=link,https://cdn1.megaleiloes.com.br/batches/127336/e64c285a3e1a8299a351b65ad06bd7d3_320x240.jpg,X127336,Aberto para lances,2026-07-30T08:58:37.781220,0.0
Galpão 1.432 (área construída) em Terreno 7.547 m² -  Macedo - Guarulhos - SP,Imoveis,12350000.0,12350000.0,1ª Praça: 22/07/2026 15:30,SP,,Judicial,Mega Leiloes,https://www.megaleiloes.com.br/imoveis/galpoes--industriais/sp/guarulhos/galpao-1432-area-construida-em-terreno-7547-m2-macedo-guarulhos-sp-j125467?utm_source=megaleiloes&utm_medium=link&utm_campaign=galpao-1432-area-construida-em-terreno-7547-m2-macedo-guarulhos-sp-j125467&utm_term=J125467&utm_content=link,https://cdn1.megaleiloes.com.br/batches/125467/c5190f15d9b5dd86959cc22d50f8c01e_320x240.jpg,J125467,Aberto para lances,2026-07-30T08:58:37.781220,0.0
Terreno de 2.876 m² (correspondente à área livre/vaga) - Parque Continental - Osasco - SP,Imoveis,10241335.43,6144801.26,1ª Praça: 06/08/2026 15:30,SP,,Judicial,Mega Leiloes,https://www.megaleiloes.com.br/imoveis/terrenos-e-lotes/sp/osasco/terreno-de-2876-m2-correspondente-a-area-livrevaga-parque-continental-osasco-sp-j126162?utm_source=megaleiloes&utm_medium=link&utm_campaign=terreno-de-2876-m2-correspondente-a-area-livrevaga-parque-continental-osasco-sp-j126162&utm_term=J126162&utm_content=link,https://cdn1.megaleiloes.com.br/batches/126162/5f620c054269f34a3dd4b6a8cb45610e_320x240.jpg,J126162,Em breve,2026-07-30T08:58:37.781220,0.0
Casa 184 m² - Parque Jabaquara - São Paulo - SP,Imoveis,847975.34,508785.21,1ª Praça: 06/08/2026 16:30,SP,,Judicial,Mega Leiloes,https://www.megaleiloes.com.br/imoveis/casas/sp/sao-paulo/casa-184-m2-parque-jabaquara-sao-paulo-sp-j125863?utm_source=megaleiloes&utm_medium=link&utm_campaign=casa-184-m2-parque-jabaquara-sao-paulo-sp-j125863&utm_term=J125863&utm_content=link,https://cdn1.megaleiloes.com.br/batches/125863/f805835808c719c63f53bcc14f0e2c8b_320x240.jpg,J125863,Em breve,2026-07-30T08:58:37.781220,0.0
"Direitos sobre Carro Chevrolet, Prisma - 2011/2012",Imoveis,28490.0,14245.0,1ª Praça: 07/08/2026 10:00,2011/2012,,Judicial,Mega Leiloes,https://www.megaleiloes.com.br/imoveis/casas/ni/nao-informando/direitos-sobre-carro-chevrolet-prisma-20112012-j126260?utm_source=megaleiloes&utm_medium=link&utm_campaign=direitos-sobre-carro-chevrolet-prisma-20112012-j126260&utm_term=J126260&utm_content=link,https://www.megaleiloes.com.br/images/card-no-image-320x240.png,J126260,Em breve,2026-07-30T08:58:37.781220,0.0
Terreno 300 m² (Lt. 02 da Qd. F) - Jardim Brasil - Porto Feliz - SP,Imoveis,183509.6,91754.81,1ª Praça: 07/08/2026 11:00,SP,,Judicial,Mega Leiloes,https://www.megaleiloes.com.br/imoveis/terrenos-e-lotes/sp/porto-feliz/terreno-300-m2-lt-02-da-qd-f-jardim-brasil-porto-feliz-sp-j124418?utm_source=megaleiloes&utm_medium=link&utm_campaign=terreno-300-m2-lt-02-da-qd-f-jardim-brasil-porto-feliz-sp-j124418&utm_term=J124418&utm_content=link,https://cdn1.megaleiloes.com.br/batches/124418/492291ffb21759310115ad4babe780ee_320x240.jpg,J124418,Em breve,2026-07-30T08:58:37.781220,0.0
Terreno 300 m² (Lt. 03 da Qd. F) - Jardim Brasil - Porto Feliz - SP,Imoveis,183509.6,91754.81,1ª Praça: 07/08/2026 11:00,SP,,Judicial,Mega Leiloes,https://www.megaleiloes.com.br/imoveis/terrenos-e-lotes/sp/porto-feliz/terreno-300-m2-lt-03-da-qd-f-jardim-brasil-porto-feliz-sp-j124419?utm_source=megaleiloes&utm_medium=link&utm_campaign=terreno-300-m2-lt-03-da-qd-f-jardim-brasil-porto-feliz-sp-j124419&utm_term=J124419&utm_content=link,https://cdn1.megaleiloes.com.br/batches/124419/6635a9b333ceb6202c9f618ccc3dd269_320x240.jpg,J124419,Em breve,2026-07-30T08:58:37.781220,0.0
Casa 59 m² - Valparaíso de Goiás-GO - Rua 113 - Parte do Lt. 25 da Qd. 138 - Casa 01 - Pacaembu,Imoveis,22000.0,22000.0,Data: 07/08/2026 14:00,Pacaembu,,Judicial,Mega Leiloes,https://www.megaleiloes.com.br/imoveis/casas/go/valparaiso-de-goias/casa-59-m2-valparaiso-de-goias-go-rua-113-parte-do-lt-25-da-qd-138-casa-01-pacaembu-x125802?utm_source=megaleiloes&utm_medium=link&utm_campaign=casa-59-m2-valparaiso-de-goias-go-rua-113-parte-do-lt-25-da-qd-138-casa-01-pacaembu-x125802&utm_term=X125802&utm_content=link,https://cdn1.megaleiloes.com.br/batches/125802/f1a6ecf3257c643df597b00111d216cf_320x240.jpg,X125802,Aberto para lances,2026-07-30T08:58:37.781220,0.0
"Casa 114 m² - Maracaçumé-MA - Rua do Sol, 461 - Cidade Nova II - Sagrado Coração",Imoveis,17000.0,17000.0,Data: 07/08/2026 14:00,Sagrado Coração,,Judicial,Mega Leiloes,https://www.megaleiloes.com.br/imoveis/casas/ma/maracacume/casa-114-m2-maracacume-ma-rua-do-sol-461-cidade-nova-ii-sagrado-coracao-x125804?utm_source=megaleiloes&utm_medium=link&utm_campaign=casa-114-m2-maracacume-ma-rua-do-sol-461-cidade-nova-ii-sagrado-coracao-x125804&utm_term=X125804&utm_content=link,https://cdn1.megaleiloes.com.br/batches/125804/25fee9da0eb47435ba3cc321594be65d_320x240.jpg,X125804,Aberto para lances,2026-07-30T08:58:37.781220,0.0
"Casa 278 m² - Bela Vista do Maranhão-MA - Rua do Açude, 87 - Antônio Morais",Imoveis,65000.0,65000.0,Data: 07/08/2026 14:00,Antônio Morais,,Judicial,Mega Leiloes,https://www.megaleiloes.com.br/imoveis/casas/ma/bela-vista-do-maranhao/casa-278-m2-bela-vista-do-maranhao-ma-rua-do-acude-87-antonio-morais-x125805?utm_source=megaleiloes&utm_medium=link&utm_campaign=casa-278-m2-bela-vista-do-maranhao-ma-rua-do-acude-87-antonio-morais-x125805&utm_term=X125805&utm_content=link,https://cdn1.megaleiloes.com.br/batches/125805/2c8bb363009230b45707afeb61ff90fd_320x240.jpg,X125805,Aberto para lances,2026-07-30T08:58:37.781220,0.0
Casa 125 m² - Buriticupu-MA - Travessa Rui Barbosa - Gleba Sub-Área I - Vila Isaías,Imoveis,31000.0,31000.0,Data: 07/08/2026 14:00,Vila Isaías,,Judicial,Mega Leiloes,https://www.megaleiloes.com.br/imoveis/casas/ma/buriticupu/casa-125-m2-buriticupu-ma-travessa-rui-barbosa-gleba-sub-area-i-vila-isaias-x125806?utm_source=megaleiloes&utm_medium=link&utm_campaign=casa-125-m2-buriticupu-ma-travessa-rui-barbosa-gleba-sub-area-i-vila-isaias-x125806&utm_term=X125806&utm_content=link,https://cdn1.megaleiloes.com.br/batches/125806/c80d47835aca4d82bc9a711796e20bcd_320x240.jpg,X125806,Aberto para lances,2026-07-30T08:58:37.781220,0.0
"Casa 297 m² - Nova Iguaçu-RJ - Estrada Rio São Paulo Variante, 680 - Internamente Rua São Paulo, 300 - Paraíso",Imoveis,98000.0,98000.0,Data: 07/08/2026 14:00,Paraíso,,Judicial,Mega Leiloes,https://www.megaleiloes.com.br/imoveis/casas/rj/nova-iguacu/casa-297-m2-nova-iguacu-rj-estrada-rio-sao-paulo-variante-680-internamente-rua-sao-paulo-300-paraiso-x125811?utm_source=megaleiloes&utm_medium=link&utm_campaign=casa-297-m2-nova-iguacu-rj-estrada-rio-sao-paulo-variante-680-internamente-rua-sao-paulo-300-paraiso-x125811&utm_term=X125811&utm_content=link,https://cdn1.megaleiloes.com.br/batches/125811/ad5f5bcf51ebcac7087b25a4d2a9b7e7_320x240.jpg,X125811,Aberto para lances,2026-07-30T08:58:37.781220,0.0
"Sala Comercial 27 m² - Rio de Janeiro-RJ - Rua Dom Helder Camará, 5.644 - Sala 1108 - Engenho de Dentro",Imoveis,17000.0,17000.0,Data: 07/08/2026 14:00,Engenho de Dentro,,Judicial,Mega Leiloes,https://www.megaleiloes.com.br/imoveis/imoveis-comerciais/rj/rio-de-janeiro/sala-comercial-27-m2-rio-de-janeiro-rj-rua-dom-helder-camara-5644-sala-1108-engenho-de-dentro-x125812?utm_source=megaleiloes&utm_medium=link&utm_campaign=sala-comercial-27-m2-rio-de-janeiro-rj-rua-dom-helder-camara-5644-sala-1108-engenho-de-dentro-x125812&utm_term=X125812&utm_content=link,https://cdn1.megaleiloes.com.br/batches/125812/5563c4c1ce2f22b83f508c299b632122_320x240.jpg,X125812,Aberto para lances,2026-07-30T08:58:37.781220,0.0
"Loja 70 m² - Itaboraí-RJ - Av. 22 de Maio, 6.331 - Loja. 157 - Centro",Imoveis,11000.0,11000.0,Data: 07/08/2026 14:00,Centro,,Judicial,Mega Leiloes,https://www.megaleiloes.com.br/imoveis/imoveis-comerciais/rj/itaborai/loja-70-m2-itaborai-rj-av-22-de-maio-6331-loja-157-centro-x125816?utm_source=megaleiloes&utm_medium=link&utm_campaign=loja-70-m2-itaborai-rj-av-22-de-maio-6331-loja-157-centro-x125816&utm_term=X125816&utm_content=link,https://cdn1.megaleiloes.com.br/batches/125816/89538bd0fb0877a395f83bbc6b8586ca_320x240.jpg,X125816,Aberto para lances,2026-07-30T08:58:37.781220,0.0
"Loja 70 m² - Itaboraí-RJ - Av. 22 de Maio, 6.331 - Loja. 154 - Centro",Imoveis,38000.0,38000.0,Data: 07/08/2026 14:00,Centro,,Judicial,Mega Leiloes,https://www.megaleiloes.com.br/imoveis/imoveis-comerciais/rj/itaborai/loja-70-m2-itaborai-rj-av-22-de-maio-6331-loja-154-centro-x125817?utm_source=megaleiloes&utm_medium=link&utm_campaign=loja-70-m2-itaborai-rj-av-22-de-maio-6331-loja-154-centro-x125817&utm_term=X125817&utm_content=link,https://cdn1.megaleiloes.com.br/batches/125817/feaa82db691b42ce618a619cee2aa122_320x240.jpg,X125817,Aberto para lances,2026-07-30T08:58:37.781220,0.0
"Casa 202 m² - Criciúma-SC - Rua Ary Faraco, 30 - Vila Francesa",Imoveis,98000.0,98000.0,Data: 07/08/2026 14:00,Vila Francesa,,Judicial,Mega Leiloes,https://www.megaleiloes.com.br/imoveis/casas/sc/criciuma/casa-202-m2-criciuma-sc-rua-ary-faraco-30-vila-francesa-x125818?utm_source=megaleiloes&utm_medium=link&utm_campaign=casa-202-m2-criciuma-sc-rua-ary-faraco-30-vila-francesa-x125818&utm_term=X125818&utm_content=link,https://cdn1.megaleiloes.com.br/batches/125818/e2a2052d6703a65c33ac7cd37d24c6ef_320x240.jpg,X125818,Aberto para lances,2026-07-30T08:58:37.781220,0.0
Direitos sobre Apartamento 66 m² - Cavalhada - Porto Alegre - RS,Imoveis,190977.67,190977.67,Data: 07/08/2026 16:00,RS,,Judicial,Mega Leiloes,https://www.megaleiloes.com.br/imoveis/apartamentos/rs/porto-alegre/direitos-sobre-apartamento-66-m2-cavalhada-porto-alegre-rs-j123580?utm_source=megaleiloes&utm_medium=link&utm_campaign=direitos-sobre-apartamento-66-m2-cavalhada-porto-alegre-rs-j123580&utm_term=J123580&utm_content=link,https://cdn1.megaleiloes.com.br/batches/123580/1b66922770a4f1b8f2a5d5242148e096_320x240.jpg,J123580,Aberto para lances,2026-07-30T08:58:37.781220,0.0
Casa 181 m² - Centro - Lagoinha - SP,Imoveis,258161.69,203174.82,1ª Praça: 10/08/2026 10:00,SP,,Judicial,Mega Leiloes,https://www.megaleiloes.com.br/imoveis/casas/sp/lagoinha/casa-181-m2-centro-lagoinha-sp-x127211?utm_source=megaleiloes&utm_medium=link&utm_campaign=casa-181-m2-centro-lagoinha-sp-x127211&utm_term=X127211&utm_content=link,https://cdn1.megaleiloes.com.br/batches/127211/347a3b6178de738cad7354c389c178d2_320x240.jpg,X127211,Aberto para lances,2026-07-30T08:58:37.781220,0.0
Casa 178 m² - Jardim Morumbi-II - Bom Sucesso - PR,Imoveis,516811.5,326404.62,1ª Praça: 10/08/2026 10:01,PR,,Judicial,Mega Leiloes,https://www.megaleiloes.com.br/imoveis/casas/pr/bom-sucesso/casa-178-m2-jardim-morumbi-ii-bom-sucesso-pr-x127212?utm_source=megaleiloes&utm_medium=link&utm_campaign=casa-178-m2-jardim-morumbi-ii-bom-sucesso-pr-x127212&utm_term=X127212&utm_content=link,https://cdn1.megaleiloes.com.br/batches/127212/67d4c6924ab69484eecfb9ca5b2d342c_320x240.jpg,X127212,Aberto para lances,2026-07-30T08:58:37.781220,0.0
Casa em Condomínio 122 m² - Setor Cristina II Expansão - Trindade - GO,Imoveis,416840.84,373838.7,1ª Praça: 10/08/2026 10:02,GO,,Judicial,Mega Leiloes,https://www.megaleiloes.com.br/imoveis/casas/go/trindade/casa-em-condominio-122-m2-setor-cristina-ii-expansao-trindade-go-x127295?utm_source=megaleiloes&utm_medium=link&utm_campaign=casa-em-condominio-122-m2-setor-cristina-ii-expansao-trindade-go-x127295&utm_term=X127295&utm_content=link,https://cdn1.megaleiloes.com.br/batches/127295/f6837e96f3bad5bd9f399e7e1534a73a_320x240.jpg,X127295,Aberto para lances,2026-07-30T08:58:37.781220,0.0
Parte Ideal (1/80) sobre Casa 108 m² - Centro - Santa Cruz das Palmeiras - SP,Imoveis,4058.45,3246.76,1ª Praça: 10/08/2026 11:00,SP,,Judicial,Mega Leiloes,https://www.megaleiloes.com.br/imoveis/casas/sp/santa-cruz-das-palmeiras/parte-ideal-180-sobre-casa-108-m2-centro-santa-cruz-das-palmeiras-sp-j126733?utm_source=megaleiloes&utm_medium=link&utm_campaign=parte-ideal-180-sobre-casa-108-m2-centro-santa-cruz-das-palmeiras-sp-j126733&utm_term=J126733&utm_content=link,https://cdn1.megaleiloes.com.br/batches/126733/8985df07358f432b7c4978e879a13f6b_320x240.jpg,J126733,Em breve,2026-07-30T08:58:37.781220,0.0
Área com 5.880 m² - Parque São Gotardo - Monteiro Lobato - SP,Imoveis,169303.24,84651.62,1ª Praça: 10/08/2026 11:00,SP,,Judicial,Mega Leiloes,https://www.megaleiloes.com.br/imoveis/terrenos-e-lotes/sp/monteiro-lobato/area-com-5880-m2-parque-sao-gotardo-monteiro-lobato-sp-j126779?utm_source=megaleiloes&utm_medium=link&utm_campaign=area-com-5880-m2-parque-sao-gotardo-monteiro-lobato-sp-j126779&utm_term=J126779&utm_content=link,https://cdn1.megaleiloes.com.br/batches/126779/ee9c50341ed3ab13d19ca499b8337ded_320x240.jpg,J126779,Em breve,2026-07-30T08:58:37.781220,0.0
Domínio Útil sobre Casa 147 m² - Centro - Tanabi - SP,Imoveis,211741.64,105870.82,1ª Praça: 10/08/2026 11:30,SP,,Judicial,Mega Leiloes,https://www.megaleiloes.com.br/imoveis/casas/sp/tanabi/dominio-util-sobre-casa-147-m2-centro-tanabi-sp-j126735?utm_source=megaleiloes&utm_medium=link&utm_campaign=dominio-util-sobre-casa-147-m2-centro-tanabi-sp-j126735&utm_term=J126735&utm_content=link,https://cdn1.megaleiloes.com.br/batches/126735/e1ba6cbc068a070d1ef6580bb1dbd8c8_320x240.jpg,J126735,Em breve,2026-07-30T08:58:37.781220,0.0
Vaga de Garagem 30 m² (Unid. 122-B - Cond. Edifício Garagem Automática Padrão) - Bom Retiro - São Paulo - SP,Imoveis,47226.39,28335.84,1ª Praça: 10/08/2026 11:30,SP,,Judicial,Mega Leiloes,https://www.megaleiloes.com.br/imoveis/vagas-de-garagem/sp/sao-paulo/vaga-de-garagem-30-m2-unid-122-b-cond-edificio-garagem-automatica-padrao-bom-retiro-sao-paulo-sp-j126737?utm_source=megaleiloes&utm_medium=link&utm_campaign=vaga-de-garagem-30-m2-unid-122-b-cond-edificio-garagem-automatica-padrao-bom-retiro-sao-paulo-sp-j126737&utm_term=J126737&utm_content=link,https://cdn1.megaleiloes.com.br/batches/126737/bd8e7b172fbe9324c860db7a9af25b58_320x240.jpg,J126737,Em breve,2026-07-30T08:58:37.781220,0.0
Vaga de Garagem 10 m² (Edifício Domingos Ricci) - Santa Paula - São Caetano do Sul - SP,Imoveis,79373.04,59529.78,1ª Praça: 10/08/2026 11:30,SP,,Judicial,Mega Leiloes,https://www.megaleiloes.com.br/imoveis/vagas-de-garagem/sp/sao-caetano-do-sul/vaga-de-garagem-10-m2-edificio-domingos-ricci-santa-paula-sao-caetano-do-sul-sp-j126666?utm_source=megaleiloes&utm_medium=link&utm_campaign=vaga-de-garagem-10-m2-edificio-domingos-ricci-santa-paula-sao-caetano-do-sul-sp-j126666&utm_term=J126666&utm_content=link,https://cdn1.megaleiloes.com.br/batches/126666/d5fac254c49cfd2ce66e371ba85063d6_320x240.jpg,J126666,Em breve,2026-07-30T08:58:37.781220,0.0
Terreno 1.014 m² (Lt. 19 da Qd. AN - Condomínio Serra dos Cristais) - Jordanésia - Cajamar - SP,Imoveis,124401.85,62200.93,1ª Praça: 10/08/2026 11:30,SP,,Judicial,Mega Leiloes,https://www.megaleiloes.com.br/imoveis/terrenos-e-lotes/sp/cajamar/terreno-1014-m2-lt-19-da-qd-an-condominio-serra-dos-cristais-jordanesia-cajamar-sp-j126668?utm_source=megaleiloes&utm_medium=link&utm_campaign=terreno-1014-m2-lt-19-da-qd-an-condominio-serra-dos-cristais-jordanesia-cajamar-sp-j126668&utm_term=J126668&utm_content=link,https://cdn1.megaleiloes.com.br/batches/126668/f038e8df351bf3c733e418b85f8e7057_320x240.jpg,J126668,Em breve,2026-07-30T08:58:37.781220,0.0
Terreno 1.061 m² (Lt. 20 da Qd. AN - Condomínio Serra dos Cristais) - Jordanésia - Cajamar - SP,Imoveis,85542.87,42771.43,1ª Praça: 10/08/2026 11:30,SP,,Judicial,Mega Leiloes,https://www.megaleiloes.com.br/imoveis/terrenos-e-lotes/sp/cajamar/terreno-1061-m2-lt-20-da-qd-an-condominio-serra-dos-cristais-jordanesia-cajamar-sp-j126669?utm_source=megaleiloes&utm_medium=link&utm_campaign=terreno-1061-m2-lt-20-da-qd-an-condominio-serra-dos-cristais-jordanesia-cajamar-sp-j126669&utm_term=J126669&utm_content=link,https://cdn1.megaleiloes.com.br/batches/126669/d807ff100e401f0a5858bca3ccf58eab_320x240.jpg,J126669,Em breve,2026-07-30T08:58:37.781220,0.0
Terreno 1.008 m² (Lt. 21 da Qd. AN - Condomínio Serra dos Cristais) - Jordanésia - Cajamar - SP,Imoveis,98034.75,49017.38,1ª Praça: 10/08/2026 11:30,SP,,Judicial,Mega Leiloes,https://www.megaleiloes.com.br/imoveis/terrenos-e-lotes/sp/cajamar/terreno-1008-m2-lt-21-da-qd-an-condominio-serra-dos-cristais-jordanesia-cajamar-sp-j126671?utm_source=megaleiloes&utm_medium=link&utm_campaign=terreno-1008-m2-lt-21-da-qd-an-condominio-serra-dos-cristais-jordanesia-cajamar-sp-j126671&utm_term=J126671&utm_content=link,https://cdn1.megaleiloes.com.br/batches/126671/8bb6bd9962a4dbbf1a45e4993b2ee318_320x240.jpg,J126671,Em breve,2026-07-30T08:58:37.781220,0.0
Parte Ideal (50%) de Área com 48.400 m² (Fazenda Faxinal do Tigre) - Guatambu - SC,Imoveis,52210.39,26105.2,1ª Praça: 10/08/2026 11:30,SC,,Judicial,Mega Leiloes,https://www.megaleiloes.com.br/imoveis/imoveis-rurais/sc/guatambu/parte-ideal-50-de-area-com-48400-m2-fazenda-faxinal-do-tigre-guatambu-sc-j126188?utm_source=megaleiloes&utm_medium=link&utm_campaign=parte-ideal-50-de-area-com-48400-m2-fazenda-faxinal-do-tigre-guatambu-sc-j126188&utm_term=J126188&utm_content=link,https://cdn1.megaleiloes.com.br/batches/126188/1f5ddca48052fbd7c1fa8b656a6ad5f4_320x240.jpg,J126188,Em breve,2026-07-30T08:58:37.781220,0.0
Parte Ideal (50%) de Área com 72.600 m² (Fazenda Faxinal do Tigre) - Guatambu - SC,Imoveis,78315.58,39157.79,1ª Praça: 10/08/2026 11:30,SC,,Judicial,Mega Leiloes,https://www.megaleiloes.com.br/imoveis/imoveis-rurais/sc/guatambu/parte-ideal-50-de-area-com-72600-m2-fazenda-faxinal-do-tigre-guatambu-sc-j126189?utm_source=megaleiloes&utm_medium=link&utm_campaign=parte-ideal-50-de-area-com-72600-m2-fazenda-faxinal-do-tigre-guatambu-sc-j126189&utm_term=J126189&utm_content=link,https://cdn1.megaleiloes.com.br/batches/126189/57e58580e83f0a4b443d57258bd5872d_320x240.jpg,J126189,Em breve,2026-07-30T08:58:37.781220,0.0
Apartamento 54 m² (01 vaga) - Vila Formosa - São Paulo - SP,Imoveis,479753.49,239876.74,1ª Praça: 10/08/2026 14:00,SP,,Judicial,Mega Leiloes,https://www.megaleiloes.com.br/imoveis/apartamentos/sp/sao-paulo/apartamento-54-m2-01-vaga-vila-formosa-sao-paulo-sp-j126734?utm_source=megaleiloes&utm_medium=link&utm_campaign=apartamento-54-m2-01-vaga-vila-formosa-sao-paulo-sp-j126734&utm_term=J126734&utm_content=link,https://cdn1.megaleiloes.com.br/batches/126734/e6fe9253ef2a6f780957d38d105a3426_320x240.jpg,J126734,Em breve,2026-07-30T08:58:37.781220,0.0
Apartamento 50 m² (01 vaga) - Jardim Monte Kemel - São Paulo - SP,Imoveis,205627.64,205627.64,1ª Praça: 20/07/2026 14:00,SP,,Judicial,Mega Leiloes,https://www.megaleiloes.com.br/imoveis/apartamentos/sp/sao-paulo/apartamento-50-m2-01-vaga-jardim-monte-kemel-sao-paulo-sp-j125053?utm_source=megaleiloes&utm_medium=link&utm_campaign=apartamento-50-m2-01-vaga-jardim-monte-kemel-sao-paulo-sp-j125053&utm_term=J125053&utm_content=link,https://cdn1.megaleiloes.com.br/batches/125053/7b997e3b2f586a7d0e7dc5f9066911d4_320x240.jpg,J125053,Aberto para lances,2026-07-30T08:58:37.781220,0.0
Área 1.162 m² (Fazenda Mocchi) - Guarujá - SP,Imoveis,3468871.45,1734435.72,1ª Praça: 10/08/2026 14:00,SP,,Judicial,Mega Leiloes,https://www.megaleiloes.com.br/imoveis/terrenos-e-lotes/sp/guaruja/area-1162-m2-fazenda-mocchi-guaruja-sp-j125860?utm_source=megaleiloes&utm_medium=link&utm_campaign=area-1162-m2-fazenda-mocchi-guaruja-sp-j125860&utm_term=J125860&utm_content=link,https://cdn1.megaleiloes.com.br/batches/125860/fad410cfa79c8f82048b46bb31c9d108_320x240.jpg,J125860,Aberto para lances,2026-07-30T08:58:37.781220,0.0
Parte Ideal da Nua Propriedade sobre Apartamento com aproximadamente 120 m² de área - Santo Agostinho - Belo Horizonte - MG,Imoveis,229451.73,114725.87,1ª Praça: 10/08/2026 14:00,MG,,Judicial,Mega Leiloes,https://www.megaleiloes.com.br/imoveis/apartamentos/mg/belo-horizonte/parte-ideal-da-nua-propriedade-sobre-apartamento-com-aproximadamente-120-m2-de-area-santo-agostinho-belo-horizonte-mg-j126649?utm_source=megaleiloes&utm_medium=link&utm_campaign=parte-ideal-da-nua-propriedade-sobre-apartamento-com-aproximadamente-120-m2-de-area-santo-agostinho-belo-horizonte-mg-j126649&utm_term=J126649&utm_content=link,https://cdn1.megaleiloes.com.br/batches/126649/82c8d8b3cf1df6463c5a7f09b18e3f2d_320x240.jpg,J126649,Em breve,2026-07-30T08:58:37.781220,0.0
Parte Ideal (50%) sobre Imóvel Rural com Área de 3 alq. (Fazenda Santa Clara ou Ribeirão de São Pedro) - Espírito Santo do Turvo - SP,Imoveis,228205.69,228205.69,1ª Praça: 20/07/2026 14:30,SP,,Judicial,Mega Leiloes,https://www.megaleiloes.com.br/imoveis/imoveis-rurais/sp/espirito-santo-do-turvo/parte-ideal-50-sobre-imovel-rural-com-area-de-3-alq-fazenda-santa-clara-ou-ribeirao-de-sao-pedro-espirito-santo-do-turvo-sp-j125851?utm_source=megaleiloes&utm_medium=link&utm_campaign=parte-ideal-50-sobre-imovel-rural-com-area-de-3-alq-fazenda-santa-clara-ou-ribeirao-de-sao-pedro-espirito-santo-do-turvo-sp-j125851&utm_term=J125851&utm_content=link,https://cdn1.megaleiloes.com.br/batches/125851/edaa1f67e1d923b2e7cb675e6a4acaba_320x240.jpg,J125851,Aberto para lances,2026-07-30T08:58:37.781220,0.0
Imóvel Rural 30.773 m² - Alto das Palmeiras - Rio Negro - PR,Imoveis,1002170.66,601302.4,1ª Praça: 10/08/2026 14:30,PR,,Judicial,Mega Leiloes,https://www.megaleiloes.com.br/imoveis/imoveis-rurais/pr/rio-negro/imovel-rural-30773-m2-alto-das-palmeiras-rio-negro-pr-j126632?utm_source=megaleiloes&utm_medium=link&utm_campaign=imovel-rural-30773-m2-alto-das-palmeiras-rio-negro-pr-j126632&utm_term=J126632&utm_content=link,https://cdn1.megaleiloes.com.br/batches/126632/5353d53ac2ee66c0690fc0361de05d80_320x240.jpg,J126632,Em breve,2026-07-30T08:58:37.781220,0.0
Apartamento 80 m² e 2 Vagas de Garagem - Baeta Neves - São Bernardo do Campo - SP,Imoveis,569234.07,455387.26,1ª Praça: 10/08/2026 14:30,SP,,Judicial,Mega Leiloes,https://www.megaleiloes.com.br/imoveis/apartamentos/sp/sao-bernardo-do-campo/apartamento-80-m2-e-2-vagas-de-garagem-baeta-neves-sao-bernardo-do-campo-sp-j126636?utm_source=megaleiloes&utm_medium=link&utm_campaign=apartamento-80-m2-e-2-vagas-de-garagem-baeta-neves-sao-bernardo-do-campo-sp-j126636&utm_term=J126636&utm_content=link,https://cdn1.megaleiloes.com.br/batches/126636/a748035b0843e0897f09fe20fbd78732_320x240.jpg,J126636,Em breve,2026-07-30T08:58:37.781220,0.0
Terreno 600 m² - Chácaras Vista Alegre - Cotia - SP,Imoveis,385960.19,192980.09,1ª Praça: 10/08/2026 14:30,SP,,Judicial,Mega Leiloes,https://www.megaleiloes.com.br/imoveis/terrenos-e-lotes/sp/cotia/terreno-600-m2-chacaras-vista-alegre-cotia-sp-j126675?utm_source=megaleiloes&utm_medium=link&utm_campaign=terreno-600-m2-chacaras-vista-alegre-cotia-sp-j126675&utm_term=J126675&utm_content=link,https://cdn1.megaleiloes.com.br/batches/126675/91f6057c8ad24ac84a402ceef1eea350_320x240.jpg,J126675,Em breve,2026-07-30T08:58:37.781220,0.0
Casas em Terreno de 378 m² - Setor Aeroporto - Planaltina - GO,Imoveis,115577.19,69346.32,1ª Praça: 10/08/2026 15:00,GO,,Judicial,Mega Leiloes,https://www.megaleiloes.com.br/imoveis/casas/go/planaltina/casas-em-terreno-de-378-m2-setor-aeroporto-planaltina-go-j126215?utm_source=megaleiloes&utm_medium=link&utm_campaign=casas-em-terreno-de-378-m2-setor-aeroporto-planaltina-go-j126215&utm_term=J126215&utm_content=link,https://cdn1.megaleiloes.com.br/batches/126215/9906a57537c93af6a5eec3c25c95770f_320x240.jpg,J126215,Em breve,2026-07-30T08:58:37.781220,0.0
Casa em Condomínio 58 m² (Unid. 04 do Condomínio Mais) - Planaltina - GO,Imoveis,125757.25,75454.35,1ª Praça: 10/08/2026 15:00,GO,,Judicial,Mega Leiloes,https://www.megaleiloes.com.br/imoveis/casas/go/planaltina/casa-em-condominio-58-m2-unid-04-do-condominio-mais-planaltina-go-j126216?utm_source=megaleiloes&utm_medium=link&utm_campaign=casa-em-condominio-58-m2-unid-04-do-condominio-mais-planaltina-go-j126216&utm_term=J126216&utm_content=link,https://cdn1.megaleiloes.com.br/batches/126216/0c1b0ef72937eb83b2d38e5ef7e32e54_320x240.jpg,J126216,Em breve,2026-07-30T08:58:37.781220,0.0
Casa em Condomínio 58 m² (Unid. 06 do Condomínio Mais) - Planaltina - GO,Imoveis,125757.25,75454.35,1ª Praça: 10/08/2026 15:00,GO,,Judicial,Mega Leiloes,https://www.megaleiloes.com.br/imoveis/casas/go/planaltina/casa-em-condominio-58-m2-unid-06-do-condominio-mais-planaltina-go-j126217?utm_source=megaleiloes&utm_medium=link&utm_campaign=casa-em-condominio-58-m2-unid-06-do-condominio-mais-planaltina-go-j126217&utm_term=J126217&utm_content=link,https://cdn1.megaleiloes.com.br/batches/126217/e999b1b319f581f96a8d77037c5932f8_320x240.jpg,J126217,Em breve,2026-07-30T08:58:37.781220,0.0
Casa em Condomínio 58 m² (Unid. 08 do Condomínio Mais) - Planaltina - GO,Imoveis,125757.25,75454.35,1ª Praça: 10/08/2026 15:00,GO,,Judicial,Mega Leiloes,https://www.megaleiloes.com.br/imoveis/casas/go/planaltina/casa-em-condominio-58-m2-unid-08-do-condominio-mais-planaltina-go-j126218?utm_source=megaleiloes&utm_medium=link&utm_campaign=casa-em-condominio-58-m2-unid-08-do-condominio-mais-planaltina-go-j126218&utm_term=J126218&utm_content=link,https://cdn1.megaleiloes.com.br/batches/126218/3f497558c6258085f3ad219f96620810_320x240.jpg,J126218,Em breve,2026-07-30T08:58:37.781220,0.0
Casa em Condomínio 58 m² (Unid. 10 do Condomínio Mais) - Planaltina - GO,Imoveis,125757.25,75454.35,1ª Praça: 10/08/2026 15:00,GO,,Judicial,Mega Leiloes,https://www.megaleiloes.com.br/imoveis/casas/go/planaltina/casa-em-condominio-58-m2-unid-10-do-condominio-mais-planaltina-go-j126219?utm_source=megaleiloes&utm_medium=link&utm_campaign=casa-em-condominio-58-m2-unid-10-do-condominio-mais-planaltina-go-j126219&utm_term=J126219&utm_content=link,https://cdn1.megaleiloes.com.br/batches/126219/903bb00979ce3140b5b393506f71ea4f_320x240.jpg,J126219,Em breve,2026-07-30T08:58:37.781220,0.0
Imóvel Rural com Área de 256 ha (Fazenda Impoeira) - Flores de Goiás - GO,Imoveis,4217937.19,2530762.32,1ª Praça: 10/08/2026 15:00,GO,,Judicial,Mega Leiloes,https://www.megaleiloes.com.br/imoveis/imoveis-rurais/go/flores-de-goias/imovel-rural-com-area-de-256-ha-fazenda-impoeira-flores-de-goias-go-j126220?utm_source=megaleiloes&utm_medium=link&utm_campaign=imovel-rural-com-area-de-256-ha-fazenda-impoeira-flores-de-goias-go-j126220&utm_term=J126220&utm_content=link,https://cdn1.megaleiloes.com.br/batches/126220/3223d391e1b2df13ddd4f885f21622ee_320x240.jpg,J126220,Em breve,2026-07-30T08:58:37.781220,0.0
Apartamento 91 m² (02 vagas) - Águas Claras - Brasília - DF,Imoveis,791916.27,475149.76,1ª Praça: 10/08/2026 15:00,DF,,Judicial,Mega Leiloes,https://www.megaleiloes.com.br/imoveis/apartamentos/df/brasilia/apartamento-91-m2-02-vagas-aguas-claras-brasilia-df-j126221?utm_source=megaleiloes&utm_medium=link&utm_campaign=apartamento-91-m2-02-vagas-aguas-claras-brasilia-df-j126221&utm_term=J126221&utm_content=link,https://cdn1.megaleiloes.com.br/batches/126221/fe21ded536e04fea89524f34c16df823_320x240.jpg,J126221,Em breve,2026-07-30T08:58:37.781220,0.0
Loja 36 m² (Unid. 73) - Águas Claras - Brasília - DF,Imoveis,384959.3,230975.58,1ª Praça: 10/08/2026 15:00,DF,,Judicial,Mega Leiloes,https://www.megaleiloes.com.br/imoveis/imoveis-comerciais/df/brasilia/loja-36-m2-unid-73-aguas-claras-brasilia-df-j126222?utm_source=megaleiloes&utm_medium=link&utm_campaign=loja-36-m2-unid-73-aguas-claras-brasilia-df-j126222&utm_term=J126222&utm_content=link,https://cdn1.megaleiloes.com.br/batches/126222/11d92bf61dc5b3d9e3eb0908a91243aa_320x240.jpg,J126222,Em breve,2026-07-30T08:58:37.781220,0.0
Casas em Terreno de 150 m² - Recanto das Emas - Brasília - DF,Imoveis,417955.81,250773.48,1ª Praça: 10/08/2026 15:00,DF,,Judicial,Mega Leiloes,https://www.megaleiloes.com.br/imoveis/casas/df/brasilia/casas-em-terreno-de-150-m2-recanto-das-emas-brasilia-df-j126223?utm_source=megaleiloes&utm_medium=link&utm_campaign=casas-em-terreno-de-150-m2-recanto-das-emas-brasilia-df-j126223&utm_term=J126223&utm_content=link,https://cdn1.megaleiloes.com.br/batches/126223/a60903769cbd3d119f4f7edb406a7b23_320x240.jpg,J126223,Em breve,2026-07-30T08:58:37.781220,0.0
Loja 20 m² (Unid. 39) - Núcleo Bandeirante - Brasília - DF,Imoveis,85757.93,51454.76,1ª Praça: 10/08/2026 15:00,DF,,Judicial,Mega Leiloes,https://www.megaleiloes.com.br/imoveis/imoveis-comerciais/df/brasilia/loja-20-m2-unid-39-nucleo-bandeirante-brasilia-df-j126224?utm_source=megaleiloes&utm_medium=link&utm_campaign=loja-20-m2-unid-39-nucleo-bandeirante-brasilia-df-j126224&utm_term=J126224&utm_content=link,https://cdn1.megaleiloes.com.br/batches/126224/db0a52525c44bbcf459b2121172012f5_320x240.jpg,J126224,Em breve,2026-07-30T08:58:37.781220,0.0
Loja 19 m² (Unid. 42) - Núcleo Bandeirante - Brasília - DF,Imoveis,85757.93,51454.76,1ª Praça: 10/08/2026 15:00,DF,,Judicial,Mega Leiloes,https://www.megaleiloes.com.br/imoveis/imoveis-comerciais/df/brasilia/loja-19-m2-unid-42-nucleo-bandeirante-brasilia-df-j126225?utm_source=megaleiloes&utm_medium=link&utm_campaign=loja-19-m2-unid-42-nucleo-bandeirante-brasilia-df-j126225&utm_term=J126225&utm_content=link,https://cdn1.megaleiloes.com.br/batches/126225/6576257fd1ed7963cc3985ec3024e590_320x240.jpg,J126225,Em breve,2026-07-30T08:58:37.781220,0.0
Loja 20 m² (Unid. 43) - Núcleo Bandeirante - Brasília - DF,Imoveis,85757.93,51454.76,1ª Praça: 10/08/2026 15:00,DF,,Judicial,Mega Leiloes,https://www.megaleiloes.com.br/imoveis/imoveis-comerciais/df/brasilia/loja-20-m2-unid-43-nucleo-bandeirante-brasilia-df-j126226?utm_source=megaleiloes&utm_medium=link&utm_campaign=loja-20-m2-unid-43-nucleo-bandeirante-brasilia-df-j126226&utm_term=J126226&utm_content=link,https://cdn1.megaleiloes.com.br/batches/126226/0ca7619dc848b21dab09d2701f02f96f_320x240.jpg,J126226,Em breve,2026-07-30T08:58:37.781220,0.0
Loja 19 m² (Unid. 50) - Núcleo Bandeirante - Brasília - DF,Imoveis,80808.45,48485.08,1ª Praça: 10/08/2026 15:00,DF,,Judicial,Mega Leiloes,https://www.megaleiloes.com.br/imoveis/imoveis-comerciais/df/brasilia/loja-19-m2-unid-50-nucleo-bandeirante-brasilia-df-j126227?utm_source=megaleiloes&utm_medium=link&utm_campaign=loja-19-m2-unid-50-nucleo-bandeirante-brasilia-df-j126227&utm_term=J126227&utm_content=link,https://cdn1.megaleiloes.com.br/batches/126227/706929dd665aab83c0dacb47abb50725_320x240.jpg,J126227,Em breve,2026-07-30T08:58:37.781220,0.0
Loja 20 m² (Unid. 51) - Núcleo Bandeirante - Brasília - DF,Imoveis,85757.93,51454.76,1ª Praça: 10/08/2026 15:00,DF,,Judicial,Mega Leiloes,https://www.megaleiloes.com.br/imoveis/imoveis-comerciais/df/brasilia/loja-20-m2-unid-51-nucleo-bandeirante-brasilia-df-j126228?utm_source=megaleiloes&utm_medium=link&utm_campaign=loja-20-m2-unid-51-nucleo-bandeirante-brasilia-df-j126228&utm_term=J126228&utm_content=link,https://cdn1.megaleiloes.com.br/batches/126228/cde39220b1e1c28448f16b44b351b94f_320x240.jpg,J126228,Em breve,2026-07-30T08:58:37.781220,0.0
Imóvel Rural 54 ha - Tabaporâ - MT,Imoveis,2089060.18,2089060.18,1ª Praça: 20/07/2026 15:00,MT,,Judicial,Mega Leiloes,https://www.megaleiloes.com.br/imoveis/imoveis-rurais/mt/tabapora/imovel-rural-54-ha-tabapora-mt-j125758?utm_source=megaleiloes&utm_medium=link&utm_campaign=imovel-rural-54-ha-tabapora-mt-j125758&utm_term=J125758&utm_content=link,https://cdn1.megaleiloes.com.br/batches/125758/9c4732cd9df66d447a7c21a742b1284c_320x240.jpg,J125758,Aberto para lances,2026-07-30T08:58:37.781220,0.0
Direitos sobre Apartamento 75 m² (Metrô Santana) - Santana - São Paulo - SP,Imoveis,1325112.49,795067.49,1ª Praça: 10/08/2026 15:00,SP,,Judicial,Mega Leiloes,https://www.megaleiloes.com.br/imoveis/apartamentos/sp/sao-paulo/direitos-sobre-apartamento-75-m2-metro-santana-santana-sao-paulo-sp-j126712?utm_source=megaleiloes&utm_medium=link&utm_campaign=direitos-sobre-apartamento-75-m2-metro-santana-santana-sao-paulo-sp-j126712&utm_term=J126712&utm_content=link,https://cdn1.megaleiloes.com.br/batches/126712/fe617490b46cb0b41b9e5be5dd1efe7c_320x240.jpg,J126712,Em breve,2026-07-30T08:58:37.781220,0.0
Terreno 130 m² - Jardim Nova Esperança - Sorocaba - SP,Imoveis,162103.86,81051.93,1ª Praça: 10/08/2026 16:00,SP,,Judicial,Mega Leiloes,https://www.megaleiloes.com.br/imoveis/terrenos-e-lotes/sp/sorocaba/terreno-130-m2-jardim-nova-esperanca-sorocaba-sp-j126667?utm_source=megaleiloes&utm_medium=link&utm_campaign=terreno-130-m2-jardim-nova-esperanca-sorocaba-sp-j126667&utm_term=J126667&utm_content=link,https://cdn1.megaleiloes.com.br/batches/126667/83b5260eb3c64abedb3b05ae947e2d4b_320x240.jpg,J126667,Em breve,2026-07-30T08:58:37.781220,0.0
Direitos sobre Casa 130 m² de área construída - Vila Reis - São Paulo - SP,Imoveis,428446.92,257068.15,1ª Praça: 10/08/2026 16:00,SP,,Judicial,Mega Leiloes,https://www.megaleiloes.com.br/imoveis/casas/sp/sao-paulo/direitos-sobre-casa-130-m2-de-area-construida-vila-reis-sao-paulo-sp-j126674?utm_source=megaleiloes&utm_medium=link&utm_campaign=direitos-sobre-casa-130-m2-de-area-construida-vila-reis-sao-paulo-sp-j126674&utm_term=J126674&utm_content=link,https://cdn1.megaleiloes.com.br/batches/126674/613454ebb6e17d8f50a91c54a29f11b0_320x240.jpg,J126674,Em breve,2026-07-30T08:58:37.781220,0.0
Imóveis Residenciais e Comercial 230 m² - Campo Limpo - São Paulo - SP,Imoveis,903169.08,451584.54,1ª Praça: 10/08/2026 16:30,SP,,Judicial,Mega Leiloes,https://www.megaleiloes.com.br/imoveis/imoveis-comerciais/sp/sao-paulo/imoveis-residenciais-e-comercial-230-m2-campo-limpo-sao-paulo-sp-j126633?utm_source=megaleiloes&utm_medium=link&utm_campaign=imoveis-residenciais-e-comercial-230-m2-campo-limpo-sao-paulo-sp-j126633&utm_term=J126633&utm_content=link,https://cdn1.megaleiloes.com.br/batches/126633/1e5497e748e31e6fb046b8dc273a4ce6_320x240.jpg,J126633,Em breve,2026-07-30T08:58:37.781220,0.0
Casa 187 m² - Pirangi - SP,Imoveis,540373.46,324224.07,1ª Praça: 10/08/2026 16:30,SP,,Judicial,Mega Leiloes,https://www.megaleiloes.com.br/imoveis/casas/sp/pirangi/casa-187-m2-pirangi-sp-j126412?utm_source=megaleiloes&utm_medium=link&utm_campaign=casa-187-m2-pirangi-sp-j126412&utm_term=J126412&utm_content=link,https://cdn1.megaleiloes.com.br/batches/126412/74c99dd35534212b56903c657e4f7805_320x240.jpg,J126412,Em breve,2026-07-30T08:58:37.781220,0.0
Terreno 124 m² - Parque Vitória Régia - Sorocaba - SP,Imoveis,158894.11,79447.06,1ª Praça: 10/08/2026 16:30,SP,,Judicial,Mega Leiloes,https://www.megaleiloes.com.br/imoveis/terrenos-e-lotes/sp/sorocaba/terreno-124-m2-parque-vitoria-regia-sorocaba-sp-j126673?utm_source=megaleiloes&utm_medium=link&utm_campaign=terreno-124-m2-parque-vitoria-regia-sorocaba-sp-j126673&utm_term=J126673&utm_content=link,https://cdn1.megaleiloes.com.br/batches/126673/e2ce3fef9dbae5dce4a8607a21915278_320x240.jpg,J126673,Em breve,2026-07-30T08:58:37.781220,0.0
Vaga de Garagem 22 m² de área total (Edifício Adolpho Lutz) - Vila Buarque - São Paulo - SP,Imoveis,43643.35,21821.67,1ª Praça: 11/08/2026 10:00,SP,,Judicial,Mega Leiloes,https://www.megaleiloes.com.br/imoveis/vagas-de-garagem/sp/sao-paulo/vaga-de-garagem-22-m2-de-area-total-edificio-adolpho-lutz-vila-buarque-sao-paulo-sp-j126195?utm_source=megaleiloes&utm_medium=link&utm_campaign=vaga-de-garagem-22-m2-de-area-total-edificio-adolpho-lutz-vila-buarque-sao-paulo-sp-j126195&utm_term=J126195&utm_content=link,https://cdn1.megaleiloes.com.br/batches/126195/632c2a7d918ca1b5f574f53c8c9922b3_320x240.jpg,J126195,Aberto para lances,2026-07-30T08:58:37.781220,0.0
Vaga de Garagem 22 m² de área total (Subsolo do Edifício Adolpho Lutz) - Vila Buarque - São Paulo - SP,Imoveis,43643.35,21821.67,1ª Praça: 11/08/2026 10:00,SP,,Judicial,Mega Leiloes,https://www.megaleiloes.com.br/imoveis/vagas-de-garagem/sp/sao-paulo/vaga-de-garagem-22-m2-de-area-total-subsolo-do-edificio-adolpho-lutz-vila-buarque-sao-paulo-sp-j126196?utm_source=megaleiloes&utm_medium=link&utm_campaign=vaga-de-garagem-22-m2-de-area-total-subsolo-do-edificio-adolpho-lutz-vila-buarque-sao-paulo-sp-j126196&utm_term=J126196&utm_content=link,https://cdn1.megaleiloes.com.br/batches/126196/251b40f9e8883a06ff2a7a36c4da4b0c_320x240.jpg,J126196,Aberto para lances,2026-07-30T08:58:37.781220,0.0
Terreno 267 m² (Lt. 06 da Qd. A) - Loteamento Terras de Santa Cruz II - Boituva - SP,Imoveis,82592.17,82592.17,1ª Praça: 20/07/2026 11:00,SP,,Judicial,Mega Leiloes,https://www.megaleiloes.com.br/imoveis/terrenos-e-lotes/sp/boituva/terreno-267-m2-lt-06-da-qd-a-loteamento-terras-de-santa-cruz-ii-boituva-sp-j125888?utm_source=megaleiloes&utm_medium=link&utm_campaign=terreno-267-m2-lt-06-da-qd-a-loteamento-terras-de-santa-cruz-ii-boituva-sp-j125888&utm_term=J125888&utm_content=link,https://cdn1.megaleiloes.com.br/batches/125888/6be4ba245b13a00a21d8e849ad310cb0_320x240.jpg,J125888,Aberto para lances,2026-07-30T08:58:37.781220,0.0
Terreno 263 m² (Lt. 07 da Qd. A) - Loteamento Terras de Santa Cruz II - Boituva - SP,Imoveis,81043.57,81043.57,1ª Praça: 20/07/2026 11:00,SP,,Judicial,Mega Leiloes,https://www.megaleiloes.com.br/imoveis/terrenos-e-lotes/sp/boituva/terreno-263-m2-lt-07-da-qd-a-loteamento-terras-de-santa-cruz-ii-boituva-sp-j125889?utm_source=megaleiloes&utm_medium=link&utm_campaign=terreno-263-m2-lt-07-da-qd-a-loteamento-terras-de-santa-cruz-ii-boituva-sp-j125889&utm_term=J125889&utm_content=link,https://cdn1.megaleiloes.com.br/batches/125889/1a5337386fc1579af64bed71e4dd4c71_320x240.jpg,J125889,Aberto para lances,2026-07-30T08:58:37.781220,0.0
Casa 87 m² - Santa Maria - Brasília - DF,Imoveis,283646.43,270470.58,1ª Praça: 12/08/2026 10:00,DF,,Judicial,Mega Leiloes,https://www.megaleiloes.com.br/imoveis/casas/df/brasilia/casa-87-m2-santa-maria-brasilia-df-x127373?utm_source=megaleiloes&utm_medium=link&utm_campaign=casa-87-m2-santa-maria-brasilia-df-x127373&utm_term=X127373&utm_content=link,https://cdn1.megaleiloes.com.br/batches/127373/d9345824d2903ad699d3e39a27ac5eab_320x240.jpg,X127373,Aberto para lances,2026-07-30T08:58:37.781220,0.0
Imóvel Residencial e Comercial 129 m² (área construída) - Centro - Santo Ângelo - RS,Imoveis,394915.55,513895.98,1ª Praça: 12/08/2026 10:01,RS,,Judicial,Mega Leiloes,https://www.megaleiloes.com.br/imoveis/casas/rs/santo-angelo/imovel-residencial-e-comercial-129-m2-area-construida-centro-santo-angelo-rs-x127374?utm_source=megaleiloes&utm_medium=link&utm_campaign=imovel-residencial-e-comercial-129-m2-area-construida-centro-santo-angelo-rs-x127374&utm_term=X127374&utm_content=link,https://cdn1.megaleiloes.com.br/batches/127374/5ce6611dd3ed5b8bae49ccf5e1fa9d44_320x240.jpg,X127374,Aberto para lances,2026-07-30T08:58:37.781220,23.2
Casa 521 m² - Centro - Santo André - SP,Imoveis,1842844.11,1842844.11,1ª Praça: 23/07/2026 15:00,SP,,Judicial,Mega Leiloes,https://www.megaleiloes.com.br/imoveis/casas/sp/santo-andre/casa-521-m2-centro-santo-andre-sp-j126121?utm_source=megaleiloes&utm_medium=link&utm_campaign=casa-521-m2-centro-santo-andre-sp-j126121&utm_term=J126121&utm_content=link,https://cdn1.megaleiloes.com.br/batches/126121/6c083a68e56feffd4c08670f342c8139_320x240.jpg,J126121,Aberto para lances,2026-07-30T08:58:37.781220,0.0
"Casa 160 m² - Sertãozinho-SP - Rua Emílio Piccoli, 92 - Conjunto Habitacional Dr. Ulysses Silveira Guimarães",Imoveis,443645.86,246600.0,1ª Praça: 12/08/2026 15:00,Conjunto Habitacional Dr. Ulysses Silveira Guimarães,,Judicial,Mega Leiloes,https://www.megaleiloes.com.br/imoveis/casas/sp/sertaozinho/casa-160-m2-sertaozinho-sp-rua-emilio-piccoli-92-conjunto-habitacional-dr-ulysses-silveira-guimaraes-x127222?utm_source=megaleiloes&utm_medium=link&utm_campaign=casa-160-m2-sertaozinho-sp-rua-emilio-piccoli-92-conjunto-habitacional-dr-ulysses-silveira-guimaraes-x127222&utm_term=X127222&utm_content=link,https://cdn1.megaleiloes.com.br/batches/127222/06db0afd984d605c0d54af635811aff7_320x240.jpg,X127222,Aberto para lances,2026-07-30T08:58:37.781220,0.0
"Apartamento 74 m² - Carapicuíba-SP - Rua Eduardo Augusto Mesquita, 1.372 - Apto. 15 - Parque Santa Thereza",Imoveis,432854.62,235790.84,1ª Praça: 12/08/2026 15:02,Parque Santa Thereza,,Judicial,Mega Leiloes,https://www.megaleiloes.com.br/imoveis/apartamentos/sp/carapicuiba/apartamento-74-m2-carapicuiba-sp-rua-eduardo-augusto-mesquita-1372-apto-15-parque-santa-thereza-x127223?utm_source=megaleiloes&utm_medium=link&utm_campaign=apartamento-74-m2-carapicuiba-sp-rua-eduardo-augusto-mesquita-1372-apto-15-parque-santa-thereza-x127223&utm_term=X127223&utm_content=link,https://cdn1.megaleiloes.com.br/batches/127223/da665969dddf2eab3b9a455f3a840d53_320x240.jpg,X127223,Aberto para lances,2026-07-30T08:58:37.781220,0.0
"Casa 103 m² - Ribeirão Preto-SP - Rua Manoel de Macedo, 207 - Jardim Piratininga",Imoveis,253237.3,193315.8,1ª Praça: 12/08/2026 15:04,Jardim Piratininga,,Judicial,Mega Leiloes,https://www.megaleiloes.com.br/imoveis/casas/sp/ribeirao-preto/casa-103-m2-ribeirao-preto-sp-rua-manoel-de-macedo-207-jardim-piratininga-x127224?utm_source=megaleiloes&utm_medium=link&utm_campaign=casa-103-m2-ribeirao-preto-sp-rua-manoel-de-macedo-207-jardim-piratininga-x127224&utm_term=X127224&utm_content=link,https://cdn1.megaleiloes.com.br/batches/127224/18e5e99761a16215af197a8854cc9c33_320x240.jpg,X127224,Aberto para lances,2026-07-30T08:58:37.781220,0.0
Casa 122 m² - Aparecida de Goiânia-GO - Av. José Magalhães Rios - Lt. 24A da Qd. 16 - Setor Colonial Sul,Imoveis,435617.82,391871.37,1ª Praça: 12/08/2026 15:06,Setor Colonial Sul,,Judicial,Mega Leiloes,https://www.megaleiloes.com.br/imoveis/casas/go/aparecida-de-goiania/casa-122-m2-aparecida-de-goiania-go-av-jose-magalhaes-rios-lt-24a-da-qd-16-setor-colonial-sul-x127225?utm_source=megaleiloes&utm_medium=link&utm_campaign=casa-122-m2-aparecida-de-goiania-go-av-jose-magalhaes-rios-lt-24a-da-qd-16-setor-colonial-sul-x127225&utm_term=X127225&utm_content=link,https://cdn1.megaleiloes.com.br/batches/127225/0dd23a0857809fb9f876d9a8ced50d3a_320x240.jpg,X127225,Aberto para lances,2026-07-30T08:58:37.781220,0.0
Casa 189 m² - Jussara-GO - Rua Estrela - Lt. 12-A da Qd. 01 - Jardim Primavera,Imoveis,560311.99,356937.96,1ª Praça: 12/08/2026 15:08,Jardim Primavera,,Judicial,Mega Leiloes,https://www.megaleiloes.com.br/imoveis/casas/go/jussara/casa-189-m2-jussara-go-rua-estrela-lt-12-a-da-qd-01-jardim-primavera-x127226?utm_source=megaleiloes&utm_medium=link&utm_campaign=casa-189-m2-jussara-go-rua-estrela-lt-12-a-da-qd-01-jardim-primavera-x127226&utm_term=X127226&utm_content=link,https://cdn1.megaleiloes.com.br/batches/127226/1f7e621102f5941af124059bf7542f9e_320x240.jpg,X127226,Aberto para lances,2026-07-30T08:58:37.781220,0.0
"Apartamento 87 m² - Maceió-AL - Rua Manoel Maia Nobre, 558 - Apto. 403 - Farol",Imoveis,579729.96,395407.89,1ª Praça: 12/08/2026 15:10,Farol,,Judicial,Mega Leiloes,https://www.megaleiloes.com.br/imoveis/apartamentos/al/maceio/apartamento-87-m2-maceio-al-rua-manoel-maia-nobre-558-apto-403-farol-x127227?utm_source=megaleiloes&utm_medium=link&utm_campaign=apartamento-87-m2-maceio-al-rua-manoel-maia-nobre-558-apto-403-farol-x127227&utm_term=X127227&utm_content=link,https://cdn1.megaleiloes.com.br/batches/127227/f92cff46ae1cfcdbe54d6f6227174725_320x240.jpg,X127227,Aberto para lances,2026-07-30T08:58:37.781220,0.0
"Apartamento 83 m² - Bertioga-SP - Av. Thomé de Souza, 441, esquina com a Rua João Ramalho e Rua Capitão Pedroso - Apto. 103 - Centro",Imoveis,1116000.0,669600.0,1ª Praça: 12/08/2026 15:12,Centro,,Judicial,Mega Leiloes,https://www.megaleiloes.com.br/imoveis/apartamentos/sp/bertioga/apartamento-83-m2-bertioga-sp-av-thome-de-souza-441-esquina-com-a-rua-joao-ramalho-e-rua-capitao-pedroso-apto-103-centro-x127228?utm_source=megaleiloes&utm_medium=link&utm_campaign=apartamento-83-m2-bertioga-sp-av-thome-de-souza-441-esquina-com-a-rua-joao-ramalho-e-rua-capitao-pedroso-apto-103-centro-x127228&utm_term=X127228&utm_content=link,https://cdn1.megaleiloes.com.br/batches/127228/c623ff400c1c99384e5f4eefb3bcf1f0_320x240.jpg,X127228,Aberto para lances,2026-07-30T08:58:37.781220,0.0
"Casa 126 m² - Porto Velho-RO - Rua Caetano Donizete, 6.292 - Aponiã",Imoveis,299768.11,138600.0,1ª Praça: 12/08/2026 15:14,Aponiã,,Judicial,Mega Leiloes,https://www.megaleiloes.com.br/imoveis/casas/ro/porto-velho/casa-126-m2-porto-velho-ro-rua-caetano-donizete-6292-aponia-x127229?utm_source=megaleiloes&utm_medium=link&utm_campaign=casa-126-m2-porto-velho-ro-rua-caetano-donizete-6292-aponia-x127229&utm_term=X127229&utm_content=link,https://cdn1.megaleiloes.com.br/batches/127229/a26e2bb200eb8c716f6fc87fb383e12c_320x240.jpg,X127229,Aberto para lances,2026-07-30T08:58:37.781220,0.0
"Casa 246 m² - Sete Lagoas-MG - Rua Dr. João Batista, 1.387 - Santo Antônio",Imoveis,1799196.75,579000.0,1ª Praça: 12/08/2026 15:16,Santo Antônio,,Judicial,Mega Leiloes,https://www.megaleiloes.com.br/imoveis/casas/mg/sete-lagoas/casa-246-m2-sete-lagoas-mg-rua-dr-joao-batista-1387-santo-antonio-x127230?utm_source=megaleiloes&utm_medium=link&utm_campaign=casa-246-m2-sete-lagoas-mg-rua-dr-joao-batista-1387-santo-antonio-x127230&utm_term=X127230&utm_content=link,https://cdn1.megaleiloes.com.br/batches/127230/2ebb2d5c7449ebca933a2fbd65b87451_320x240.jpg,X127230,Aberto para lances,2026-07-30T08:58:37.781220,0.0
"Casa 167 m² - São Leopoldo-RS - Rua João Carlos Haas Sobrinho, 245 - Feitoria",Imoveis,438695.55,239400.0,1ª Praça: 12/08/2026 15:18,Feitoria,,Judicial,Mega Leiloes,https://www.megaleiloes.com.br/imoveis/casas/rs/sao-leopoldo/casa-167-m2-sao-leopoldo-rs-rua-joao-carlos-haas-sobrinho-245-feitoria-x127231?utm_source=megaleiloes&utm_medium=link&utm_campaign=casa-167-m2-sao-leopoldo-rs-rua-joao-carlos-haas-sobrinho-245-feitoria-x127231&utm_term=X127231&utm_content=link,https://cdn1.megaleiloes.com.br/batches/127231/41a57122466470588d75b97f83728c19_320x240.jpg,X127231,Aberto para lances,2026-07-30T08:58:37.781220,0.0
"Apartamento 120 m² - Pelotas-RS - Rua Andrade Neves, 2.953 - Apto. 03 - Centro",Imoveis,678961.21,314065.0,1ª Praça: 12/08/2026 15:20,Centro,,Judicial,Mega Leiloes,https://www.megaleiloes.com.br/imoveis/apartamentos/rs/pelotas/apartamento-120-m2-pelotas-rs-rua-andrade-neves-2953-apto-03-centro-x127232?utm_source=megaleiloes&utm_medium=link&utm_campaign=apartamento-120-m2-pelotas-rs-rua-andrade-neves-2953-apto-03-centro-x127232&utm_term=X127232&utm_content=link,https://cdn1.megaleiloes.com.br/batches/127232/d62ccc56c2505efe47fe8cf19f0454f4_320x240.jpg,X127232,Aberto para lances,2026-07-30T08:58:37.781220,0.0
Imóvel Comercial 342 m² (Edifício Verdun) - Grajaú - Rio de Janeiro - RJ,Imoveis,1947610.0,1947610.0,Data: 12/08/2026 20:00,RJ,,Judicial,Mega Leiloes,https://www.megaleiloes.com.br/imoveis/imoveis-comerciais/rj/rio-de-janeiro/imovel-comercial-342-m2-edificio-verdun-grajau-rio-de-janeiro-rj-x127106?utm_source=megaleiloes&utm_medium=link&utm_campaign=imovel-comercial-342-m2-edificio-verdun-grajau-rio-de-janeiro-rj-x127106&utm_term=X127106&utm_content=link,https://cdn1.megaleiloes.com.br/batches/127106/188e279b0c1f43b21b5a34c48be4f062_320x240.jpg,X127106,Aberto para lances,2026-07-30T08:58:37.781220,0.0
Imóvel Comercial 489 m² - Centro - Paranaguá - PR,Imoveis,4410200.0,4410200.0,Data: 12/08/2026 20:01,PR,,Judicial,Mega Leiloes,https://www.megaleiloes.com.br/imoveis/imoveis-comerciais/pr/paranagua/imovel-comercial-489-m2-centro-paranagua-pr-x127107?utm_source=megaleiloes&utm_medium=link&utm_campaign=imovel-comercial-489-m2-centro-paranagua-pr-x127107&utm_term=X127107&utm_content=link,https://cdn1.megaleiloes.com.br/batches/127107/9dc0a8ab755a47cf97a376b9afed2f1b_320x240.jpg,X127107,Aberto para lances,2026-07-30T08:58:37.781220,0.0
Imóvel Comercial 763 m² - Centro - Astorga - PR,Imoveis,3740000.0,3740000.0,Data: 12/08/2026 20:02,PR,,Judicial,Mega Leiloes,https://www.megaleiloes.com.br/imoveis/imoveis-comerciais/pr/astorga/imovel-comercial-763-m2-centro-astorga-pr-x127108?utm_source=megaleiloes&utm_medium=link&utm_campaign=imovel-comercial-763-m2-centro-astorga-pr-x127108&utm_term=X127108&utm_content=link,https://cdn1.megaleiloes.com.br/batches/127108/d6d447eac532b07d1437ace1e722e674_320x240.jpg,X127108,Aberto para lances,2026-07-30T08:58:37.781220,0.0
"Loja, Sobreloja e Subsolo 1.297 m² - Centro - Rio de Janeiro - RJ",Imoveis,4564777.78,4564777.78,Data: 12/08/2026 20:03,RJ,,Judicial,Mega Leiloes,https://www.megaleiloes.com.br/imoveis/imoveis-comerciais/rj/rio-de-janeiro/loja-sobreloja-e-subsolo-1297-m2-centro-rio-de-janeiro-rj-x127109?utm_source=megaleiloes&utm_medium=link&utm_campaign=loja-sobreloja-e-subsolo-1297-m2-centro-rio-de-janeiro-rj-x127109&utm_term=X127109&utm_content=link,https://cdn1.megaleiloes.com.br/batches/127109/ec24358c89ba63fbed094f02fb14eb3f_320x240.jpg,X127109,Aberto para lances,2026-07-30T08:58:37.781220,0.0
"Imóvel Comercial 830 m² (Subsolo, Térreo e pavimento Superior) - Centro - Centenário do Sul - PR",Imoveis,2000000.0,2000000.0,Data: 12/08/2026 20:04,PR,,Judicial,Mega Leiloes,https://www.megaleiloes.com.br/imoveis/imoveis-comerciais/pr/centenario-do-sul/imovel-comercial-830-m2-subsolo-terreo-e-pavimento-superior-centro-centenario-do-sul-pr-x127110?utm_source=megaleiloes&utm_medium=link&utm_campaign=imovel-comercial-830-m2-subsolo-terreo-e-pavimento-superior-centro-centenario-do-sul-pr-x127110&utm_term=X127110&utm_content=link,https://cdn1.megaleiloes.com.br/batches/127110/2b4ce0264366b8b336fe2c85ca836bfa_320x240.jpg,X127110,Aberto para lances,2026-07-30T08:58:37.781220,0.0
Prédio Comercial 291 m² - Centro - Porciúncula - RJ,Imoveis,1648200.0,1648200.0,Data: 12/08/2026 20:05,RJ,,Judicial,Mega Leiloes,https://www.megaleiloes.com.br/imoveis/imoveis-comerciais/rj/porciuncula/predio-comercial-291-m2-centro-porciuncula-rj-x127111?utm_source=megaleiloes&utm_medium=link&utm_campaign=predio-comercial-291-m2-centro-porciuncula-rj-x127111&utm_term=X127111&utm_content=link,https://cdn1.megaleiloes.com.br/batches/127111/221d3c21adce27661fab0103069dc027_320x240.jpg,X127111,Aberto para lances,2026-07-30T08:58:37.781220,0.0
Domínio Útil das Vagas de Estacionamento (Unids. 704 ao 708 do Edifício Garagem Alfa) - Centro Histórico - Porto Alegre - RS,Imoveis,33955.56,33955.56,Data: 12/08/2026 20:06,RS,,Judicial,Mega Leiloes,https://www.megaleiloes.com.br/imoveis/vagas-de-garagem/rs/porto-alegre/dominio-util-das-vagas-de-estacionamento-unids-704-ao-708-do-edificio-garagem-alfa-centro-historico-porto-alegre-rs-x127112?utm_source=megaleiloes&utm_medium=link&utm_campaign=dominio-util-das-vagas-de-estacionamento-unids-704-ao-708-do-edificio-garagem-alfa-centro-historico-porto-alegre-rs-x127112&utm_term=X127112&utm_content=link,https://cdn1.megaleiloes.com.br/batches/127112/279268ac8d03ca1eeb2885803c450325_320x240.jpg,X127112,Aberto para lances,2026-07-30T08:58:37.781220,0.0
Apartamento Duplex 292 m² (04 vagas e 02 depósitos) - Centro - Osasco - SP,Imoveis,1211555.56,1211555.56,Data: 12/08/2026 20:07,SP,,Judicial,Mega Leiloes,https://www.megaleiloes.com.br/imoveis/apartamentos/sp/osasco/apartamento-duplex-292-m2-04-vagas-e-02-depositos-centro-osasco-sp-x127113?utm_source=megaleiloes&utm_medium=link&utm_campaign=apartamento-duplex-292-m2-04-vagas-e-02-depositos-centro-osasco-sp-x127113&utm_term=X127113&utm_content=link,https://cdn1.megaleiloes.com.br/batches/127113/8675cf48cd7b8cb1b52e0099d62bcb93_320x240.jpg,X127113,Aberto para lances,2026-07-30T08:58:37.781220,0.0
Fazenda 242.000 m² - Caioçara - Jarinu - SP,Imoveis,1000000.0,1000000.0,Data: 12/08/2026 20:08,SP,,Judicial,Mega Leiloes,https://www.megaleiloes.com.br/imoveis/imoveis-rurais/sp/jarinu/fazenda-242000-m2-caiocara-jarinu-sp-x127114?utm_source=megaleiloes&utm_medium=link&utm_campaign=fazenda-242000-m2-caiocara-jarinu-sp-x127114&utm_term=X127114&utm_content=link,https://cdn1.megaleiloes.com.br/batches/127114/663587deec2d08c4fb424d9bf535c8c5_320x240.jpg,X127114,Aberto para lances,2026-07-30T08:58:37.781220,0.0
Terreno 780 m² - Jardim das Alterosas - Itajubá - MG,Imoveis,138060.0,138060.0,Data: 12/08/2026 20:09,MG,,Judicial,Mega Leiloes,https://www.megaleiloes.com.br/imoveis/terrenos-e-lotes/mg/itajuba/terreno-780-m2-jardim-das-alterosas-itajuba-mg-x127115?utm_source=megaleiloes&utm_medium=link&utm_campaign=terreno-780-m2-jardim-das-alterosas-itajuba-mg-x127115&utm_term=X127115&utm_content=link,https://cdn1.megaleiloes.com.br/batches/127115/c082250f80260aa978351f8b16cf069b_320x240.jpg,X127115,Aberto para lances,2026-07-30T08:58:37.781220,0.0
Imóvel Rural com Área de 334 ha (Fazenda Retiro do Bom Jardim) - Montividiu - GO,Imoveis,40000000.0,40000000.0,Data: 12/08/2026 20:10,GO,,Judicial,Mega Leiloes,https://www.megaleiloes.com.br/imoveis/imoveis-rurais/go/montividiu/imovel-rural-com-area-de-334-ha-fazenda-retiro-do-bom-jardim-montividiu-go-x127116?utm_source=megaleiloes&utm_medium=link&utm_campaign=imovel-rural-com-area-de-334-ha-fazenda-retiro-do-bom-jardim-montividiu-go-x127116&utm_term=X127116&utm_content=link,https://cdn1.megaleiloes.com.br/batches/127116/5b7f53d53661a854f011133ecf057a13_320x240.jpg,X127116,Aberto para lances,2026-07-30T08:58:37.781220,0.0
Casa 167 m² - Parque Eldorado - Campinas - SP,Imoveis,416675.56,416675.56,Data: 12/08/2026 20:11,SP,,Judicial,Mega Leiloes,https://www.megaleiloes.com.br/imoveis/casas/sp/campinas/casa-167-m2-parque-eldorado-campinas-sp-x127117?utm_source=megaleiloes&utm_medium=link&utm_campaign=casa-167-m2-parque-eldorado-campinas-sp-x127117&utm_term=X127117&utm_content=link,https://cdn1.megaleiloes.com.br/batches/127117/59825da1045243fbc8a7d2c76634c0c5_320x240.jpg,X127117,Aberto para lances,2026-07-30T08:58:37.781220,0.0
Box de Garagem 17 m² - Centro - Rio de Janeiro - RJ,Imoveis,34555.56,34555.56,Data: 12/08/2026 20:12,RJ,,Judicial,Mega Leiloes,https://www.megaleiloes.com.br/imoveis/vagas-de-garagem/rj/rio-de-janeiro/box-de-garagem-17-m2-centro-rio-de-janeiro-rj-x127118?utm_source=megaleiloes&utm_medium=link&utm_campaign=box-de-garagem-17-m2-centro-rio-de-janeiro-rj-x127118&utm_term=X127118&utm_content=link,https://cdn1.megaleiloes.com.br/batches/127118/a644450faa8a821c86515a82ad24fe22_320x240.jpg,X127118,Aberto para lances,2026-07-30T08:58:37.781220,0.0
Imóvel Rural com Área de 40 ha (Sítio São João II) - Itaporã - MS,Imoveis,4200000.0,4200000.0,Data: 12/08/2026 20:13,MS,,Judicial,Mega Leiloes,https://www.megaleiloes.com.br/imoveis/imoveis-rurais/ms/itapora/imovel-rural-com-area-de-40-ha-sitio-sao-joao-ii-itapora-ms-x127119?utm_source=megaleiloes&utm_medium=link&utm_campaign=imovel-rural-com-area-de-40-ha-sitio-sao-joao-ii-itapora-ms-x127119&utm_term=X127119&utm_content=link,https://cdn1.megaleiloes.com.br/batches/127119/669c88121902059c3722425a7a40a5d7_320x240.jpg,X127119,Aberto para lances,2026-07-30T08:58:37.781220,0.0
Área de 156.048 m² com 1.725 m² (área construída) - Terras de Santa Rosa - Itanhaém - SP,Imoveis,945320.0,945320.0,Data: 12/08/2026 20:14,SP,,Judicial,Mega Leiloes,https://www.megaleiloes.com.br/imoveis/glebas/sp/itanhaem/area-de-156048-m2-com-1725-m2-area-construida-terras-de-santa-rosa-itanhaem-sp-x127120?utm_source=megaleiloes&utm_medium=link&utm_campaign=area-de-156048-m2-com-1725-m2-area-construida-terras-de-santa-rosa-itanhaem-sp-x127120&utm_term=X127120&utm_content=link,https://cdn1.megaleiloes.com.br/batches/127120/00490eba5080a266be95d975dc7d304c_320x240.jpg,X127120,Aberto para lances,2026-07-30T08:58:37.781220,0.0
Prédio Comercial 456 m² - Centro - Sertaneja - PR,Imoveis,834669.0,834669.0,Data: 12/08/2026 20:15,PR,,Judicial,Mega Leiloes,https://www.megaleiloes.com.br/imoveis/imoveis-comerciais/pr/sertaneja/predio-comercial-456-m2-centro-sertaneja-pr-x127121?utm_source=megaleiloes&utm_medium=link&utm_campaign=predio-comercial-456-m2-centro-sertaneja-pr-x127121&utm_term=X127121&utm_content=link,https://cdn1.megaleiloes.com.br/batches/127121/844aae300a557ab0144d4fad0dbd0742_320x240.jpg,X127121,Aberto para lances,2026-07-30T08:58:37.781220,0.0
Imóvel Comercial 633 m² (privativa + comum) (Loja 80-A) - Centro - Rio de Janeiro - RJ,Imoveis,3500000.0,3500000.0,Data: 12/08/2026 20:16,RJ,,Judicial,Mega Leiloes,https://www.megaleiloes.com.br/imoveis/imoveis-comerciais/rj/rio-de-janeiro/imovel-comercial-633-m2-privativa--comum-loja-80-a-centro-rio-de-janeiro-rj-x127122?utm_source=megaleiloes&utm_medium=link&utm_campaign=imovel-comercial-633-m2-privativa--comum-loja-80-a-centro-rio-de-janeiro-rj-x127122&utm_term=X127122&utm_content=link,https://cdn1.megaleiloes.com.br/batches/127122/f51a4abe074135d042ecbbe1a70ac306_320x240.jpg,X127122,Aberto para lances,2026-07-30T08:58:37.781220,0.0
Casa 40 m² - Jardim Centenário - Tanabi - SP,Imoveis,93521.46,46760.73,1ª Praça: 13/08/2026 11:30,SP,,Judicial,Mega Leiloes,https://www.megaleiloes.com.br/imoveis/casas/sp/tanabi/casa-40-m2-jardim-centenario-tanabi-sp-j126850?utm_source=megaleiloes&utm_medium=link&utm_campaign=casa-40-m2-jardim-centenario-tanabi-sp-j126850&utm_term=J126850&utm_content=link,https://cdn1.megaleiloes.com.br/batches/126850/1ae618fe36172df164a0bf63d1f979c0_320x240.jpg,J126850,Em breve,2026-07-30T08:58:37.781220,0.0
Direitos sobre Apartamento 62 m² (próx. ao Zoológico de São Paulo) - Jardim Vergueiro (Sacomã) - São Paulo - SP,Imoveis,314658.11,314658.11,1ª Praça: 23/07/2026 14:00,SP,,Judicial,Mega Leiloes,https://www.megaleiloes.com.br/imoveis/apartamentos/sp/sao-paulo/direitos-sobre-apartamento-62-m2-prox-ao-zoologico-de-sao-paulo-jardim-vergueiro-sacoma-sao-paulo-sp-j125055?utm_source=megaleiloes&utm_medium=link&utm_campaign=direitos-sobre-apartamento-62-m2-prox-ao-zoologico-de-sao-paulo-jardim-vergueiro-sacoma-sao-paulo-sp-j125055&utm_term=J125055&utm_content=link,https://cdn1.megaleiloes.com.br/batches/125055/2ceec99d97ad44d52951a40122131f2c_320x240.jpg,J125055,Aberto para lances,2026-07-30T08:58:37.781220,0.0
Casa 77 m² (Condomínio Residencial Libert’a) - Centro - Guarulhos - SP,Imoveis,492546.33,344782.43,1ª Praça: 13/08/2026 14:00,SP,,Judicial,Mega Leiloes,https://www.megaleiloes.com.br/imoveis/casas/sp/guarulhos/casa-77-m2-condominio-residencial-liberta-centro-guarulhos-sp-j126851?utm_source=megaleiloes&utm_medium=link&utm_campaign=casa-77-m2-condominio-residencial-liberta-centro-guarulhos-sp-j126851&utm_term=J126851&utm_content=link,https://cdn1.megaleiloes.com.br/batches/126851/0304118effcfb2fbba624f74f5c9cc2a_320x240.jpg,J126851,Em breve,2026-07-30T08:58:37.781220,0.0
Direitos sobre Apartamento 48 m² (01 vaga) - Jardim Quartieri - Mogi Mirim - SP,Imoveis,164867.95,98920.77,1ª Praça: 13/08/2026 14:00,SP,,Judicial,Mega Leiloes,https://www.megaleiloes.com.br/imoveis/apartamentos/sp/mogi-mirim/direitos-sobre-apartamento-48-m2-01-vaga-jardim-quartieri-mogi-mirim-sp-j126852?utm_source=megaleiloes&utm_medium=link&utm_campaign=direitos-sobre-apartamento-48-m2-01-vaga-jardim-quartieri-mogi-mirim-sp-j126852&utm_term=J126852&utm_content=link,https://cdn1.megaleiloes.com.br/batches/126852/88d54915195a3e5694cea973266dc9e0_320x240.jpg,J126852,Em breve,2026-07-30T08:58:37.781220,0.0
Imóvel Comercial em Terreno de 300 m² - Jardim Hedy - Mogi Guaçu - SP,Imoveis,383686.67,230212.0,1ª Praça: 13/08/2026 14:00,SP,,Judicial,Mega Leiloes,https://www.megaleiloes.com.br/imoveis/imoveis-comerciais/sp/mogi-guacu/imovel-comercial-em-terreno-de-300-m2-jardim-hedy-mogi-guacu-sp-j126854?utm_source=megaleiloes&utm_medium=link&utm_campaign=imovel-comercial-em-terreno-de-300-m2-jardim-hedy-mogi-guacu-sp-j126854&utm_term=J126854&utm_content=link,https://cdn1.megaleiloes.com.br/batches/126854/395179c1f4a95ac63645760d7e53eeb7_320x240.jpg,J126854,Em breve,2026-07-30T08:58:37.781220,0.0
Imóvel Comercial e Residencial em Terreno de 300 m² - Jardim Hedy - Mogi Guaçu - SP,Imoveis,447634.44,268580.67,1ª Praça: 13/08/2026 14:00,SP,,Judicial,Mega Leiloes,https://www.megaleiloes.com.br/imoveis/imoveis-comerciais/sp/mogi-guacu/imovel-comercial-e-residencial-em-terreno-de-300-m2-jardim-hedy-mogi-guacu-sp-j126855?utm_source=megaleiloes&utm_medium=link&utm_campaign=imovel-comercial-e-residencial-em-terreno-de-300-m2-jardim-hedy-mogi-guacu-sp-j126855&utm_term=J126855&utm_content=link,https://cdn1.megaleiloes.com.br/batches/126855/c61bc0095f830027381bf3c7b15938ec_320x240.jpg,J126855,Em breve,2026-07-30T08:58:37.781220,0.0
Direitos sobre Terreno 150 m² - Terras de Sao Pedro e Sao Paulo - Salto - SP,Imoveis,157309.0,78654.51,1ª Praça: 13/08/2026 14:00,SP,,Judicial,Mega Leiloes,https://www.megaleiloes.com.br/imoveis/terrenos-e-lotes/sp/salto/direitos-sobre-terreno-150-m2-terras-de-sao-pedro-e-sao-paulo-salto-sp-j126857?utm_source=megaleiloes&utm_medium=link&utm_campaign=direitos-sobre-terreno-150-m2-terras-de-sao-pedro-e-sao-paulo-salto-sp-j126857&utm_term=J126857&utm_content=link,https://cdn1.megaleiloes.com.br/batches/126857/2d6e38a221bb1b1418b974b797bdac76_320x240.jpg,J126857,Em breve,2026-07-30T08:58:37.781220,0.0
Apartamento 170 m² - Barcelona - São Caetano do Sul - SP,Imoveis,1022407.79,511203.9,1ª Praça: 13/08/2026 14:00,SP,,Judicial,Mega Leiloes,https://www.megaleiloes.com.br/imoveis/apartamentos/sp/sao-caetano-do-sul/apartamento-170-m2-barcelona-sao-caetano-do-sul-sp-j126664?utm_source=megaleiloes&utm_medium=link&utm_campaign=apartamento-170-m2-barcelona-sao-caetano-do-sul-sp-j126664&utm_term=J126664&utm_content=link,https://cdn1.megaleiloes.com.br/batches/126664/3e29794112e13d4691f0c498fdb341e1_320x240.jpg,J126664,Em breve,2026-07-30T08:58:37.781220,0.0
Apartamento 43 m² e Vaga de Garagem 12 m² (Edifício Morada da Árvore) - Vila da Saúde - São Paulo - SP,Imoveis,404186.65,303139.99,1ª Praça: 13/08/2026 14:30,SP,,Judicial,Mega Leiloes,https://www.megaleiloes.com.br/imoveis/apartamentos/sp/sao-paulo/apartamento-43-m2-e-vaga-de-garagem-12-m2-edificio-morada-da-arvore-vila-da-saude-sao-paulo-sp-j126782?utm_source=megaleiloes&utm_medium=link&utm_campaign=apartamento-43-m2-e-vaga-de-garagem-12-m2-edificio-morada-da-arvore-vila-da-saude-sao-paulo-sp-j126782&utm_term=J126782&utm_content=link,https://cdn1.megaleiloes.com.br/batches/126782/1121c94e6b8d3cd73db728fcd73f2477_320x240.jpg,J126782,Em breve,2026-07-30T08:58:37.781220,0.0
Apartamento 45 m² (01 vaga) - Vila Angélica - Sorocaba - SP,Imoveis,190951.5,95475.75,1ª Praça: 13/08/2026 14:30,SP,,Judicial,Mega Leiloes,https://www.megaleiloes.com.br/imoveis/apartamentos/sp/sorocaba/apartamento-45-m2-01-vaga-vila-angelica-sorocaba-sp-j126858?utm_source=megaleiloes&utm_medium=link&utm_campaign=apartamento-45-m2-01-vaga-vila-angelica-sorocaba-sp-j126858&utm_term=J126858&utm_content=link,https://cdn1.megaleiloes.com.br/batches/126858/4aaee38a2a5dd17ddefe911cdb62fb79_320x240.jpg,J126858,Em breve,2026-07-30T08:58:37.781220,0.0
Apartamento no Litoral 200 m² - José Menino - Santos - SP,Imoveis,1480623.27,888373.96,1ª Praça: 13/08/2026 15:00,SP,,Judicial,Mega Leiloes,https://www.megaleiloes.com.br/imoveis/apartamentos/sp/santos/apartamento-no-litoral-200-m2-jose-menino-santos-sp-j126738?utm_source=megaleiloes&utm_medium=link&utm_campaign=apartamento-no-litoral-200-m2-jose-menino-santos-sp-j126738&utm_term=J126738&utm_content=link,https://cdn1.megaleiloes.com.br/batches/126738/73bc24dfe7f5f7a59433bfc52a64752e_320x240.jpg,J126738,Em breve,2026-07-30T08:58:37.781220,0.0
Apartamento 35 m² com 01 vaga (Condomínio Viz Ponte Estaiada) - Real Parque - São Paulo - SP,Imoveis,364659.0,212038.68,1ª Praça: 13/08/2026 15:00,SP,,Judicial,Mega Leiloes,https://www.megaleiloes.com.br/imoveis/apartamentos/sp/sao-paulo/apartamento-35-m2-com-01-vaga-condominio-viz-ponte-estaiada-real-parque-sao-paulo-sp-x127376?utm_source=megaleiloes&utm_medium=link&utm_campaign=apartamento-35-m2-com-01-vaga-condominio-viz-ponte-estaiada-real-parque-sao-paulo-sp-x127376&utm_term=X127376&utm_content=link,https://cdn1.megaleiloes.com.br/batches/127376/bfa83ad265376e28f86ef7ec3c835090_320x240.jpg,X127376,Aberto para lances,2026-07-30T08:58:37.781220,0.0
Terreno 212 m² - Jardim Dona Laura - Avaré - SP,Imoveis,188453.9,223314.53,1ª Praça: 13/08/2026 15:00,SP,,Judicial,Mega Leiloes,https://www.megaleiloes.com.br/imoveis/terrenos-e-lotes/sp/avare/terreno-212-m2-jardim-dona-laura-avare-sp-x127377?utm_source=megaleiloes&utm_medium=link&utm_campaign=terreno-212-m2-jardim-dona-laura-avare-sp-x127377&utm_term=X127377&utm_content=link,https://cdn1.megaleiloes.com.br/batches/127377/b9dc6dfb78d1783d2d54ef8508a8b5c9_320x240.jpg,X127377,Aberto para lances,2026-07-30T08:58:37.781220,15.6
Casa 315 m² - Nossa Senhora das Graças - Divinópolis - MG,Imoveis,823019.1,600059.87,1ª Praça: 13/08/2026 15:00,MG,,Judicial,Mega Leiloes,https://www.megaleiloes.com.br/imoveis/casas/mg/divinopolis/casa-315-m2-nossa-senhora-das-gracas-divinopolis-mg-x127378?utm_source=megaleiloes&utm_medium=link&utm_campaign=casa-315-m2-nossa-senhora-das-gracas-divinopolis-mg-x127378&utm_term=X127378&utm_content=link,https://cdn1.megaleiloes.com.br/batches/127378/35e714f10c0be15a936aa5ec9a0c84e3_320x240.jpg,X127378,Aberto para lances,2026-07-30T08:58:37.781220,0.0
Imóvel Rural 205 ha - Fazenda Teles Pires - Santa Rita do Trivelato - MT,Imoveis,5163125.04,5163125.04,1ª Praça: 23/07/2026 15:00,MT,,Judicial,Mega Leiloes,https://www.megaleiloes.com.br/imoveis/imoveis-rurais/mt/santa-rita-do-trivelato/imovel-rural-205-ha-fazenda-teles-pires-santa-rita-do-trivelato-mt-j125887?utm_source=megaleiloes&utm_medium=link&utm_campaign=imovel-rural-205-ha-fazenda-teles-pires-santa-rita-do-trivelato-mt-j125887&utm_term=J125887&utm_content=link,https://cdn1.megaleiloes.com.br/batches/125887/efbe152de2a19d5e2a9867ee6a239b88_320x240.jpg,J125887,Aberto para lances,2026-07-30T08:58:37.781220,0.0
Terreno 5.077 m² - Núcleo Itaim - Ferraz de Vasconcelos - SP,Imoveis,6879463.3,3439731.65,1ª Praça: 13/08/2026 15:00,SP,,Judicial,Mega Leiloes,https://www.megaleiloes.com.br/imoveis/terrenos-e-lotes/sp/ferraz-de-vasconcelos/terreno-5077-m2-nucleo-itaim-ferraz-de-vasconcelos-sp-j126701?utm_source=megaleiloes&utm_medium=link&utm_campaign=terreno-5077-m2-nucleo-itaim-ferraz-de-vasconcelos-sp-j126701&utm_term=J126701&utm_content=link,https://cdn1.megaleiloes.com.br/batches/126701/3feebf7dd804684510daff65adca3e73_320x240.jpg,J126701,Em breve,2026-07-30T08:58:37.781220,0.0
Imóvel Industrial com Área 25.877 m² - Núcleo Itaim - Ferraz de Vasconcelos - SP,Imoveis,36578426.49,18289213.25,1ª Praça: 13/08/2026 15:00,SP,,Judicial,Mega Leiloes,https://www.megaleiloes.com.br/imoveis/galpoes--industriais/sp/ferraz-de-vasconcelos/imovel-industrial-com-area-25877-m2-nucleo-itaim-ferraz-de-vasconcelos-sp-j126702?utm_source=megaleiloes&utm_medium=link&utm_campaign=imovel-industrial-com-area-25877-m2-nucleo-itaim-ferraz-de-vasconcelos-sp-j126702&utm_term=J126702&utm_content=link,https://cdn1.megaleiloes.com.br/batches/126702/c134dcabce2f28231120d9cfd5a7ac10_320x240.jpg,J126702,Em breve,2026-07-30T08:58:37.781220,0.0
Área com 464.980 m² - Possibilidade de Incorporação Imobiliária - Zona ZIRC - Votorantim - SP,Imoveis,109261444.94,54630722.47,1ª Praça: 13/08/2026 15:30,SP,,Judicial,Mega Leiloes,https://www.megaleiloes.com.br/imoveis/terrenos-para-incorporacao/sp/votorantim/area-com-464980-m2-possibilidade-de-incorporacao-imobiliaria-zona-zirc-votorantim-sp-j126631?utm_source=megaleiloes&utm_medium=link&utm_campaign=area-com-464980-m2-possibilidade-de-incorporacao-imobiliaria-zona-zirc-votorantim-sp-j126631&utm_term=J126631&utm_content=link,https://cdn1.megaleiloes.com.br/batches/126631/5ebe1e1d3570257559d425ad88f0cc94_320x240.jpg,J126631,Em breve,2026-07-30T08:58:37.781220,0.0
Terreno 1.227 m² no Loteamento Recanto Inpla - Carapicuíba - SP,Imoveis,601935.13,361161.08,1ª Praça: 13/08/2026 16:00,SP,,Judicial,Mega Leiloes,https://www.megaleiloes.com.br/imoveis/terrenos-e-lotes/sp/carapicuiba/terreno-1227-m2-no-loteamento-recanto-inpla-carapicuiba-sp-j126772?utm_source=megaleiloes&utm_medium=link&utm_campaign=terreno-1227-m2-no-loteamento-recanto-inpla-carapicuiba-sp-j126772&utm_term=J126772&utm_content=link,https://cdn1.megaleiloes.com.br/batches/126772/4de6e13f69c8e45bbdc268f5fe7d9569_320x240.jpg,J126772,Em breve,2026-07-30T08:58:37.781220,0.0
Direitos sobre Apartamento 50 m² (01 vaga) - Santana - São Paulo - SP,Imoveis,348870.3,174435.15,1ª Praça: 13/08/2026 16:00,SP,,Judicial,Mega Leiloes,https://www.megaleiloes.com.br/imoveis/apartamentos/sp/sao-paulo/direitos-sobre-apartamento-50-m2-01-vaga-santana-sao-paulo-sp-j126784?utm_source=megaleiloes&utm_medium=link&utm_campaign=direitos-sobre-apartamento-50-m2-01-vaga-santana-sao-paulo-sp-j126784&utm_term=J126784&utm_content=link,https://cdn1.megaleiloes.com.br/batches/126784/d035cb5cde5f4fbacc4f8cbb9ff750fe_320x240.jpg,J126784,Em breve,2026-07-30T08:58:37.781220,0.0
Vaga Dupla de Garagem 23 m² (Cond. Reserva Marajoara Park) - Vila Constância - São Paulo - SP,Imoveis,181289.27,90644.63,1ª Praça: 13/08/2026 16:00,SP,,Judicial,Mega Leiloes,https://www.megaleiloes.com.br/imoveis/vagas-de-garagem/sp/sao-paulo/vaga-dupla-de-garagem-23-m2-cond-reserva-marajoara-park-vila-constancia-sao-paulo-sp-j126849?utm_source=megaleiloes&utm_medium=link&utm_campaign=vaga-dupla-de-garagem-23-m2-cond-reserva-marajoara-park-vila-constancia-sao-paulo-sp-j126849&utm_term=J126849&utm_content=link,https://cdn1.megaleiloes.com.br/batches/126849/2d27caac7f75ffd98a96d1b0b1b7834e_320x240.jpg,J126849,Em breve,2026-07-30T08:58:37.781220,0.0
Terreno 150 m² - Jardim Novo Horizonte - Sorocaba - SP,Imoveis,155000.0,77500.0,1ª Praça: 13/08/2026 16:00,SP,,Judicial,Mega Leiloes,https://www.megaleiloes.com.br/imoveis/terrenos-e-lotes/sp/sorocaba/terreno-150-m2-jardim-novo-horizonte-sorocaba-sp-j126853?utm_source=megaleiloes&utm_medium=link&utm_campaign=terreno-150-m2-jardim-novo-horizonte-sorocaba-sp-j126853&utm_term=J126853&utm_content=link,https://cdn1.megaleiloes.com.br/batches/126853/6b7846f2223754ac34076be54483fc8f_320x240.jpg,J126853,Em breve,2026-07-30T08:58:37.781220,0.0
Apartamento 135 m² (Unid. 11) - Praia da Aparecida - Santos - SP,Imoveis,467407.97,467407.97,1ª Praça: 23/07/2026 16:00,SP,,Judicial,Mega Leiloes,https://www.megaleiloes.com.br/imoveis/apartamentos/sp/santos/apartamento-135-m2-unid-11-praia-da-aparecida-santos-sp-j126123?utm_source=megaleiloes&utm_medium=link&utm_campaign=apartamento-135-m2-unid-11-praia-da-aparecida-santos-sp-j126123&utm_term=J126123&utm_content=link,https://cdn1.megaleiloes.com.br/batches/126123/9b594049cda7361975de7a6a9249fa05_320x240.jpg,J126123,Aberto para lances,2026-07-30T08:58:37.781220,0.0
Apartamento 135 m² (Unid. 71) - Praia da Aparecida - Santos - SP,Imoveis,513732.37,513732.37,1ª Praça: 23/07/2026 16:00,SP,,Judicial,Mega Leiloes,https://www.megaleiloes.com.br/imoveis/apartamentos/sp/santos/apartamento-135-m2-unid-71-praia-da-aparecida-santos-sp-j126124?utm_source=megaleiloes&utm_medium=link&utm_campaign=apartamento-135-m2-unid-71-praia-da-aparecida-santos-sp-j126124&utm_term=J126124&utm_content=link,https://cdn1.megaleiloes.com.br/batches/126124/d134ff9b27cf1b44dc473be921ba3fd0_320x240.jpg,J126124,Aberto para lances,2026-07-30T08:58:37.781220,0.0
Casa 256 m² - Jardim Panorama - Bauru - SP,Imoveis,1022849.77,511424.88,1ª Praça: 13/08/2026 16:00,SP,,Judicial,Mega Leiloes,https://www.megaleiloes.com.br/imoveis/casas/sp/bauru/casa-256-m2-jardim-panorama-bauru-sp-j126646?utm_source=megaleiloes&utm_medium=link&utm_campaign=casa-256-m2-jardim-panorama-bauru-sp-j126646&utm_term=J126646&utm_content=link,https://cdn1.megaleiloes.com.br/batches/126646/00ad73e856eaf99e2839a2f52a602b11_320x240.jpg,J126646,Em breve,2026-07-30T08:58:37.781220,0.0
Direitos sobre Casa 36 m² em Terreno de 158 m² - Conjunto Habitacional João Batista Piccin - Santa Cruz do Rio Pardo - SP,Imoveis,178619.3,107171.58,1ª Praça: 13/08/2026 16:30,SP,,Judicial,Mega Leiloes,https://www.megaleiloes.com.br/imoveis/casas/sp/santa-cruz-do-rio-pardo/direitos-sobre-casa-36-m2-em-terreno-de-158-m2-conjunto-habitacional-joao-batista-piccin-santa-cruz-do-rio-pardo-sp-j126856?utm_source=megaleiloes&utm_medium=link&utm_campaign=direitos-sobre-casa-36-m2-em-terreno-de-158-m2-conjunto-habitacional-joao-batista-piccin-santa-cruz-do-rio-pardo-sp-j126856&utm_term=J126856&utm_content=link,https://cdn1.megaleiloes.com.br/batches/126856/f1b7c66b04acda134fe65ab8b1a5ea2c_320x240.jpg,J126856,Em breve,2026-07-30T08:58:37.781220,0.0
Sala Comercial 43 m² (Unid. 1.101 do Condomínio Vila Olímpia Prime Offices) - Vila Olímpia - São Paulo - SP,Imoveis,614281.37,307140.69,1ª Praça: 13/08/2026 16:30,SP,,Judicial,Mega Leiloes,https://www.megaleiloes.com.br/imoveis/imoveis-comerciais/sp/sao-paulo/sala-comercial-43-m2-unid-1101-do-condominio-vila-olimpia-prime-offices-vila-olimpia-sao-paulo-sp-j126641?utm_source=megaleiloes&utm_medium=link&utm_campaign=sala-comercial-43-m2-unid-1101-do-condominio-vila-olimpia-prime-offices-vila-olimpia-sao-paulo-sp-j126641&utm_term=J126641&utm_content=link,https://cdn1.megaleiloes.com.br/batches/126641/955231bd2feace256c152779470ad723_320x240.jpg,J126641,Em breve,2026-07-30T08:58:37.781220,0.0
Sala Comercial 42 m² (Unid. 1.102 do Condomínio Vila Olímpia Prime Offices) - Vila Olímpia - São Paulo - SP,Imoveis,614281.37,307140.69,1ª Praça: 13/08/2026 16:30,SP,,Judicial,Mega Leiloes,https://www.megaleiloes.com.br/imoveis/imoveis-comerciais/sp/sao-paulo/sala-comercial-42-m2-unid-1102-do-condominio-vila-olimpia-prime-offices-vila-olimpia-sao-paulo-sp-j126644?utm_source=megaleiloes&utm_medium=link&utm_campaign=sala-comercial-42-m2-unid-1102-do-condominio-vila-olimpia-prime-offices-vila-olimpia-sao-paulo-sp-j126644&utm_term=J126644&utm_content=link,https://cdn1.megaleiloes.com.br/batches/126644/8d8f11b6bf53b5c091fb9368ea4bf93b_320x240.jpg,J126644,Em breve,2026-07-30T08:58:37.781220,0.0
Terreno 217 m² (Lote 21 - Residencial Vale do Piracanã) - Piracanã  - Itaituba - PA,Imoveis,58775.92,29387.96,1ª Praça: 14/08/2026 11:00,PA,,Judicial,Mega Leiloes,https://www.megaleiloes.com.br/imoveis/terrenos-e-lotes/pa/itaituba/terreno-217-m2-lote-21-residencial-vale-do-piracana-piracana-itaituba-pa-j126860?utm_source=megaleiloes&utm_medium=link&utm_campaign=terreno-217-m2-lote-21-residencial-vale-do-piracana-piracana-itaituba-pa-j126860&utm_term=J126860&utm_content=link,https://cdn1.megaleiloes.com.br/batches/126860/495712893b43e53af9ae229243f396a2_320x240.jpg,J126860,Em breve,2026-07-30T08:58:37.781220,0.0
Terreno 217 m² (Lote 42 - Residencial Vale do Piracanã) - Piracanã  - Itaituba - PA,Imoveis,58775.92,29387.96,1ª Praça: 14/08/2026 11:00,PA,,Judicial,Mega Leiloes,https://www.megaleiloes.com.br/imoveis/terrenos-e-lotes/pa/itaituba/terreno-217-m2-lote-42-residencial-vale-do-piracana-piracana-itaituba-pa-j126861?utm_source=megaleiloes&utm_medium=link&utm_campaign=terreno-217-m2-lote-42-residencial-vale-do-piracana-piracana-itaituba-pa-j126861&utm_term=J126861&utm_content=link,https://cdn1.megaleiloes.com.br/batches/126861/7305587b54150b240e673bf66e4c99ac_320x240.jpg,J126861,Em breve,2026-07-30T08:58:37.781220,0.0
Terreno 313 m² (Lote 01 - Residencial Vale do Piracanã) - Piracanã - Itaituba - PA,Imoveis,84747.49,42373.74,1ª Praça: 14/08/2026 11:00,PA,,Judicial,Mega Leiloes,https://www.megaleiloes.com.br/imoveis/terrenos-e-lotes/pa/itaituba/terreno-313-m2-lote-01-residencial-vale-do-piracana-piracana-itaituba-pa-j126862?utm_source=megaleiloes&utm_medium=link&utm_campaign=terreno-313-m2-lote-01-residencial-vale-do-piracana-piracana-itaituba-pa-j126862&utm_term=J126862&utm_content=link,https://cdn1.megaleiloes.com.br/batches/126862/c50443e9467fd3f2e8e5d0ddd460ade7_320x240.jpg,J126862,Em breve,2026-07-30T08:58:37.781220,0.0
Terreno 313 m² (Lote 25 - Residencial Vale do Piracanã) - Piracanã - Itaituba - PA,Imoveis,84747.49,42373.74,1ª Praça: 14/08/2026 11:00,PA,,Judicial,Mega Leiloes,https://www.megaleiloes.com.br/imoveis/terrenos-e-lotes/pa/itaituba/terreno-313-m2-lote-25-residencial-vale-do-piracana-piracana-itaituba-pa-j126863?utm_source=megaleiloes&utm_medium=link&utm_campaign=terreno-313-m2-lote-25-residencial-vale-do-piracana-piracana-itaituba-pa-j126863&utm_term=J126863&utm_content=link,https://cdn1.megaleiloes.com.br/batches/126863/453ad3bd1d3406bcd82f473a15d69354_320x240.jpg,J126863,Em breve,2026-07-30T08:58:37.781220,0.0
Direitos sobre Apartamento no Litoral 155 m² - Embaré - Santos - SP,Imoveis,1400000.0,700000.0,1ª Praça: 14/08/2026 15:00,SP,,Judicial,Mega Leiloes,https://www.megaleiloes.com.br/imoveis/apartamentos/sp/santos/direitos-sobre-apartamento-no-litoral-155-m2-embare-santos-sp-j127262?utm_source=megaleiloes&utm_medium=link&utm_campaign=direitos-sobre-apartamento-no-litoral-155-m2-embare-santos-sp-j127262&utm_term=J127262&utm_content=link,https://cdn1.megaleiloes.com.br/batches/127262/a2aef943a09a4710c1e3332f0845eeb2_320x240.jpg,J127262,Em breve,2026-07-30T08:58:37.781220,0.0
Prédio Comercial 130 m² - Brás - São Paulo - SP,Imoveis,849000.0,849000.0,Data: 17/08/2026 10:00,SP,,Judicial,Mega Leiloes,https://www.megaleiloes.com.br/imoveis/imoveis-comerciais/sp/sao-paulo/predio-comercial-130-m2-bras-sao-paulo-sp-x125454?utm_source=megaleiloes&utm_medium=link&utm_campaign=predio-comercial-130-m2-bras-sao-paulo-sp-x125454&utm_term=X125454&utm_content=link,https://cdn1.megaleiloes.com.br/batches/125454/0dbae3030898e3a6ad65aa81807e6bd6_320x240.jpg,X125454,Aberto para lances,2026-07-30T08:58:37.781220,0.0
Casa em Condomínio 197 m² (Condomínio Recreio Campo Verde) - Ibiúna - SP,Imoveis,904795.59,484223.03,1ª Praça: 17/08/2026 10:00,SP,,Judicial,Mega Leiloes,https://www.megaleiloes.com.br/imoveis/casas/sp/ibiuna/casa-em-condominio-197-m2-condominio-recreio-campo-verde-ibiuna-sp-x127375?utm_source=megaleiloes&utm_medium=link&utm_campaign=casa-em-condominio-197-m2-condominio-recreio-campo-verde-ibiuna-sp-x127375&utm_term=X127375&utm_content=link,https://cdn1.megaleiloes.com.br/batches/127375/064891245dfe7738f2a8f14ee2e08667_320x240.jpg,X127375,Aberto para lances,2026-07-30T08:58:37.781220,0.0
Casa 116 m² - Cambuci - São Paulo - SP,Imoveis,465000.0,465000.0,Data: 17/08/2026 10:01,SP,,Judicial,Mega Leiloes,https://www.megaleiloes.com.br/imoveis/casas/sp/sao-paulo/casa-116-m2-cambuci-sao-paulo-sp-x125455?utm_source=megaleiloes&utm_medium=link&utm_campaign=casa-116-m2-cambuci-sao-paulo-sp-x125455&utm_term=X125455&utm_content=link,https://cdn1.megaleiloes.com.br/batches/125455/e87a59412e0c0bcc022c00a21f618293_320x240.jpg,X125455,Aberto para lances,2026-07-30T08:58:37.781220,0.0
Casa 315 m² - Panamá - Campo Grande - MS,Imoveis,1477584.18,1362124.41,1ª Praça: 17/08/2026 10:01,MS,,Judicial,Mega Leiloes,https://www.megaleiloes.com.br/imoveis/casas/ms/campo-grande/casa-315-m2-panama-campo-grande-ms-x127379?utm_source=megaleiloes&utm_medium=link&utm_campaign=casa-315-m2-panama-campo-grande-ms-x127379&utm_term=X127379&utm_content=link,https://cdn1.megaleiloes.com.br/batches/127379/53bcb4ae744a206b98ef10f2734c09c1_320x240.jpg,X127379,Aberto para lances,2026-07-30T08:58:37.781220,0.0
Galpão 250 m² - Sacomã - São Paulo - SP,Imoveis,1328000.0,1328000.0,Data: 17/08/2026 10:02,SP,,Judicial,Mega Leiloes,https://www.megaleiloes.com.br/imoveis/galpoes/sp/sao-paulo/galpao-250-m2-sacoma-sao-paulo-sp-x125456?utm_source=megaleiloes&utm_medium=link&utm_campaign=galpao-250-m2-sacoma-sao-paulo-sp-x125456&utm_term=X125456&utm_content=link,https://cdn1.megaleiloes.com.br/batches/125456/2ac76e6ae0d0931bd6b56c9d7ff0657f_320x240.jpg,X125456,Aberto para lances,2026-07-30T08:58:37.781220,0.0
Apartamento 78 m² - Mooca - São Paulo - SP,Imoveis,678213.2,387075.01,1ª Praça: 17/08/2026 10:02,SP,,Judicial,Mega Leiloes,https://www.megaleiloes.com.br/imoveis/apartamentos/sp/sao-paulo/apartamento-78-m2-mooca-sao-paulo-sp-x127400?utm_source=megaleiloes&utm_medium=link&utm_campaign=apartamento-78-m2-mooca-sao-paulo-sp-x127400&utm_term=X127400&utm_content=link,https://cdn1.megaleiloes.com.br/batches/127400/5224e2c9606ee984996fc7fc6b2e157b_320x240.jpg,X127400,Aberto para lances,2026-07-30T08:58:37.781220,0.0
Apartamento 138 m² (01 vaga) - Bela Vista - São Paulo - SP,Imoveis,1406000.0,1406000.0,Data: 17/08/2026 10:03,SP,,Judicial,Mega Leiloes,https://www.megaleiloes.com.br/imoveis/apartamentos/sp/sao-paulo/apartamento-138-m2-01-vaga-bela-vista-sao-paulo-sp-x125458?utm_source=megaleiloes&utm_medium=link&utm_campaign=apartamento-138-m2-01-vaga-bela-vista-sao-paulo-sp-x125458&utm_term=X125458&utm_content=link,https://cdn1.megaleiloes.com.br/batches/125458/ce308a2f8776418ef0437289af24fe5d_320x240.jpg,X125458,Aberto para lances,2026-07-30T08:58:37.781220,0.0
Prédio Comercial 320 m² - Moinho Velho - São Paulo - SP,Imoveis,1737000.0,1737000.0,Data: 17/08/2026 10:04,SP,,Judicial,Mega Leiloes,https://www.megaleiloes.com.br/imoveis/imoveis-comerciais/sp/sao-paulo/predio-comercial-320-m2-moinho-velho-sao-paulo-sp-x125459?utm_source=megaleiloes&utm_medium=link&utm_campaign=predio-comercial-320-m2-moinho-velho-sao-paulo-sp-x125459&utm_term=X125459&utm_content=link,https://cdn1.megaleiloes.com.br/batches/125459/fa9b1d878a80af9a7a924e2e9bcd21ff_320x240.jpg,X125459,Aberto para lances,2026-07-30T08:58:37.781220,0.0
Prédio Comercial e Residencial 245 m² - Perdizes - São Paulo - SP,Imoveis,2681000.0,2681000.0,Data: 17/08/2026 10:05,SP,,Judicial,Mega Leiloes,https://www.megaleiloes.com.br/imoveis/imoveis-comerciais/sp/sao-paulo/predio-comercial-e-residencial-245-m2-perdizes-sao-paulo-sp-x125463?utm_source=megaleiloes&utm_medium=link&utm_campaign=predio-comercial-e-residencial-245-m2-perdizes-sao-paulo-sp-x125463&utm_term=X125463&utm_content=link,https://cdn1.megaleiloes.com.br/batches/125463/0eb33f2000431958f2f9baab801e0909_320x240.jpg,X125463,Aberto para lances,2026-07-30T08:58:37.781220,0.0
Apartamento 177 m² (01 vaga) - Consolação - São Paulo - SP,Imoveis,1904000.0,1904000.0,Data: 17/08/2026 10:06,SP,,Judicial,Mega Leiloes,https://www.megaleiloes.com.br/imoveis/apartamentos/sp/sao-paulo/apartamento-177-m2-01-vaga-consolacao-sao-paulo-sp-x125464?utm_source=megaleiloes&utm_medium=link&utm_campaign=apartamento-177-m2-01-vaga-consolacao-sao-paulo-sp-x125464&utm_term=X125464&utm_content=link,https://cdn1.megaleiloes.com.br/batches/125464/d98a4d5e93d383501dbf5fa141c7740b_320x240.jpg,X125464,Aberto para lances,2026-07-30T08:58:37.781220,0.0
Imóvel Comercial 928 m² - Mooca - São Paulo - SP,Imoveis,6050000.0,6050000.0,Data: 17/08/2026 10:07,SP,,Judicial,Mega Leiloes,https://www.megaleiloes.com.br/imoveis/imoveis-comerciais/sp/sao-paulo/imovel-comercial-928-m2-mooca-sao-paulo-sp-x125465?utm_source=megaleiloes&utm_medium=link&utm_campaign=imovel-comercial-928-m2-mooca-sao-paulo-sp-x125465&utm_term=X125465&utm_content=link,https://cdn1.megaleiloes.com.br/batches/125465/70db794ded31079cdcd4afaed663e461_320x240.jpg,X125465,Aberto para lances,2026-07-30T08:58:37.781220,0.0
Parte Ideal (50%) de Prédio Comercial 674 m² - Campos Elíseos - São Paulo - SP,Imoveis,4798000.0,4798000.0,Data: 17/08/2026 10:08,SP,,Judicial,Mega Leiloes,https://www.megaleiloes.com.br/imoveis/imoveis-comerciais/sp/sao-paulo/parte-ideal-50-de-predio-comercial-674-m2-campos-eliseos-sao-paulo-sp-x125466?utm_source=megaleiloes&utm_medium=link&utm_campaign=parte-ideal-50-de-predio-comercial-674-m2-campos-eliseos-sao-paulo-sp-x125466&utm_term=X125466&utm_content=link,https://cdn1.megaleiloes.com.br/batches/125466/b8fb751ac864bd1516e4c9434e554d6f_320x240.jpg,X125466,Aberto para lances,2026-07-30T08:58:37.781220,0.0
Imóvel Comercial e Residencial 200 m² - Bela Vista - São Paulo - SP,Imoveis,1463000.0,1463000.0,Data: 17/08/2026 10:09,SP,,Judicial,Mega Leiloes,https://www.megaleiloes.com.br/imoveis/imoveis-comerciais/sp/sao-paulo/imovel-comercial-e-residencial-200-m2-bela-vista-sao-paulo-sp-x125468?utm_source=megaleiloes&utm_medium=link&utm_campaign=imovel-comercial-e-residencial-200-m2-bela-vista-sao-paulo-sp-x125468&utm_term=X125468&utm_content=link,https://cdn1.megaleiloes.com.br/batches/125468/4ecdde228e79823d0fe93b7f38013e74_320x240.jpg,X125468,Aberto para lances,2026-07-30T08:58:37.781220,0.0
Terreno 672 m² - Centro - Santo André - SP,Imoveis,3048000.0,3048000.0,Data: 17/08/2026 10:10,SP,,Judicial,Mega Leiloes,https://www.megaleiloes.com.br/imoveis/terrenos-e-lotes/sp/santo-andre/terreno-672-m2-centro-santo-andre-sp-x125469?utm_source=megaleiloes&utm_medium=link&utm_campaign=terreno-672-m2-centro-santo-andre-sp-x125469&utm_term=X125469&utm_content=link,https://cdn1.megaleiloes.com.br/batches/125469/a7853caa10237014cc9e777bf6aa198b_320x240.jpg,X125469,Aberto para lances,2026-07-30T08:58:37.781220,0.0
Imóvel Comercial 329 m² - Centro - São Paulo - SP,Imoveis,4102000.0,4102000.0,Data: 17/08/2026 10:11,SP,,Judicial,Mega Leiloes,https://www.megaleiloes.com.br/imoveis/imoveis-comerciais/sp/sao-paulo/imovel-comercial-329-m2-centro-sao-paulo-sp-x125470?utm_source=megaleiloes&utm_medium=link&utm_campaign=imovel-comercial-329-m2-centro-sao-paulo-sp-x125470&utm_term=X125470&utm_content=link,https://cdn1.megaleiloes.com.br/batches/125470/c2b115a7c54fec01caca5dbeb2b6cbe3_320x240.jpg,X125470,Aberto para lances,2026-07-30T08:58:37.781220,0.0
Vaga de Garagem 15 m² (subsolo do Edifício Nova Brasília) - Centro - São Paulo - SP - Lote 17,Imoveis,24000.0,24000.0,Data: 17/08/2026 10:12,Lote 17,,Judicial,Mega Leiloes,https://www.megaleiloes.com.br/imoveis/vagas-de-garagem/sp/sao-paulo/vaga-de-garagem-15-m2-subsolo-do-edificio-nova-brasilia-centro-sao-paulo-sp-lote-17-x125471?utm_source=megaleiloes&utm_medium=link&utm_campaign=vaga-de-garagem-15-m2-subsolo-do-edificio-nova-brasilia-centro-sao-paulo-sp-lote-17-x125471&utm_term=X125471&utm_content=link,https://cdn1.megaleiloes.com.br/batches/125471/d98d64b177d3e644bd2694bee80db45b_320x240.jpg,X125471,Aberto para lances,2026-07-30T08:58:37.781220,0.0
Vaga de Garagem 15 m² (subsolo do Edifício Nova Brasília) - Centro - São Paulo - SP - Lote 18,Imoveis,24000.0,24000.0,Data: 17/08/2026 10:13,Lote 18,,Judicial,Mega Leiloes,https://www.megaleiloes.com.br/imoveis/vagas-de-garagem/sp/sao-paulo/vaga-de-garagem-15-m2-subsolo-do-edificio-nova-brasilia-centro-sao-paulo-sp-lote-18-x125472?utm_source=megaleiloes&utm_medium=link&utm_campaign=vaga-de-garagem-15-m2-subsolo-do-edificio-nova-brasilia-centro-sao-paulo-sp-lote-18-x125472&utm_term=X125472&utm_content=link,https://cdn1.megaleiloes.com.br/batches/125472/3f160972ef4d7189cf80b8136d9370c7_320x240.jpg,X125472,Aberto para lances,2026-07-30T08:58:37.781220,0.0
Vaga de Garagem 15 m² (subsolo do Edifício Nova Brasília) - Centro - São Paulo - SP - Lote 19,Imoveis,24000.0,24000.0,Data: 17/08/2026 10:14,Lote 19,,Judicial,Mega Leiloes,https://www.megaleiloes.com.br/imoveis/vagas-de-garagem/sp/sao-paulo/vaga-de-garagem-15-m2-subsolo-do-edificio-nova-brasilia-centro-sao-paulo-sp-lote-19-x125473?utm_source=megaleiloes&utm_medium=link&utm_campaign=vaga-de-garagem-15-m2-subsolo-do-edificio-nova-brasilia-centro-sao-paulo-sp-lote-19-x125473&utm_term=X125473&utm_content=link,https://cdn1.megaleiloes.com.br/batches/125473/e5552fce625356dcabe4ca99cf9c9204_320x240.jpg,X125473,Aberto para lances,2026-07-30T08:58:37.781220,0.0
Imóvel Comercial 144 m² (Loja 285 e Subsolo) - República - São Paulo - SP,Imoveis,901000.0,901000.0,Data: 17/08/2026 10:15,SP,,Judicial,Mega Leiloes,https://www.megaleiloes.com.br/imoveis/imoveis-comerciais/sp/sao-paulo/imovel-comercial-144-m2-loja-285-e-subsolo-republica-sao-paulo-sp-x125475?utm_source=megaleiloes&utm_medium=link&utm_campaign=imovel-comercial-144-m2-loja-285-e-subsolo-republica-sao-paulo-sp-x125475&utm_term=X125475&utm_content=link,https://cdn1.megaleiloes.com.br/batches/125475/d40a4c80907bc72e5263c94e84da289d_320x240.jpg,X125475,Aberto para lances,2026-07-30T08:58:37.781220,0.0
Terreno 192 m² - Vila Nair - São Paulo - SP,Imoveis,613000.0,613000.0,Data: 17/08/2026 10:16,SP,,Judicial,Mega Leiloes,https://www.megaleiloes.com.br/imoveis/terrenos-e-lotes/sp/sao-paulo/terreno-192-m2-vila-nair-sao-paulo-sp-x125476?utm_source=megaleiloes&utm_medium=link&utm_campaign=terreno-192-m2-vila-nair-sao-paulo-sp-x125476&utm_term=X125476&utm_content=link,https://cdn1.megaleiloes.com.br/batches/125476/76272f6ff698ead126df0546d56efb2f_320x240.jpg,X125476,Aberto para lances,2026-07-30T08:58:37.781220,0.0
Prédio Comercial 250 m² - Brás - São Paulo - SP,Imoveis,1535000.0,1535000.0,Data: 17/08/2026 10:17,SP,,Judicial,Mega Leiloes,https://www.megaleiloes.com.br/imoveis/imoveis-comerciais/sp/sao-paulo/predio-comercial-250-m2-bras-sao-paulo-sp-x125478?utm_source=megaleiloes&utm_medium=link&utm_campaign=predio-comercial-250-m2-bras-sao-paulo-sp-x125478&utm_term=X125478&utm_content=link,https://cdn1.megaleiloes.com.br/batches/125478/1b289b22673bee217228b867271c8d51_320x240.jpg,X125478,Aberto para lances,2026-07-30T08:58:37.781220,0.0
Prédio Comercial 729 m² - Brás - São Paulo - SP,Imoveis,4885000.0,4885000.0,Data: 17/08/2026 10:18,SP,,Judicial,Mega Leiloes,https://www.megaleiloes.com.br/imoveis/imoveis-comerciais/sp/sao-paulo/predio-comercial-729-m2-bras-sao-paulo-sp-x125479?utm_source=megaleiloes&utm_medium=link&utm_campaign=predio-comercial-729-m2-bras-sao-paulo-sp-x125479&utm_term=X125479&utm_content=link,https://cdn1.megaleiloes.com.br/batches/125479/bdc2638652dba532a64be3d2a7a6ed90_320x240.jpg,X125479,Aberto para lances,2026-07-30T08:58:37.781220,0.0
Prédio Comercial 250 m² - Brás - São Paulo - SP (Lote 25),Imoveis,3081000.0,3081000.0,Data: 17/08/2026 10:19,SP (Lote 25),,Judicial,Mega Leiloes,https://www.megaleiloes.com.br/imoveis/imoveis-comerciais/sp/sao-paulo/predio-comercial-250-m2-bras-sao-paulo-sp-lote-25-x125480?utm_source=megaleiloes&utm_medium=link&utm_campaign=predio-comercial-250-m2-bras-sao-paulo-sp-lote-25-x125480&utm_term=X125480&utm_content=link,https://cdn1.megaleiloes.com.br/batches/125480/803daea3a36d9deeebb7de384733e7d2_320x240.jpg,X125480,Aberto para lances,2026-07-30T08:58:37.781220,0.0
Prédio Comercial 270 m² - Brás - São Paulo - SP,Imoveis,3252000.0,3252000.0,Data: 17/08/2026 10:20,SP,,Judicial,Mega Leiloes,https://www.megaleiloes.com.br/imoveis/imoveis-comerciais/sp/sao-paulo/predio-comercial-270-m2-bras-sao-paulo-sp-x125481?utm_source=megaleiloes&utm_medium=link&utm_campaign=predio-comercial-270-m2-bras-sao-paulo-sp-x125481&utm_term=X125481&utm_content=link,https://cdn1.megaleiloes.com.br/batches/125481/df64f982ad5f0f74c7fe7cdc47477b68_320x240.jpg,X125481,Aberto para lances,2026-07-30T08:58:37.781220,0.0
Prédio Comercial e Residencial 270 m² - Brás - São Paulo - SP,Imoveis,3642000.0,3642000.0,Data: 17/08/2026 10:21,SP,,Judicial,Mega Leiloes,https://www.megaleiloes.com.br/imoveis/imoveis-comerciais/sp/sao-paulo/predio-comercial-e-residencial-270-m2-bras-sao-paulo-sp-x125482?utm_source=megaleiloes&utm_medium=link&utm_campaign=predio-comercial-e-residencial-270-m2-bras-sao-paulo-sp-x125482&utm_term=X125482&utm_content=link,https://cdn1.megaleiloes.com.br/batches/125482/6818d373cd6bf5728a7746b507d2953c_320x240.jpg,X125482,Aberto para lances,2026-07-30T08:58:37.781220,0.0
Prédio Comercial 336 m² - Brás - São Paulo - SP,Imoveis,2576000.0,2576000.0,Data: 17/08/2026 10:22,SP,,Judicial,Mega Leiloes,https://www.megaleiloes.com.br/imoveis/imoveis-comerciais/sp/sao-paulo/predio-comercial-336-m2-bras-sao-paulo-sp-x125484?utm_source=megaleiloes&utm_medium=link&utm_campaign=predio-comercial-336-m2-bras-sao-paulo-sp-x125484&utm_term=X125484&utm_content=link,https://cdn1.megaleiloes.com.br/batches/125484/65f8abf57e425f30fdde9bba73983362_320x240.jpg,X125484,Aberto para lances,2026-07-30T08:58:37.781220,0.0
Prédio Comercial 336 m² - Brás - São Paulo - SP (Lote 30),Imoveis,972000.0,972000.0,Data: 17/08/2026 10:23,SP (Lote 30),,Judicial,Mega Leiloes,https://www.megaleiloes.com.br/imoveis/imoveis-comerciais/sp/sao-paulo/predio-comercial-336-m2-bras-sao-paulo-sp-lote-30-x125485?utm_source=megaleiloes&utm_medium=link&utm_campaign=predio-comercial-336-m2-bras-sao-paulo-sp-lote-30-x125485&utm_term=X125485&utm_content=link,https://cdn1.megaleiloes.com.br/batches/125485/72792939bf8b604906261d3d704e2b00_320x240.jpg,X125485,Aberto para lances,2026-07-30T08:58:37.781220,0.0
Prédio Comercial 336 m² - Brás - São Paulo - SP (Lote 31),Imoveis,948000.0,948000.0,Data: 17/08/2026 10:24,SP (Lote 31),,Judicial,Mega Leiloes,https://www.megaleiloes.com.br/imoveis/imoveis-comerciais/sp/sao-paulo/predio-comercial-336-m2-bras-sao-paulo-sp-lote-31-x125486?utm_source=megaleiloes&utm_medium=link&utm_campaign=predio-comercial-336-m2-bras-sao-paulo-sp-lote-31-x125486&utm_term=X125486&utm_content=link,https://cdn1.megaleiloes.com.br/batches/125486/42ff5f20614d75ac85330cc2bc2a35c7_320x240.jpg,X125486,Aberto para lances,2026-07-30T08:58:37.781220,0.0
Prédio Comercial 640 m² - Brás - São Paulo - SP,Imoveis,1131000.0,1131000.0,Data: 17/08/2026 10:25,SP,,Judicial,Mega Leiloes,https://www.megaleiloes.com.br/imoveis/imoveis-comerciais/sp/sao-paulo/predio-comercial-640-m2-bras-sao-paulo-sp-x125487?utm_source=megaleiloes&utm_medium=link&utm_campaign=predio-comercial-640-m2-bras-sao-paulo-sp-x125487&utm_term=X125487&utm_content=link,https://cdn1.megaleiloes.com.br/batches/125487/813e8d144a3ecf95e85d3a52c5ff88f0_320x240.jpg,X125487,Aberto para lances,2026-07-30T08:58:37.781220,0.0
Terreno 250 m² (Lt. 23 da Qd. 11) - Nova Peruíbe - Peruíbe - SP,Imoveis,69000.0,69000.0,Data: 17/08/2026 10:26,SP,,Judicial,Mega Leiloes,https://www.megaleiloes.com.br/imoveis/terrenos-e-lotes/sp/peruibe/terreno-250-m2-lt-23-da-qd-11-nova-peruibe-peruibe-sp-x125488?utm_source=megaleiloes&utm_medium=link&utm_campaign=terreno-250-m2-lt-23-da-qd-11-nova-peruibe-peruibe-sp-x125488&utm_term=X125488&utm_content=link,https://cdn1.megaleiloes.com.br/batches/125488/163ce12a1578fa937a6ea94970f104bc_320x240.jpg,X125488,Aberto para lances,2026-07-30T08:58:37.781220,0.0
Terreno 250 m² (Lt. 24 da Qd. 11) - Nova Peruíbe - Peruíbe - SP,Imoveis,69000.0,69000.0,Data: 17/08/2026 10:27,SP,,Judicial,Mega Leiloes,https://www.megaleiloes.com.br/imoveis/terrenos-e-lotes/sp/peruibe/terreno-250-m2-lt-24-da-qd-11-nova-peruibe-peruibe-sp-x125489?utm_source=megaleiloes&utm_medium=link&utm_campaign=terreno-250-m2-lt-24-da-qd-11-nova-peruibe-peruibe-sp-x125489&utm_term=X125489&utm_content=link,https://cdn1.megaleiloes.com.br/batches/125489/5a2b0d911402fcaa651732eed79205b3_320x240.jpg,X125489,Aberto para lances,2026-07-30T08:58:37.781220,0.0
Terreno 250 m² (Lt. 25 da Qd. 11) - Nova Peruíbe - Peruíbe - SP,Imoveis,69000.0,69000.0,Data: 17/08/2026 10:28,SP,,Judicial,Mega Leiloes,https://www.megaleiloes.com.br/imoveis/terrenos-e-lotes/sp/peruibe/terreno-250-m2-lt-25-da-qd-11-nova-peruibe-peruibe-sp-x125490?utm_source=megaleiloes&utm_medium=link&utm_campaign=terreno-250-m2-lt-25-da-qd-11-nova-peruibe-peruibe-sp-x125490&utm_term=X125490&utm_content=link,https://cdn1.megaleiloes.com.br/batches/125490/dbb6cca1f7e7c39e50660a30ba617bd3_320x240.jpg,X125490,Aberto para lances,2026-07-30T08:58:37.781220,0.0
Terreno 250 m² (Lt. 26 da Qd. 11) - Nova Peruíbe - Peruíbe - SP,Imoveis,69000.0,69000.0,Data: 17/08/2026 10:29,SP,,Judicial,Mega Leiloes,https://www.megaleiloes.com.br/imoveis/terrenos-e-lotes/sp/peruibe/terreno-250-m2-lt-26-da-qd-11-nova-peruibe-peruibe-sp-x125491?utm_source=megaleiloes&utm_medium=link&utm_campaign=terreno-250-m2-lt-26-da-qd-11-nova-peruibe-peruibe-sp-x125491&utm_term=X125491&utm_content=link,https://cdn1.megaleiloes.com.br/batches/125491/27731e546515979eaa1745ef5d103bf4_320x240.jpg,X125491,Aberto para lances,2026-07-30T08:58:37.781220,0.0
Terreno 250 m² (Lt. 27 da Qd. 11) - Nova Peruíbe - Peruíbe - SP,Imoveis,69000.0,69000.0,Data: 17/08/2026 10:30,SP,,Judicial,Mega Leiloes,https://www.megaleiloes.com.br/imoveis/terrenos-e-lotes/sp/peruibe/terreno-250-m2-lt-27-da-qd-11-nova-peruibe-peruibe-sp-x125492?utm_source=megaleiloes&utm_medium=link&utm_campaign=terreno-250-m2-lt-27-da-qd-11-nova-peruibe-peruibe-sp-x125492&utm_term=X125492&utm_content=link,https://cdn1.megaleiloes.com.br/batches/125492/9af303f3ec3294e4ffbf4ed9d55d749d_320x240.jpg,X125492,Aberto para lances,2026-07-30T08:58:37.781220,0.0
Terreno 250 m² (Lt. 28 da Qd. 11) - Nova Peruíbe - Peruíbe - SP,Imoveis,69000.0,69000.0,Data: 17/08/2026 10:31,SP,,Judicial,Mega Leiloes,https://www.megaleiloes.com.br/imoveis/terrenos-e-lotes/sp/peruibe/terreno-250-m2-lt-28-da-qd-11-nova-peruibe-peruibe-sp-x125493?utm_source=megaleiloes&utm_medium=link&utm_campaign=terreno-250-m2-lt-28-da-qd-11-nova-peruibe-peruibe-sp-x125493&utm_term=X125493&utm_content=link,https://cdn1.megaleiloes.com.br/batches/125493/b91918ee3aaa2abafb57b38c9a751fc0_320x240.jpg,X125493,Aberto para lances,2026-07-30T08:58:37.781220,0.0
Terreno 250 m² (Lt. 29 da Qd. 11) - Nova Peruíbe - Peruíbe - SP,Imoveis,69000.0,69000.0,Data: 17/08/2026 10:32,SP,,Judicial,Mega Leiloes,https://www.megaleiloes.com.br/imoveis/terrenos-e-lotes/sp/peruibe/terreno-250-m2-lt-29-da-qd-11-nova-peruibe-peruibe-sp-x125494?utm_source=megaleiloes&utm_medium=link&utm_campaign=terreno-250-m2-lt-29-da-qd-11-nova-peruibe-peruibe-sp-x125494&utm_term=X125494&utm_content=link,https://cdn1.megaleiloes.com.br/batches/125494/8a5fc0401a5b29f42a74f25cdd199f2b_320x240.jpg,X125494,Aberto para lances,2026-07-30T08:58:37.781220,0.0
Terreno 250 m² (Lt. 30 da Qd. 11) - Nova Peruíbe - Peruíbe - SP,Imoveis,69000.0,69000.0,Data: 17/08/2026 10:33,SP,,Judicial,Mega Leiloes,https://www.megaleiloes.com.br/imoveis/terrenos-e-lotes/sp/peruibe/terreno-250-m2-lt-30-da-qd-11-nova-peruibe-peruibe-sp-x125495?utm_source=megaleiloes&utm_medium=link&utm_campaign=terreno-250-m2-lt-30-da-qd-11-nova-peruibe-peruibe-sp-x125495&utm_term=X125495&utm_content=link,https://cdn1.megaleiloes.com.br/batches/125495/fcb0fb1efe2b557553b45040c300e16d_320x240.jpg,X125495,Aberto para lances,2026-07-30T08:58:37.781220,0.0
Terreno 250 m² (Lt. 35 da Qd. 11) - Nova Peruíbe - Peruíbe - SP,Imoveis,94000.0,94000.0,Data: 17/08/2026 10:34,SP,,Judicial,Mega Leiloes,https://www.megaleiloes.com.br/imoveis/terrenos-e-lotes/sp/peruibe/terreno-250-m2-lt-35-da-qd-11-nova-peruibe-peruibe-sp-x125496?utm_source=megaleiloes&utm_medium=link&utm_campaign=terreno-250-m2-lt-35-da-qd-11-nova-peruibe-peruibe-sp-x125496&utm_term=X125496&utm_content=link,https://cdn1.megaleiloes.com.br/batches/125496/d7818e43d0f2266973f0dc32850d5830_320x240.jpg,X125496,Aberto para lances,2026-07-30T08:58:37.781220,0.0
Terreno 250 m² (Lt. 36 da Qd. 11) - Nova Peruíbe - Peruíbe - SP,Imoveis,111000.0,111000.0,Data: 17/08/2026 10:35,SP,,Judicial,Mega Leiloes,https://www.megaleiloes.com.br/imoveis/terrenos-e-lotes/sp/peruibe/terreno-250-m2-lt-36-da-qd-11-nova-peruibe-peruibe-sp-x125497?utm_source=megaleiloes&utm_medium=link&utm_campaign=terreno-250-m2-lt-36-da-qd-11-nova-peruibe-peruibe-sp-x125497&utm_term=X125497&utm_content=link,https://cdn1.megaleiloes.com.br/batches/125497/81557fc0fb9c7e9fceb5f8fdc85a4f65_320x240.jpg,X125497,Aberto para lances,2026-07-30T08:58:37.781220,0.0
Terreno 250 m² (Lt. 37 da Qd. 11) - Nova Peruíbe - Peruíbe - SP,Imoveis,89000.0,89000.0,Data: 17/08/2026 10:36,SP,,Judicial,Mega Leiloes,https://www.megaleiloes.com.br/imoveis/terrenos-e-lotes/sp/peruibe/terreno-250-m2-lt-37-da-qd-11-nova-peruibe-peruibe-sp-x125498?utm_source=megaleiloes&utm_medium=link&utm_campaign=terreno-250-m2-lt-37-da-qd-11-nova-peruibe-peruibe-sp-x125498&utm_term=X125498&utm_content=link,https://cdn1.megaleiloes.com.br/batches/125498/bbca16ee44e86357bca8d25e12b80d5f_320x240.jpg,X125498,Aberto para lances,2026-07-30T08:58:37.781220,0.0
Terreno 544 m² - Ilha Porchat - São Vicente - SP,Imoveis,67000.0,67000.0,Data: 17/08/2026 10:37,SP,,Judicial,Mega Leiloes,https://www.megaleiloes.com.br/imoveis/terrenos-e-lotes/sp/sao-vicente/terreno-544-m2-ilha-porchat-sao-vicente-sp-x125499?utm_source=megaleiloes&utm_medium=link&utm_campaign=terreno-544-m2-ilha-porchat-sao-vicente-sp-x125499&utm_term=X125499&utm_content=link,https://cdn1.megaleiloes.com.br/batches/125499/93190420e244ad371f851f39868455a9_320x240.jpg,X125499,Aberto para lances,2026-07-30T08:58:37.781220,0.0
Apartamento 79 m² (02 vagas) - Moema - São Paulo - SP,Imoveis,1372000.0,1372000.0,Data: 17/08/2026 10:38,SP,,Judicial,Mega Leiloes,https://www.megaleiloes.com.br/imoveis/apartamentos/sp/sao-paulo/apartamento-79-m2-02-vagas-moema-sao-paulo-sp-x125503?utm_source=megaleiloes&utm_medium=link&utm_campaign=apartamento-79-m2-02-vagas-moema-sao-paulo-sp-x125503&utm_term=X125503&utm_content=link,https://cdn1.megaleiloes.com.br/batches/125503/80bbf594d24e151dc584028ba779cacb_320x240.jpg,X125503,Aberto para lances,2026-07-30T08:58:37.781220,0.0
Apartamento 46 m² - República - São Paulo - SP,Imoveis,284000.0,284000.0,Data: 17/08/2026 10:39,SP,,Judicial,Mega Leiloes,https://www.megaleiloes.com.br/imoveis/apartamentos/sp/sao-paulo/apartamento-46-m2-republica-sao-paulo-sp-x125504?utm_source=megaleiloes&utm_medium=link&utm_campaign=apartamento-46-m2-republica-sao-paulo-sp-x125504&utm_term=X125504&utm_content=link,https://cdn1.megaleiloes.com.br/batches/125504/e62ac2489807643ce9c7e0f0ba744fb4_320x240.jpg,X125504,Aberto para lances,2026-07-30T08:58:37.781220,0.0
"Parte Ideal (46,7%) de Apartamento 72 m² - Centro - São Bernardo do Campo - SP",Imoveis,350000.0,350000.0,Data: 17/08/2026 10:40,SP,,Judicial,Mega Leiloes,https://www.megaleiloes.com.br/imoveis/apartamentos/sp/sao-bernardo-do-campo/parte-ideal-467-de-apartamento-72-m2-centro-sao-bernardo-do-campo-sp-x125507?utm_source=megaleiloes&utm_medium=link&utm_campaign=parte-ideal-467-de-apartamento-72-m2-centro-sao-bernardo-do-campo-sp-x125507&utm_term=X125507&utm_content=link,https://cdn1.megaleiloes.com.br/batches/125507/e326ce87e852307321ac637a5bb75faf_320x240.jpg,X125507,Aberto para lances,2026-07-30T08:58:37.781220,0.0
Vaga de Garagem 16 m² (BOX 22-F-2) - Consolação - São Paulo - SP,Imoveis,44000.0,44000.0,Data: 17/08/2026 10:41,SP,,Judicial,Mega Leiloes,https://www.megaleiloes.com.br/imoveis/vagas-de-garagem/sp/sao-paulo/vaga-de-garagem-16-m2-box-22-f-2-consolacao-sao-paulo-sp-x125508?utm_source=megaleiloes&utm_medium=link&utm_campaign=vaga-de-garagem-16-m2-box-22-f-2-consolacao-sao-paulo-sp-x125508&utm_term=X125508&utm_content=link,https://cdn1.megaleiloes.com.br/batches/125508/3b6e6b4195412f85483c5d67d423d53a_320x240.jpg,X125508,Aberto para lances,2026-07-30T08:58:37.781220,0.0
Casa 120 m² - Brás - São Paulo - SP,Imoveis,992000.0,992000.0,Data: 17/08/2026 10:42,SP,,Judicial,Mega Leiloes,https://www.megaleiloes.com.br/imoveis/casas/sp/sao-paulo/casa-120-m2-bras-sao-paulo-sp-x125509?utm_source=megaleiloes&utm_medium=link&utm_campaign=casa-120-m2-bras-sao-paulo-sp-x125509&utm_term=X125509&utm_content=link,https://cdn1.megaleiloes.com.br/batches/125509/0086363eda642bfb25b9b855073e5939_320x240.jpg,X125509,Aberto para lances,2026-07-30T08:58:37.781220,0.0
Direitos sobre Apartamento 40 m² - Mário Quintana - Porto Alegre - RS,Imoveis,92497.91,92497.91,1ª Praça: 27/07/2026 11:00,RS,,Judicial,Mega Leiloes,https://www.megaleiloes.com.br/imoveis/apartamentos/rs/porto-alegre/direitos-sobre-apartamento-40-m2-mario-quintana-porto-alegre-rs-j124873?utm_source=megaleiloes&utm_medium=link&utm_campaign=direitos-sobre-apartamento-40-m2-mario-quintana-porto-alegre-rs-j124873&utm_term=J124873&utm_content=link,https://cdn1.megaleiloes.com.br/batches/124873/d249faafd2b70699bc6e3b075e826459_320x240.jpg,J124873,Aberto para lances,2026-07-30T08:58:37.781220,0.0
"Parte Ideal (88,817%) de Casa 130 m² - Vila Campestre - São Paulo - SP",Imoveis,443327.65,221663.84,1ª Praça: 17/08/2026 11:30,SP,,Judicial,Mega Leiloes,https://www.megaleiloes.com.br/imoveis/casas/sp/sao-paulo/parte-ideal-88817-de-casa-130-m2-vila-campestre-sao-paulo-sp-j126868?utm_source=megaleiloes&utm_medium=link&utm_campaign=parte-ideal-88817-de-casa-130-m2-vila-campestre-sao-paulo-sp-j126868&utm_term=J126868&utm_content=link,https://cdn1.megaleiloes.com.br/batches/126868/2c706b5d31e3715ccefcead9087c09d6_320x240.jpg,J126868,Em breve,2026-07-30T08:58:37.781220,0.0
Nua Propriedade sobre Casa 294 m² - Santa Terezinha - São Bernardo do Campo - SP,Imoveis,1226981.91,736189.14,1ª Praça: 17/08/2026 14:00,SP,,Judicial,Mega Leiloes,https://www.megaleiloes.com.br/imoveis/casas/sp/sao-bernardo-do-campo/nua-propriedade-sobre-casa-294-m2-santa-terezinha-sao-bernardo-do-campo-sp-j126817?utm_source=megaleiloes&utm_medium=link&utm_campaign=nua-propriedade-sobre-casa-294-m2-santa-terezinha-sao-bernardo-do-campo-sp-j126817&utm_term=J126817&utm_content=link,https://cdn1.megaleiloes.com.br/batches/126817/40ec22ce84433edb4cc3827a56168f24_320x240.jpg,J126817,Em breve,2026-07-30T08:58:37.781220,0.0
Apartamento 65 m² (01 vaga) - Guarapiranga - São Paulo - SP,Imoveis,247797.63,247797.63,1ª Praça: 27/07/2026 14:00,SP,,Judicial,Mega Leiloes,https://www.megaleiloes.com.br/imoveis/apartamentos/sp/sao-paulo/apartamento-65-m2-01-vaga-guarapiranga-sao-paulo-sp-j125056?utm_source=megaleiloes&utm_medium=link&utm_campaign=apartamento-65-m2-01-vaga-guarapiranga-sao-paulo-sp-j125056&utm_term=J125056&utm_content=link,https://cdn1.megaleiloes.com.br/batches/125056/46550a91ed4855a6d1dfd33697b6fa99_320x240.jpg,J125056,Aberto para lances,2026-07-30T08:58:37.781220,0.0
Apartamento 198 m² (02 vagas) - Santana - São Paulo - SP,Imoveis,1146488.32,687892.99,1ª Praça: 17/08/2026 15:00,SP,,Judicial,Mega Leiloes,https://www.megaleiloes.com.br/imoveis/apartamentos/sp/sao-paulo/apartamento-198-m2-02-vagas-santana-sao-paulo-sp-j126804?utm_source=megaleiloes&utm_medium=link&utm_campaign=apartamento-198-m2-02-vagas-santana-sao-paulo-sp-j126804&utm_term=J126804&utm_content=link,https://cdn1.megaleiloes.com.br/batches/126804/f89bcbea9bef9ed6ce0a04fc7c1fae23_320x240.jpg,J126804,Em breve,2026-07-30T08:58:37.781220,0.0
Casa em Terreno de 325 m² - Neves - Ponta Grossa - PR,Imoveis,354980.0,286680.69,1ª Praça: 17/08/2026 15:00,PR,,Judicial,Mega Leiloes,https://www.megaleiloes.com.br/imoveis/casas/pr/ponta-grossa/casa-em-terreno-de-325-m2-neves-ponta-grossa-pr-x127384?utm_source=megaleiloes&utm_medium=link&utm_campaign=casa-em-terreno-de-325-m2-neves-ponta-grossa-pr-x127384&utm_term=X127384&utm_content=link,https://cdn1.megaleiloes.com.br/batches/127384/d70d26c4d1beda8d824a3d37b56c74eb_320x240.jpg,X127384,Aberto para lances,2026-07-30T08:58:37.781220,0.0
Casa 50 m² - São Salvador - Ipiaú - BA,Imoveis,158881.51,116287.06,1ª Praça: 17/08/2026 15:01,BA,,Judicial,Mega Leiloes,https://www.megaleiloes.com.br/imoveis/casas/ba/ipiau/casa-50-m2-sao-salvador-ipiau-ba-x127386?utm_source=megaleiloes&utm_medium=link&utm_campaign=casa-50-m2-sao-salvador-ipiau-ba-x127386&utm_term=X127386&utm_content=link,https://cdn1.megaleiloes.com.br/batches/127386/8908577f706f98974be6284586942882_320x240.jpg,X127386,Aberto para lances,2026-07-30T08:58:37.781220,0.0
Apartamento 74 m² (privativa + comum) - Engenho de Dentro - Rio de Janeiro - RJ,Imoveis,796706.24,448428.91,1ª Praça: 17/08/2026 15:02,RJ,,Judicial,Mega Leiloes,https://www.megaleiloes.com.br/imoveis/apartamentos/rj/rio-de-janeiro/apartamento-74-m2-privativa--comum-engenho-de-dentro-rio-de-janeiro-rj-x127387?utm_source=megaleiloes&utm_medium=link&utm_campaign=apartamento-74-m2-privativa--comum-engenho-de-dentro-rio-de-janeiro-rj-x127387&utm_term=X127387&utm_content=link,https://cdn1.megaleiloes.com.br/batches/127387/ad4cf6102933df97fb3377e51229b104_320x240.jpg,X127387,Aberto para lances,2026-07-30T08:58:37.781220,0.0
Apartamento 176 m² (privativa + comum) com 02 vagas - Recreio dos Bandeirantes - Rio de Janeiro - RJ,Imoveis,1190000.0,595000.0,1ª Praça: 17/08/2026 15:03,RJ,,Judicial,Mega Leiloes,https://www.megaleiloes.com.br/imoveis/apartamentos/rj/rio-de-janeiro/apartamento-176-m2-privativa--comum-com-02-vagas-recreio-dos-bandeirantes-rio-de-janeiro-rj-x127388?utm_source=megaleiloes&utm_medium=link&utm_campaign=apartamento-176-m2-privativa--comum-com-02-vagas-recreio-dos-bandeirantes-rio-de-janeiro-rj-x127388&utm_term=X127388&utm_content=link,https://cdn1.megaleiloes.com.br/batches/127388/034617d57c87aafb449a4ed3b80d76f0_320x240.jpg,X127388,Aberto para lances,2026-07-30T08:58:37.781220,0.0
Casa em Condomínio 124 m² (Unid. 03 do Conjunto Residencial Dom João VI) - Cajuru - Curitiba - PR,Imoveis,617580.0,391670.49,1ª Praça: 17/08/2026 15:04,PR,,Judicial,Mega Leiloes,https://www.megaleiloes.com.br/imoveis/casas/pr/curitiba/casa-em-condominio-124-m2-unid-03-do-conjunto-residencial-dom-joao-vi-cajuru-curitiba-pr-x127389?utm_source=megaleiloes&utm_medium=link&utm_campaign=casa-em-condominio-124-m2-unid-03-do-conjunto-residencial-dom-joao-vi-cajuru-curitiba-pr-x127389&utm_term=X127389&utm_content=link,https://cdn1.megaleiloes.com.br/batches/127389/9e4d17c3e3aa76eb06857b6bb52a4055_320x240.jpg,X127389,Aberto para lances,2026-07-30T08:58:37.781220,0.0
Casa 47 m² (Unid. 04 do Cond. Residencial Santo Agostinho) - Pioneiros Catarinenses - Cascavel - PR,Imoveis,229833.3,122582.8,1ª Praça: 17/08/2026 15:05,PR,,Judicial,Mega Leiloes,https://www.megaleiloes.com.br/imoveis/casas/pr/cascavel/casa-47-m2-unid-04-do-cond-residencial-santo-agostinho-pioneiros-catarinenses-cascavel-pr-x127390?utm_source=megaleiloes&utm_medium=link&utm_campaign=casa-47-m2-unid-04-do-cond-residencial-santo-agostinho-pioneiros-catarinenses-cascavel-pr-x127390&utm_term=X127390&utm_content=link,https://cdn1.megaleiloes.com.br/batches/127390/f712715c2cc5eddbfdffb60dd3b64704_320x240.jpg,X127390,Aberto para lances,2026-07-30T08:58:37.781220,0.0
Apartamento Duplex 286 m² (02 vagas) - Vila Andrade - São Paulo - SP,Imoveis,2019000.0,1009500.0,1ª Praça: 17/08/2026 15:06,SP,,Judicial,Mega Leiloes,https://www.megaleiloes.com.br/imoveis/apartamentos/sp/sao-paulo/apartamento-duplex-286-m2-02-vagas-vila-andrade-sao-paulo-sp-x127391?utm_source=megaleiloes&utm_medium=link&utm_campaign=apartamento-duplex-286-m2-02-vagas-vila-andrade-sao-paulo-sp-x127391&utm_term=X127391&utm_content=link,https://cdn1.megaleiloes.com.br/batches/127391/941c774e911e9513b8e1cfbec83a2a9f_320x240.jpg,X127391,Aberto para lances,2026-07-30T08:58:37.781220,0.0
Casa 41 m² - Jardim Boa Vista - Sertãozinho - SP,Imoveis,206128.52,121601.17,1ª Praça: 17/08/2026 15:07,SP,,Judicial,Mega Leiloes,https://www.megaleiloes.com.br/imoveis/casas/sp/sertaozinho/casa-41-m2-jardim-boa-vista-sertaozinho-sp-x127392?utm_source=megaleiloes&utm_medium=link&utm_campaign=casa-41-m2-jardim-boa-vista-sertaozinho-sp-x127392&utm_term=X127392&utm_content=link,https://cdn1.megaleiloes.com.br/batches/127392/a951f682d8a1ef52e2ba7273db55d5b1_320x240.jpg,X127392,Aberto para lances,2026-07-30T08:58:37.781220,0.0
Apartamento 55 m² (01 vaga) - Independência - São Bernardo do Campo - SP,Imoveis,443516.32,221758.16,1ª Praça: 17/08/2026 15:08,SP,,Judicial,Mega Leiloes,https://www.megaleiloes.com.br/imoveis/apartamentos/sp/sao-bernardo-do-campo/apartamento-55-m2-01-vaga-independencia-sao-bernardo-do-campo-sp-x127393?utm_source=megaleiloes&utm_medium=link&utm_campaign=apartamento-55-m2-01-vaga-independencia-sao-bernardo-do-campo-sp-x127393&utm_term=X127393&utm_content=link,https://cdn1.megaleiloes.com.br/batches/127393/055b8faf81368fcb211a05b446bc9fce_320x240.jpg,X127393,Aberto para lances,2026-07-30T08:58:37.781220,0.0
Apartamento (Unid. 908 do Condomínio da Marinha) - Colubande - São Gonçalo - RJ,Imoveis,192826.12,156953.72,1ª Praça: 17/08/2026 15:09,RJ,,Judicial,Mega Leiloes,https://www.megaleiloes.com.br/imoveis/apartamentos/rj/sao-goncalo/apartamento-unid-908-do-condominio-da-marinha-colubande-sao-goncalo-rj-x127396?utm_source=megaleiloes&utm_medium=link&utm_campaign=apartamento-unid-908-do-condominio-da-marinha-colubande-sao-goncalo-rj-x127396&utm_term=X127396&utm_content=link,https://cdn1.megaleiloes.com.br/batches/127396/ff6c0ce1529f4c2cf814b505aa4fac29_320x240.jpg,X127396,Aberto para lances,2026-07-30T08:58:37.781220,0.0
Casa em Terreno de 412 m² - Retiro - Petrópolis - RJ,Imoveis,1143317.2,923667.25,1ª Praça: 17/08/2026 15:10,RJ,,Judicial,Mega Leiloes,https://www.megaleiloes.com.br/imoveis/casas/rj/petropolis/casa-em-terreno-de-412-m2-retiro-petropolis-rj-x127398?utm_source=megaleiloes&utm_medium=link&utm_campaign=casa-em-terreno-de-412-m2-retiro-petropolis-rj-x127398&utm_term=X127398&utm_content=link,https://cdn1.megaleiloes.com.br/batches/127398/cc0e41c3fd206a4e4f67b873da9ba3f9_320x240.jpg,X127398,Aberto para lances,2026-07-30T08:58:37.781220,0.0
Loja 61 m² (Unid. 26 do Bonnaire Mall) - Jardim Caboré - São Paulo - SP,Imoveis,1070337.0,809774.82,1ª Praça: 17/08/2026 15:11,SP,,Judicial,Mega Leiloes,https://www.megaleiloes.com.br/imoveis/imoveis-comerciais/sp/sao-paulo/loja-61-m2-unid-26-do-bonnaire-mall-jardim-cabore-sao-paulo-sp-x127399?utm_source=megaleiloes&utm_medium=link&utm_campaign=loja-61-m2-unid-26-do-bonnaire-mall-jardim-cabore-sao-paulo-sp-x127399&utm_term=X127399&utm_content=link,https://cdn1.megaleiloes.com.br/batches/127399/3139cabe2d62fe60fb131436db64c09b_320x240.jpg,X127399,Aberto para lances,2026-07-30T08:58:37.781220,0.0
Sala Comercial 79 m² - Kobrasol - São José - SC,Imoveis,737775.84,442665.5,1ª Praça: 17/08/2026 16:00,SC,,Judicial,Mega Leiloes,https://www.megaleiloes.com.br/imoveis/imoveis-comerciais/sc/sao-jose/sala-comercial-79-m2-kobrasol-sao-jose-sc-j126634?utm_source=megaleiloes&utm_medium=link&utm_campaign=sala-comercial-79-m2-kobrasol-sao-jose-sc-j126634&utm_term=J126634&utm_content=link,https://cdn1.megaleiloes.com.br/batches/126634/ffd0e35e565d9e82dad5565438aa3d35_320x240.jpg,J126634,Em breve,2026-07-30T08:58:37.781220,0.0
Terreno 1.170 m² - Morada do Sol - Santana de Parnaíba - SP,Imoveis,273100.2,136550.1,1ª Praça: 17/08/2026 16:30,SP,,Judicial,Mega Leiloes,https://www.megaleiloes.com.br/imoveis/terrenos-e-lotes/sp/santana-de-parnaiba/terreno-1170-m2-morada-do-sol-santana-de-parnaiba-sp-j126864?utm_source=megaleiloes&utm_medium=link&utm_campaign=terreno-1170-m2-morada-do-sol-santana-de-parnaiba-sp-j126864&utm_term=J126864&utm_content=link,https://cdn1.megaleiloes.com.br/batches/126864/99b5c318127c8814a9f9abf2bf0649af_320x240.jpg,J126864,Em breve,2026-07-30T08:58:37.781220,0.0
Apartamento 55 m² (01 vaga) - Jardim Prudência - São Paulo - SP,Imoveis,302021.67,181213.0,1ª Praça: 17/08/2026 16:30,SP,,Judicial,Mega Leiloes,https://www.megaleiloes.com.br/imoveis/apartamentos/sp/sao-paulo/apartamento-55-m2-01-vaga-jardim-prudencia-sao-paulo-sp-j126866?utm_source=megaleiloes&utm_medium=link&utm_campaign=apartamento-55-m2-01-vaga-jardim-prudencia-sao-paulo-sp-j126866&utm_term=J126866&utm_content=link,https://cdn1.megaleiloes.com.br/batches/126866/efee2a195ccceea01be56090dba6f003_320x240.jpg,J126866,Em breve,2026-07-30T08:58:37.781220,0.0
Apartamento 57 m² (01 vaga) - Vila Nossa Senhora das Vitórias - Mauá - SP,Imoveis,187165.39,187165.39,1ª Praça: 27/07/2026 14:00,SP,,Judicial,Mega Leiloes,https://www.megaleiloes.com.br/imoveis/apartamentos/sp/maua/apartamento-57-m2-01-vaga-vila-nossa-senhora-das-vitorias-maua-sp-j126154?utm_source=megaleiloes&utm_medium=link&utm_campaign=apartamento-57-m2-01-vaga-vila-nossa-senhora-das-vitorias-maua-sp-j126154&utm_term=J126154&utm_content=link,https://cdn1.megaleiloes.com.br/batches/126154/7a4aba12ed145fad022c36b02c6ee0b4_320x240.jpg,J126154,Aberto para lances,2026-07-30T08:58:37.781220,0.0
Apartamento 79 m² (01 Vaga) - Barra da Tijuca - Rio de Janeiro - RJ,Imoveis,1185197.75,592598.87,1ª Praça: 18/08/2026 14:30,RJ,,Judicial,Mega Leiloes,https://www.megaleiloes.com.br/imoveis/apartamentos/rj/rio-de-janeiro/apartamento-79-m2-01-vaga-barra-da-tijuca-rio-de-janeiro-rj-j126780?utm_source=megaleiloes&utm_medium=link&utm_campaign=apartamento-79-m2-01-vaga-barra-da-tijuca-rio-de-janeiro-rj-j126780&utm_term=J126780&utm_content=link,https://cdn1.megaleiloes.com.br/batches/126780/3bdb3176a44cbcc434fafc6c2a813b32_320x240.jpg,J126780,Em breve,2026-07-30T08:58:37.781220,0.0
Direitos sobre Casa em Condomínio 61 m² (01 vaga) - Jardim Santa Luiza - Sorocaba - SP,Imoveis,144347.24,144347.24,1ª Praça: 27/07/2026 14:30,SP,,Judicial,Mega Leiloes,https://www.megaleiloes.com.br/imoveis/casas/sp/sorocaba/direitos-sobre-casa-em-condominio-61-m2-01-vaga-jardim-santa-luiza-sorocaba-sp-j126159?utm_source=megaleiloes&utm_medium=link&utm_campaign=direitos-sobre-casa-em-condominio-61-m2-01-vaga-jardim-santa-luiza-sorocaba-sp-j126159&utm_term=J126159&utm_content=link,https://cdn1.megaleiloes.com.br/batches/126159/a463dcf122f0dc6cf2a123179fd071ef_320x240.jpg,J126159,Aberto para lances,2026-07-30T08:58:37.781220,0.0
Casa 126 m² - Condomínio Monte Verde - Camanducaia - MG,Imoveis,910330.98,455165.49,1ª Praça: 18/08/2026 14:30,MG,,Judicial,Mega Leiloes,https://www.megaleiloes.com.br/imoveis/casas/mg/camanducaia/casa-126-m2-condominio-monte-verde-camanducaia-mg-j126783?utm_source=megaleiloes&utm_medium=link&utm_campaign=casa-126-m2-condominio-monte-verde-camanducaia-mg-j126783&utm_term=J126783&utm_content=link,https://cdn1.megaleiloes.com.br/batches/126783/1a788e1ddfd398a2acaf7e13a1ddca3a_320x240.jpg,J126783,Em breve,2026-07-30T08:58:37.781220,0.0
Galpão 1.815 m² em Terreno 3.000 m² - Distrito Industrial Antônio Zacaro - Catanduva - SP,Imoveis,1606417.4,803208.71,1ª Praça: 18/08/2026 15:00,SP,,Judicial,Mega Leiloes,https://www.megaleiloes.com.br/imoveis/galpoes--industriais/sp/catanduva/galpao-1815-m2-em-terreno-3000-m2-distrito-industrial-antonio-zacaro-catanduva-sp-j126137?utm_source=megaleiloes&utm_medium=link&utm_campaign=galpao-1815-m2-em-terreno-3000-m2-distrito-industrial-antonio-zacaro-catanduva-sp-j126137&utm_term=J126137&utm_content=link,https://cdn1.megaleiloes.com.br/batches/126137/6698752b582d080bfcbf25e508c8b017_320x240.jpg,J126137,Em breve,2026-07-30T08:58:37.781220,0.0
"Casa 69 m² - Tijucas-SC - Rua Ciriema, 216 - Casa 01 do Residencial Paraíso III - Centro",Imoveis,418000.0,250800.0,1ª Praça: 19/08/2026 15:00,Centro,,Judicial,Mega Leiloes,https://www.megaleiloes.com.br/imoveis/casas/sc/tijucas/casa-69-m2-tijucas-sc-rua-ciriema-216-casa-01-do-residencial-paraiso-iii-centro-x127276?utm_source=megaleiloes&utm_medium=link&utm_campaign=casa-69-m2-tijucas-sc-rua-ciriema-216-casa-01-do-residencial-paraiso-iii-centro-x127276&utm_term=X127276&utm_content=link,https://cdn1.megaleiloes.com.br/batches/127276/44dfe3a1de8491c1958cf7b3c2998461_320x240.jpg,X127276,Aberto para lances,2026-07-30T08:58:37.781220,0.0
"Casa 71 m² - Blumenau-SC - Rua Maria Hubertina Bornhofen, 35 - Unidade 01 - Passo Manso",Imoveis,387923.25,214555.74,1ª Praça: 19/08/2026 15:02,Passo Manso,,Judicial,Mega Leiloes,https://www.megaleiloes.com.br/imoveis/casas/sc/blumenau/casa-71-m2-blumenau-sc-rua-maria-hubertina-bornhofen-35-unidade-01-passo-manso-x127277?utm_source=megaleiloes&utm_medium=link&utm_campaign=casa-71-m2-blumenau-sc-rua-maria-hubertina-bornhofen-35-unidade-01-passo-manso-x127277&utm_term=X127277&utm_content=link,https://cdn1.megaleiloes.com.br/batches/127277/856635852bd7e2a52440ee018c536040_320x240.jpg,X127277,Aberto para lances,2026-07-30T08:58:37.781220,0.0
"Apartamento 127 m² - Campos do Jordão-SP - Rua Gastão Vidigal, 200 - Flat 24 - Jardim Belvedere (Vila Capivari)",Imoveis,2284863.72,1045800.0,1ª Praça: 19/08/2026 15:04,Jardim Belvedere (Vila Capivari),,Judicial,Mega Leiloes,https://www.megaleiloes.com.br/imoveis/apartamentos/sp/campos-do-jordao/apartamento-127-m2-campos-do-jordao-sp-rua-gastao-vidigal-200-flat-24-jardim-belvedere-vila-capivari-x127278?utm_source=megaleiloes&utm_medium=link&utm_campaign=apartamento-127-m2-campos-do-jordao-sp-rua-gastao-vidigal-200-flat-24-jardim-belvedere-vila-capivari-x127278&utm_term=X127278&utm_content=link,https://cdn1.megaleiloes.com.br/batches/127278/0ddf7972bbc2323bcc7a1dc9f16f250b_320x240.jpg,X127278,Aberto para lances,2026-07-30T08:58:37.781220,0.0
"Casa 137 m² - São Sebastião do Paraíso-MG - Rua Helena Fartti, 80 - Residencial Riviera",Imoveis,303358.6,221723.44,1ª Praça: 19/08/2026 15:06,Residencial Riviera,,Judicial,Mega Leiloes,https://www.megaleiloes.com.br/imoveis/casas/mg/sao-sebastiao-do-paraiso/casa-137-m2-sao-sebastiao-do-paraiso-mg-rua-helena-fartti-80-residencial-riviera-x127279?utm_source=megaleiloes&utm_medium=link&utm_campaign=casa-137-m2-sao-sebastiao-do-paraiso-mg-rua-helena-fartti-80-residencial-riviera-x127279&utm_term=X127279&utm_content=link,https://cdn1.megaleiloes.com.br/batches/127279/ad262401b5d1ab68dae689e67dd5a246_320x240.jpg,X127279,Aberto para lances,2026-07-30T08:58:37.781220,0.0
"Apartamento 116 m² - Curitiba-PR - Rua Tabajaras, 380 - Apto. 702, do Tipo Duplex I - Vila Izabel",Imoveis,1168695.6,658200.0,1ª Praça: 19/08/2026 15:08,Vila Izabel,,Judicial,Mega Leiloes,https://www.megaleiloes.com.br/imoveis/apartamentos/pr/curitiba/apartamento-116-m2-curitiba-pr-rua-tabajaras-380-apto-702-do-tipo-duplex-i-vila-izabel-x127280?utm_source=megaleiloes&utm_medium=link&utm_campaign=apartamento-116-m2-curitiba-pr-rua-tabajaras-380-apto-702-do-tipo-duplex-i-vila-izabel-x127280&utm_term=X127280&utm_content=link,https://cdn1.megaleiloes.com.br/batches/127280/ef2c0292de137a4234176989d2247e1b_320x240.jpg,X127280,Aberto para lances,2026-07-30T08:58:37.781220,0.0
"Casa 104 m² - Sobral-CE - Rua Sânzio Sherlock, 497 - Antônio Carlos Belchior",Imoveis,425843.0,330109.74,1ª Praça: 19/08/2026 15:10,Antônio Carlos Belchior,,Judicial,Mega Leiloes,https://www.megaleiloes.com.br/imoveis/casas/ce/sobral/casa-104-m2-sobral-ce-rua-sanzio-sherlock-497-antonio-carlos-belchior-x127326?utm_source=megaleiloes&utm_medium=link&utm_campaign=casa-104-m2-sobral-ce-rua-sanzio-sherlock-497-antonio-carlos-belchior-x127326&utm_term=X127326&utm_content=link,https://cdn1.megaleiloes.com.br/batches/127326/405881b161a4a81ecce7ecaccef25cad_320x240.jpg,X127326,Aberto para lances,2026-07-30T08:58:37.781220,0.0
"Terreno 150 m² - Santana de Parnaíba-SP - Rua das Magnólia Brancas, 53 - Jaguari (Jardim das Flores)",Imoveis,206224.19,152735.05,1ª Praça: 19/08/2026 15:12,Jaguari (Jardim das Flores),,Judicial,Mega Leiloes,https://www.megaleiloes.com.br/imoveis/terrenos-e-lotes/sp/santana-de-parnaiba/terreno-150-m2-santana-de-parnaiba-sp-rua-das-magnolia-brancas-53-jaguari-jardim-das-flores-x127327?utm_source=megaleiloes&utm_medium=link&utm_campaign=terreno-150-m2-santana-de-parnaiba-sp-rua-das-magnolia-brancas-53-jaguari-jardim-das-flores-x127327&utm_term=X127327&utm_content=link,https://cdn1.megaleiloes.com.br/batches/127327/93e613be6f51d13a3f3d6efaf45a5167_320x240.jpg,X127327,Aberto para lances,2026-07-30T08:58:37.781220,0.0
"Terreno 969 m² - Petrópolis-RJ - Rua Neuza Goulart Brizola, 2.225 - Casa 50 do Tipo 1 - Condomínio Villa Doménico - Itaipava",Imoveis,454743.44,232978.81,1ª Praça: 19/08/2026 15:14,Itaipava,,Judicial,Mega Leiloes,https://www.megaleiloes.com.br/imoveis/terrenos-e-lotes/rj/petropolis/terreno-969-m2-petropolis-rj-rua-neuza-goulart-brizola-2225-casa-50-do-tipo-1-condominio-villa-domenico-itaipava-x127328?utm_source=megaleiloes&utm_medium=link&utm_campaign=terreno-969-m2-petropolis-rj-rua-neuza-goulart-brizola-2225-casa-50-do-tipo-1-condominio-villa-domenico-itaipava-x127328&utm_term=X127328&utm_content=link,https://cdn1.megaleiloes.com.br/batches/127328/9da88d90490267ea52b3fdf8d915c070_320x240.jpg,X127328,Aberto para lances,2026-07-30T08:58:37.781220,0.0
"Galpão 945 m² - Jaragua do Sul-SC - Rua 556-Serafim Satler, 200 - Jaragua 99",Imoveis,3200000.0,1920000.0,1ª Praça: 19/08/2026 15:16,Jaragua 99,,Judicial,Mega Leiloes,https://www.megaleiloes.com.br/imoveis/galpoes/sc/jaragua-do-sul/galpao-945-m2-jaragua-do-sul-sc-rua-556-serafim-satler-200-jaragua-99-x127329?utm_source=megaleiloes&utm_medium=link&utm_campaign=galpao-945-m2-jaragua-do-sul-sc-rua-556-serafim-satler-200-jaragua-99-x127329&utm_term=X127329&utm_content=link,https://cdn1.megaleiloes.com.br/batches/127329/c6b8eb63514651fd24f879f46bacb96d_320x240.jpg,X127329,Aberto para lances,2026-07-30T08:58:37.781220,0.0
"Apartamento 55 m² - Franca-SP - Rua Francisco Frias Mesquita, 1.470 esquina com Av. Papa João XXIII - Apto. 03 - Samel Park",Imoveis,340566.13,188727.92,1ª Praça: 19/08/2026 15:18,Samel Park,,Judicial,Mega Leiloes,https://www.megaleiloes.com.br/imoveis/apartamentos/sp/franca/apartamento-55-m2-franca-sp-rua-francisco-frias-mesquita-1470-esquina-com-av-papa-joao-xxiii-apto-03-samel-park-x127330?utm_source=megaleiloes&utm_medium=link&utm_campaign=apartamento-55-m2-franca-sp-rua-francisco-frias-mesquita-1470-esquina-com-av-papa-joao-xxiii-apto-03-samel-park-x127330&utm_term=X127330&utm_content=link,https://cdn1.megaleiloes.com.br/batches/127330/f68d1496a2ffc70e6dc8aa81c8ec442d_320x240.jpg,X127330,Aberto para lances,2026-07-30T08:58:37.781220,0.0
Direitos sobre Apartamento 42 m² (01 vaga) - Jundiapeba - Mogi das Cruzes - SP,Imoveis,148588.83,74294.42,1ª Praça: 20/08/2026 11:10,SP,,Judicial,Mega Leiloes,https://www.megaleiloes.com.br/imoveis/apartamentos/sp/mogi-das-cruzes/direitos-sobre-apartamento-42-m2-01-vaga-jundiapeba-mogi-das-cruzes-sp-j126872?utm_source=megaleiloes&utm_medium=link&utm_campaign=direitos-sobre-apartamento-42-m2-01-vaga-jundiapeba-mogi-das-cruzes-sp-j126872&utm_term=J126872&utm_content=link,https://cdn1.megaleiloes.com.br/batches/126872/2d7f333241009c332c6401282119758f_320x240.jpg,J126872,Em breve,2026-07-30T08:58:37.781220,0.0
Apartamento 83 m² e Vaga de Garagem - Jardim Paulista - São Paulo - SP,Imoveis,908003.59,544802.15,1ª Praça: 20/08/2026 14:00,SP,,Judicial,Mega Leiloes,https://www.megaleiloes.com.br/imoveis/apartamentos/sp/sao-paulo/apartamento-83-m2-e-vaga-de-garagem-jardim-paulista-sao-paulo-sp-j126773?utm_source=megaleiloes&utm_medium=link&utm_campaign=apartamento-83-m2-e-vaga-de-garagem-jardim-paulista-sao-paulo-sp-j126773&utm_term=J126773&utm_content=link,https://cdn1.megaleiloes.com.br/batches/126773/2dfd34cc1fd0c7acea37ff5d9f8c7d79_320x240.jpg,J126773,Em breve,2026-07-30T08:58:37.781220,0.0
Apartamento 34 m² - Santa Cecília - São Paulo - SP,Imoveis,294968.46,176981.07,1ª Praça: 20/08/2026 14:00,SP,,Judicial,Mega Leiloes,https://www.megaleiloes.com.br/imoveis/apartamentos/sp/sao-paulo/apartamento-34-m2-santa-cecilia-sao-paulo-sp-j126774?utm_source=megaleiloes&utm_medium=link&utm_campaign=apartamento-34-m2-santa-cecilia-sao-paulo-sp-j126774&utm_term=J126774&utm_content=link,https://cdn1.megaleiloes.com.br/batches/126774/ff655619606083e0f0e0fa5598321700_320x240.jpg,J126774,Em breve,2026-07-30T08:58:37.781220,0.0
Terreno 1.000 m² - Colina II - Araçoiaba da Serra - SP,Imoveis,435562.34,217781.17,1ª Praça: 20/08/2026 14:00,SP,,Judicial,Mega Leiloes,https://www.megaleiloes.com.br/imoveis/terrenos-e-lotes/sp/aracoiaba-da-serra/terreno-1000-m2-colina-ii-aracoiaba-da-serra-sp-j126870?utm_source=megaleiloes&utm_medium=link&utm_campaign=terreno-1000-m2-colina-ii-aracoiaba-da-serra-sp-j126870&utm_term=J126870&utm_content=link,https://cdn1.megaleiloes.com.br/batches/126870/0975cad172d2ff0994b6219005a34559_320x240.jpg,J126870,Em breve,2026-07-30T08:58:37.781220,0.0
Casa 123 m² - Jardim Sol Nascente - Garça - SP,Imoveis,231466.38,138879.82,1ª Praça: 20/08/2026 14:00,SP,,Judicial,Mega Leiloes,https://www.megaleiloes.com.br/imoveis/casas/sp/garca/casa-123-m2-jardim-sol-nascente-garca-sp-j126871?utm_source=megaleiloes&utm_medium=link&utm_campaign=casa-123-m2-jardim-sol-nascente-garca-sp-j126871&utm_term=J126871&utm_content=link,https://cdn1.megaleiloes.com.br/batches/126871/78e53f8b49ee440bee8be8ed6c85fc8b_320x240.jpg,J126871,Em breve,2026-07-30T08:58:37.781220,0.0
Apartamento 72 m² (01 vaga) - Vila Suzana - São Paulo - SP,Imoveis,423118.61,211559.31,1ª Praça: 20/08/2026 14:00,SP,,Judicial,Mega Leiloes,https://www.megaleiloes.com.br/imoveis/apartamentos/sp/sao-paulo/apartamento-72-m2-01-vaga-vila-suzana-sao-paulo-sp-j126873?utm_source=megaleiloes&utm_medium=link&utm_campaign=apartamento-72-m2-01-vaga-vila-suzana-sao-paulo-sp-j126873&utm_term=J126873&utm_content=link,https://cdn1.megaleiloes.com.br/batches/126873/8e71b552fa255a39932a7c0ab0c0131b_320x240.jpg,J126873,Em breve,2026-07-30T08:58:37.781220,0.0
Chácara com Área de 5.220 m² (Chácara Boa Esperança) - Nossa Sra. do Remédio - Salesópolis - SP,Imoveis,788160.42,472896.25,1ª Praça: 20/08/2026 14:30,SP,,Judicial,Mega Leiloes,https://www.megaleiloes.com.br/imoveis/imoveis-rurais/sp/salesopolis/chacara-com-area-de-5220-m2-chacara-boa-esperanca-nossa-sra-do-remedio-salesopolis-sp-j126775?utm_source=megaleiloes&utm_medium=link&utm_campaign=chacara-com-area-de-5220-m2-chacara-boa-esperanca-nossa-sra-do-remedio-salesopolis-sp-j126775&utm_term=J126775&utm_content=link,https://cdn1.megaleiloes.com.br/batches/126775/c0d3d1f2c09275153379aba80a538837_320x240.jpg,J126775,Em breve,2026-07-30T08:58:37.781220,0.0
Casa 84 m² em Terreno de 642 m² - Loteamento Cinco Colônias - Canoas - RS,Imoveis,870231.94,522139.17,1ª Praça: 20/08/2026 14:30,RS,,Judicial,Mega Leiloes,https://www.megaleiloes.com.br/imoveis/casas/rs/canoas/casa-84-m2-em-terreno-de-642-m2-loteamento-cinco-colonias-canoas-rs-j126826?utm_source=megaleiloes&utm_medium=link&utm_campaign=casa-84-m2-em-terreno-de-642-m2-loteamento-cinco-colonias-canoas-rs-j126826&utm_term=J126826&utm_content=link,https://cdn1.megaleiloes.com.br/batches/126826/aceac157d24e7f45f33eb89f14f8574c_320x240.jpg,J126826,Em breve,2026-07-30T08:58:37.781220,0.0
Apartamento 78 m² (02 vagas) - Itaim Bibi - São Paulo - SP,Imoveis,836795.59,418397.8,1ª Praça: 20/08/2026 14:30,SP,,Judicial,Mega Leiloes,https://www.megaleiloes.com.br/imoveis/apartamentos/sp/sao-paulo/apartamento-78-m2-02-vagas-itaim-bibi-sao-paulo-sp-j126832?utm_source=megaleiloes&utm_medium=link&utm_campaign=apartamento-78-m2-02-vagas-itaim-bibi-sao-paulo-sp-j126832&utm_term=J126832&utm_content=link,https://cdn1.megaleiloes.com.br/batches/126832/352d526260e5543c42720fc5e05da381_320x240.jpg,J126832,Em breve,2026-07-30T08:58:37.781220,0.0
Apartamento 46 m² (01 vaga) - Jardins Mangueiral - Brasília - DF,Imoveis,312153.01,218507.11,1ª Praça: 20/08/2026 14:30,DF,,Judicial,Mega Leiloes,https://www.megaleiloes.com.br/imoveis/apartamentos/df/brasilia/apartamento-46-m2-01-vaga-jardins-mangueiral-brasilia-df-j126869?utm_source=megaleiloes&utm_medium=link&utm_campaign=apartamento-46-m2-01-vaga-jardins-mangueiral-brasilia-df-j126869&utm_term=J126869&utm_content=link,https://cdn1.megaleiloes.com.br/batches/126869/3c901e47c89f625db9a73b353127fa5d_320x240.jpg,J126869,Em breve,2026-07-30T08:58:37.781220,0.0
Apartamento 68 m² (01 vaga) - Vila Galvão - Guarulhos - SP,Imoveis,266892.58,160135.55,1ª Praça: 20/08/2026 14:30,SP,,Judicial,Mega Leiloes,https://www.megaleiloes.com.br/imoveis/apartamentos/sp/guarulhos/apartamento-68-m2-01-vaga-vila-galvao-guarulhos-sp-j126875?utm_source=megaleiloes&utm_medium=link&utm_campaign=apartamento-68-m2-01-vaga-vila-galvao-guarulhos-sp-j126875&utm_term=J126875&utm_content=link,https://cdn1.megaleiloes.com.br/batches/126875/fd3e179f8542fee7cabf29e025fc39a0_320x240.jpg,J126875,Em breve,2026-07-30T08:58:37.781220,0.0
Área com 2.074 m² (Áreas A e C) - Cesário Lange - SP,Imoveis,2647546.45,1323773.22,1ª Praça: 20/08/2026 15:00,SP,,Judicial,Mega Leiloes,https://www.megaleiloes.com.br/imoveis/terrenos-e-lotes/sp/cesario-lange/area-com-2074-m2-areas-a-e-c-cesario-lange-sp-j126777?utm_source=megaleiloes&utm_medium=link&utm_campaign=area-com-2074-m2-areas-a-e-c-cesario-lange-sp-j126777&utm_term=J126777&utm_content=link,https://cdn1.megaleiloes.com.br/batches/126777/62d1dc3dd5ab76aef7f72ca240bac8d7_320x240.jpg,J126777,Em breve,2026-07-30T08:58:37.781220,0.0
Imóvel Industrial em Área de 46 ha - Capoavinha - Votorantim - SP,Imoveis,108869515.41,54434757.71,1ª Praça: 20/08/2026 15:00,SP,,Judicial,Mega Leiloes,https://www.megaleiloes.com.br/imoveis/galpoes--industriais/sp/votorantim/imovel-industrial-em-area-de-46-ha-capoavinha-votorantim-sp-j126645?utm_source=megaleiloes&utm_medium=link&utm_campaign=imovel-industrial-em-area-de-46-ha-capoavinha-votorantim-sp-j126645&utm_term=J126645&utm_content=link,https://cdn1.megaleiloes.com.br/batches/126645/254cbd6cdb1947f4b0ff0e09a1e4577c_320x240.jpg,J126645,Em breve,2026-07-30T08:58:37.781220,0.0
Direitos sobre Apartamento 181 m² (02 vagas) - Jurubatuba - São Paulo - SP,Imoveis,1971899.88,985949.94,1ª Praça: 20/08/2026 15:30,SP,,Judicial,Mega Leiloes,https://www.megaleiloes.com.br/imoveis/apartamentos/sp/sao-paulo/direitos-sobre-apartamento-181-m2-02-vagas-jurubatuba-sao-paulo-sp-j126776?utm_source=megaleiloes&utm_medium=link&utm_campaign=direitos-sobre-apartamento-181-m2-02-vagas-jurubatuba-sao-paulo-sp-j126776&utm_term=J126776&utm_content=link,https://cdn1.megaleiloes.com.br/batches/126776/0f715f0337a85b9a307878542f1d4829_320x240.jpg,J126776,Em breve,2026-07-30T08:58:37.781220,0.0
"Parte Ideal (33,33%) sobre Imóvel Comercial e Residencial 1.100 m² (área construída) - Vila Aparecida - Rio Claro - SP",Imoveis,1176253.07,588126.53,1ª Praça: 20/08/2026 16:00,SP,,Judicial,Mega Leiloes,https://www.megaleiloes.com.br/imoveis/imoveis-comerciais/sp/rio-claro/parte-ideal-3333-sobre-imovel-comercial-e-residencial-1100-m2-area-construida-vila-aparecida-rio-claro-sp-j126824?utm_source=megaleiloes&utm_medium=link&utm_campaign=parte-ideal-3333-sobre-imovel-comercial-e-residencial-1100-m2-area-construida-vila-aparecida-rio-claro-sp-j126824&utm_term=J126824&utm_content=link,https://cdn1.megaleiloes.com.br/batches/126824/68240d3eb29deb19334aa4f7cad14cbd_320x240.jpg,J126824,Em breve,2026-07-30T08:58:37.781220,0.0
Casa 107 m² em Terreno de 300 m² - Uruamara - Araçatuba - SP,Imoveis,341076.28,238753.39,1ª Praça: 20/08/2026 16:00,SP,,Judicial,Mega Leiloes,https://www.megaleiloes.com.br/imoveis/casas/sp/aracatuba/casa-107-m2-em-terreno-de-300-m2-uruamara-aracatuba-sp-j126874?utm_source=megaleiloes&utm_medium=link&utm_campaign=casa-107-m2-em-terreno-de-300-m2-uruamara-aracatuba-sp-j126874&utm_term=J126874&utm_content=link,https://cdn1.megaleiloes.com.br/batches/126874/c955569d96361b24946fb3c482593682_320x240.jpg,J126874,Em breve,2026-07-30T08:58:37.781220,0.0
Terreno 188 m² - Vila Helena - Sorocaba - SP,Imoveis,497484.23,422861.6,1ª Praça: 20/08/2026 16:00,SP,,Judicial,Mega Leiloes,https://www.megaleiloes.com.br/imoveis/terrenos-e-lotes/sp/sorocaba/terreno-188-m2-vila-helena-sorocaba-sp-j126877?utm_source=megaleiloes&utm_medium=link&utm_campaign=terreno-188-m2-vila-helena-sorocaba-sp-j126877&utm_term=J126877&utm_content=link,https://cdn1.megaleiloes.com.br/batches/126877/909b038df5db6f381166eefb32db4a61_320x240.jpg,J126877,Em breve,2026-07-30T08:58:37.781220,0.0
Direitos sobre Casas 250 m² (área construída) - Vila Natal - São Paulo - SP,Imoveis,372480.13,186240.07,1ª Praça: 20/08/2026 16:00,SP,,Judicial,Mega Leiloes,https://www.megaleiloes.com.br/imoveis/casas/sp/sao-paulo/direitos-sobre-casas-250-m2-area-construida-vila-natal-sao-paulo-sp-j126878?utm_source=megaleiloes&utm_medium=link&utm_campaign=direitos-sobre-casas-250-m2-area-construida-vila-natal-sao-paulo-sp-j126878&utm_term=J126878&utm_content=link,https://cdn1.megaleiloes.com.br/batches/126878/e49e9493fad6fbd5058b18762f1c6acf_320x240.jpg,J126878,Em breve,2026-07-30T08:58:37.781220,0.0
Casas em Área de 8.122 m² - Jardim Josefina - Ourinhos - SP,Imoveis,915231.79,549139.07,1ª Praça: 20/08/2026 16:30,SP,,Judicial,Mega Leiloes,https://www.megaleiloes.com.br/imoveis/casas/sp/ourinhos/casas-em-area-de-8122-m2-jardim-josefina-ourinhos-sp-j126818?utm_source=megaleiloes&utm_medium=link&utm_campaign=casas-em-area-de-8122-m2-jardim-josefina-ourinhos-sp-j126818&utm_term=J126818&utm_content=link,https://cdn1.megaleiloes.com.br/batches/126818/f8a73ca39a1cfa35217b6d85d3ab640c_320x240.jpg,J126818,Em breve,2026-07-30T08:58:37.781220,0.0
Casa em Terreno de 125 m² - Jardim Consórcio - São Paulo - SP,Imoveis,588686.31,353211.79,1ª Praça: 20/08/2026 16:30,SP,,Judicial,Mega Leiloes,https://www.megaleiloes.com.br/imoveis/casas/sp/sao-paulo/casa-em-terreno-de-125-m2-jardim-consorcio-sao-paulo-sp-j126827?utm_source=megaleiloes&utm_medium=link&utm_campaign=casa-em-terreno-de-125-m2-jardim-consorcio-sao-paulo-sp-j126827&utm_term=J126827&utm_content=link,https://cdn1.megaleiloes.com.br/batches/126827/817cefd4b29ff539f9160a548c6c84f9_320x240.jpg,J126827,Em breve,2026-07-30T08:58:37.781220,0.0
Vaga de Garagem 10 m² (Unid. 05 do Edifício Barão de Tefé) - Santa Paula - São Caetano do Sul - SP,Imoveis,53547.25,32128.35,1ª Praça: 24/08/2026 11:00,SP,,Judicial,Mega Leiloes,https://www.megaleiloes.com.br/imoveis/vagas-de-garagem/sp/sao-caetano-do-sul/vaga-de-garagem-10-m2-unid-05-do-edificio-barao-de-tefe-santa-paula-sao-caetano-do-sul-sp-j127105?utm_source=megaleiloes&utm_medium=link&utm_campaign=vaga-de-garagem-10-m2-unid-05-do-edificio-barao-de-tefe-santa-paula-sao-caetano-do-sul-sp-j127105&utm_term=J127105&utm_content=link,https://cdn1.megaleiloes.com.br/batches/127105/1a61edc44efcde61ef3bc08f83a3a349_320x240.jpg,J127105,Em breve,2026-07-30T08:58:37.781220,0.0
Direitos sobre Apartamento 32 m² - Jardim Celeste - São Paulo - SP,Imoveis,122167.63,122167.63,Data: 24/08/2026 11:00,SP,,Judicial,Mega Leiloes,https://www.megaleiloes.com.br/imoveis/apartamentos/sp/sao-paulo/direitos-sobre-apartamento-32-m2-jardim-celeste-sao-paulo-sp-j126139?utm_source=megaleiloes&utm_medium=link&utm_campaign=direitos-sobre-apartamento-32-m2-jardim-celeste-sao-paulo-sp-j126139&utm_term=J126139&utm_content=link,https://cdn1.megaleiloes.com.br/batches/126139/4900b11b1084615a433a536fc0cbbe55_320x240.jpg,J126139,Aberto para lances,2026-07-30T08:58:37.781220,0.0
Direitos sobre Casa em Condomínio 47 m² - Chácara Pantanal Engenho Velho - Mogi Guaçu - SP,Imoveis,176438.94,105863.37,1ª Praça: 24/08/2026 11:30,SP,,Judicial,Mega Leiloes,https://www.megaleiloes.com.br/imoveis/casas/sp/mogi-guacu/direitos-sobre-casa-em-condominio-47-m2-chacara-pantanal-engenho-velho-mogi-guacu-sp-j127104?utm_source=megaleiloes&utm_medium=link&utm_campaign=direitos-sobre-casa-em-condominio-47-m2-chacara-pantanal-engenho-velho-mogi-guacu-sp-j127104&utm_term=J127104&utm_content=link,https://cdn1.megaleiloes.com.br/batches/127104/68abbb506b17bcd0ad42a92e57d10eae_320x240.jpg,J127104,Em breve,2026-07-30T08:58:37.781220,0.0
Carro Chevrolet Chevette SL - 1989,Veiculos,11149.0,6689.4,1ª Praça: 30/07/2026 10:00,1989,,Judicial,Mega Leiloes,https://www.megaleiloes.com.br/veiculos/carros/si/sem-informacao/carro-chevrolet-chevette-sl-1989-j125614?utm_source=megaleiloes&utm_medium=link&utm_campaign=carro-chevrolet-chevette-sl-1989-j125614&utm_term=J125614&utm_content=link,https://www.megaleiloes.com.br/images/card-no-image-320x240.png,J125614,Aberto para lances,2026-07-30T08:58:37.781220,0.0
"Carro Fiat Fiorino 1.4, Flex - 2015",Veiculos,52553.0,26276.5,1ª Praça: 30/07/2026 10:30,2015,,Judicial,Mega Leiloes,https://www.megaleiloes.com.br/veiculos/carros/sp/pindamonhangaba/carro-fiat-fiorino-14-flex-2015-j126152?utm_source=megaleiloes&utm_medium=link&utm_campaign=carro-fiat-fiorino-14-flex-2015-j126152&utm_term=J126152&utm_content=link,https://www.megaleiloes.com.br/images/card-no-image-320x240.png,J126152,Aberto para lances,2026-07-30T08:58:37.781220,0.0
Carro Land Rover Evoque P240 HSE Dynamic - 2017/2018,Veiculos,148255.0,74127.5,1ª Praça: 04/08/2026 10:00,2017/2018,,Judicial,Mega Leiloes,https://www.megaleiloes.com.br/veiculos/carros/sp/sao-paulo/carro-land-rover-evoque-p240-hse-dynamic-20172018-j125859?utm_source=megaleiloes&utm_medium=link&utm_campaign=carro-land-rover-evoque-p240-hse-dynamic-20172018-j125859&utm_term=J125859&utm_content=link,https://cdn1.megaleiloes.com.br/batches/125859/dcb0b5f4cf9e4ef5fa41769b0d65bb8d_320x240.jpg,J125859,Aberto para lances,2026-07-30T08:58:37.781220,0.0
Sucata Inservível: Carro Chevrolet Celta 1.0L LT - 2012/2013,Veiculos,9000.0,9000.0,Data: 05/08/2026 10:00,2012/2013,,Judicial,Mega Leiloes,https://www.megaleiloes.com.br/veiculos/carros/sp/guaruja/sucata-inservivel-carro-chevrolet-celta-10l-lt-20122013-j125588?utm_source=megaleiloes&utm_medium=link&utm_campaign=sucata-inservivel-carro-chevrolet-celta-10l-lt-20122013-j125588&utm_term=J125588&utm_content=link,https://www.megaleiloes.com.br/images/card-no-image-320x240.png,J125588,Aberto para lances,2026-07-30T08:58:37.781220,0.0
Carro Hyundai Tucson GLSB - 2011/2012,Veiculos,28509.6,28509.6,1ª Praça: 16/07/2026 10:30,2011/2012,,Judicial,Mega Leiloes,https://www.megaleiloes.com.br/veiculos/carros/sp/guarulhos/carro-hyundai-tucson-glsb-20112012-j125853?utm_source=megaleiloes&utm_medium=link&utm_campaign=carro-hyundai-tucson-glsb-20112012-j125853&utm_term=J125853&utm_content=link,https://www.megaleiloes.com.br/images/card-no-image-320x240.png,J125853,Aberto para lances,2026-07-30T08:58:37.781220,0.0
Caminhonete Furgão Fiat Ducato Maxicargo - 2021,Veiculos,104509.2,104509.2,1ª Praça: 16/07/2026 10:00,2021,,Judicial,Mega Leiloes,https://www.megaleiloes.com.br/veiculos/carros/sp/sao-paulo/caminhonete-furgao-fiat-ducato-maxicargo-2021-j125589?utm_source=megaleiloes&utm_medium=link&utm_campaign=caminhonete-furgao-fiat-ducato-maxicargo-2021-j125589&utm_term=J125589&utm_content=link,https://www.megaleiloes.com.br/images/card-no-image-320x240.png,J125589,Aberto para lances,2026-07-30T08:58:37.781220,0.0
Moto Yamaha Factor YBR 125 K,Veiculos,5004.0,5004.0,1ª Praça: 16/07/2026 10:00,,,Judicial,Mega Leiloes,https://www.megaleiloes.com.br/veiculos/motos/sp/estiva-gerbi/moto-yamaha-factor-ybr-125-k-j125610?utm_source=megaleiloes&utm_medium=link&utm_campaign=moto-yamaha-factor-ybr-125-k-j125610&utm_term=J125610&utm_content=link,https://www.megaleiloes.com.br/images/card-no-image-320x240.png,J125610,Aberto para lances,2026-07-30T08:58:37.781220,0.0
"Direitos sobre Carro Toyota, Hilux - 2016/2017",Veiculos,173846.62,139077.3,1ª Praça: 06/08/2026 10:00,2016/2017,,Judicial,Mega Leiloes,https://www.megaleiloes.com.br/veiculos/carros/sp/ilha-solteira/direitos-sobre-carro-toyota-hilux-20162017-j127176?utm_source=megaleiloes&utm_medium=link&utm_campaign=direitos-sobre-carro-toyota-hilux-20162017-j127176&utm_term=J127176&utm_content=link,https://www.megaleiloes.com.br/images/card-no-image-320x240.png,J127176,Em breve,2026-07-30T08:58:37.781220,0.0
Carro Honda CRV I/EXL - 2009/2009,Veiculos,1.0,1.0,1ª Praça: 07/07/2026 11:30,2009/2009,,Judicial,Mega Leiloes,https://www.megaleiloes.com.br/veiculos/carros/sp/sao-paulo/carro-honda-crv-iexl-20092009-j125018?utm_source=megaleiloes&utm_medium=link&utm_campaign=carro-honda-crv-iexl-20092009-j125018&utm_term=J125018&utm_content=link,https://www.megaleiloes.com.br/images/card-no-image-320x240.png,J125018,Aberto para lances,2026-07-30T08:58:37.781220,0.0
Carro Mercedes Benz 350 CDI - 2011/2011,Veiculos,1.0,1.0,1ª Praça: 07/07/2026 11:30,2011/2011,,Judicial,Mega Leiloes,https://www.megaleiloes.com.br/veiculos/carros/sp/sao-paulo/carro-mercedes-benz-350-cdi-20112011-j125019?utm_source=megaleiloes&utm_medium=link&utm_campaign=carro-mercedes-benz-350-cdi-20112011-j125019&utm_term=J125019&utm_content=link,https://www.megaleiloes.com.br/images/card-no-image-320x240.png,J125019,Aberto para lances,2026-07-30T08:58:37.781220,0.0
Caminhonete carroceria fechada Iveco DAILY35S14 CS - 2010,Veiculos,41419.0,41419.0,Data: 07/08/2026 10:00,2010,,Judicial,Mega Leiloes,https://www.megaleiloes.com.br/veiculos/caminhoes/si/sem-informacao/caminhonete-carroceria-fechada-iveco-daily35s14-cs-2010-j125075?utm_source=megaleiloes&utm_medium=link&utm_campaign=caminhonete-carroceria-fechada-iveco-daily35s14-cs-2010-j125075&utm_term=J125075&utm_content=link,https://www.megaleiloes.com.br/images/card-no-image-320x240.png,J125075,Aberto para lances,2026-07-30T08:58:37.781220,0.0
Carro Toyota Hilux SWSRVA2HF - 2017/2018,Veiculos,171608.0,85804.0,1ª Praça: 07/08/2026 11:00,2017/2018,,Judicial,Mega Leiloes,https://www.megaleiloes.com.br/veiculos/carros/sp/avare/carro-toyota-hilux-swsrva2hf-20172018-j127184?utm_source=megaleiloes&utm_medium=link&utm_campaign=carro-toyota-hilux-swsrva2hf-20172018-j127184&utm_term=J127184&utm_content=link,https://www.megaleiloes.com.br/images/card-no-image-320x240.png,J127184,Em breve,2026-07-30T08:58:37.781220,0.0
"Moto Honda, CG 150 Titan KS -  2006/2007",Veiculos,9266.0,6486.2,1ª Praça: 07/08/2026 11:00,2006/2007,,Judicial,Mega Leiloes,https://www.megaleiloes.com.br/veiculos/motos/go/aparecida-de-goiania/moto-honda-cg-150-titan-ks-20062007-j127186?utm_source=megaleiloes&utm_medium=link&utm_campaign=moto-honda-cg-150-titan-ks-20062007-j127186&utm_term=J127186&utm_content=link,https://www.megaleiloes.com.br/images/card-no-image-320x240.png,J127186,Em breve,2026-07-30T08:58:37.781220,0.0
Moto Honda C100 BIZ ES - 2002,Veiculos,5899.0,4129.3,1ª Praça: 07/08/2026 11:30,2002,,Judicial,Mega Leiloes,https://www.megaleiloes.com.br/veiculos/motos/si/sem-informacao/moto-honda-c100-biz-es-2002-j127182?utm_source=megaleiloes&utm_medium=link&utm_campaign=moto-honda-c100-biz-es-2002-j127182&utm_term=J127182&utm_content=link,https://www.megaleiloes.com.br/images/card-no-image-320x240.png,J127182,Em breve,2026-07-30T08:58:37.781220,0.0
Caminhonete Fiat Strada Working - 2016,Veiculos,48235.0,24117.5,1ª Praça: 07/08/2026 11:30,2016,,Judicial,Mega Leiloes,https://www.megaleiloes.com.br/veiculos/carros/sp/cerqueira-cesar/caminhonete-fiat-strada-working-2016-j127183?utm_source=megaleiloes&utm_medium=link&utm_campaign=caminhonete-fiat-strada-working-2016-j127183&utm_term=J127183&utm_content=link,https://www.megaleiloes.com.br/images/card-no-image-320x240.png,J127183,Em breve,2026-07-30T08:58:37.781220,0.0
Carro Fiat Palio Weekend Adventure - 2013 (Lote 01),Veiculos,39549.0,19774.5,1ª Praça: 10/08/2026 10:00,2013 (Lote 01),,Judicial,Mega Leiloes,https://www.megaleiloes.com.br/veiculos/carros/sp/sao-paulo/carro-fiat-palio-weekend-adventure-2013-lote-01-j126262?utm_source=megaleiloes&utm_medium=link&utm_campaign=carro-fiat-palio-weekend-adventure-2013-lote-01-j126262&utm_term=J126262&utm_content=link,https://www.megaleiloes.com.br/images/card-no-image-320x240.png,J126262,Em breve,2026-07-30T08:58:37.781220,0.0
Carro Fiat Palio Weekend Adventure - 2013 (Lote 02),Veiculos,39549.0,19774.5,1ª Praça: 10/08/2026 10:00,2013 (Lote 02),,Judicial,Mega Leiloes,https://www.megaleiloes.com.br/veiculos/carros/sp/sao-paulo/carro-fiat-palio-weekend-adventure-2013-lote-02-j126263?utm_source=megaleiloes&utm_medium=link&utm_campaign=carro-fiat-palio-weekend-adventure-2013-lote-02-j126263&utm_term=J126263&utm_content=link,https://www.megaleiloes.com.br/images/card-no-image-320x240.png,J126263,Em breve,2026-07-30T08:58:37.781220,0.0
Carro Fiat Palio Weekend Adventure - 2013 (Lote 03),Veiculos,39549.0,19774.5,1ª Praça: 10/08/2026 10:00,2013 (Lote 03),,Judicial,Mega Leiloes,https://www.megaleiloes.com.br/veiculos/carros/sp/sao-paulo/carro-fiat-palio-weekend-adventure-2013-lote-03-j126264?utm_source=megaleiloes&utm_medium=link&utm_campaign=carro-fiat-palio-weekend-adventure-2013-lote-03-j126264&utm_term=J126264&utm_content=link,https://www.megaleiloes.com.br/images/card-no-image-320x240.png,J126264,Em breve,2026-07-30T08:58:37.781220,0.0
Carro Fiat Palio Weekend Adventure - 2013 (Lote 04),Veiculos,39549.0,19774.5,1ª Praça: 10/08/2026 10:00,2013 (Lote 04),,Judicial,Mega Leiloes,https://www.megaleiloes.com.br/veiculos/carros/sp/sao-paulo/carro-fiat-palio-weekend-adventure-2013-lote-04-j126265?utm_source=megaleiloes&utm_medium=link&utm_campaign=carro-fiat-palio-weekend-adventure-2013-lote-04-j126265&utm_term=J126265&utm_content=link,https://www.megaleiloes.com.br/images/card-no-image-320x240.png,J126265,Em breve,2026-07-30T08:58:37.781220,0.0
Carro Fiat Palio Weekend Adventure - 2013 (Lote 05),Veiculos,39549.0,19774.5,1ª Praça: 10/08/2026 10:00,2013 (Lote 05),,Judicial,Mega Leiloes,https://www.megaleiloes.com.br/veiculos/carros/sp/sao-paulo/carro-fiat-palio-weekend-adventure-2013-lote-05-j126266?utm_source=megaleiloes&utm_medium=link&utm_campaign=carro-fiat-palio-weekend-adventure-2013-lote-05-j126266&utm_term=J126266&utm_content=link,https://www.megaleiloes.com.br/images/card-no-image-320x240.png,J126266,Em breve,2026-07-30T08:58:37.781220,0.0
Carro Fiat Palio Weekend Adventure - 2013 (Lote 06),Veiculos,39549.0,19774.5,1ª Praça: 10/08/2026 10:00,2013 (Lote 06),,Judicial,Mega Leiloes,https://www.megaleiloes.com.br/veiculos/carros/sp/sao-paulo/carro-fiat-palio-weekend-adventure-2013-lote-06-j126267?utm_source=megaleiloes&utm_medium=link&utm_campaign=carro-fiat-palio-weekend-adventure-2013-lote-06-j126267&utm_term=J126267&utm_content=link,https://www.megaleiloes.com.br/images/card-no-image-320x240.png,J126267,Em breve,2026-07-30T08:58:37.781220,0.0
Carro Fiat Palio Weekend Adventure - 2013 (Lote 07),Veiculos,39549.0,19774.5,1ª Praça: 10/08/2026 10:00,2013 (Lote 07),,Judicial,Mega Leiloes,https://www.megaleiloes.com.br/veiculos/carros/sp/sao-paulo/carro-fiat-palio-weekend-adventure-2013-lote-07-j126268?utm_source=megaleiloes&utm_medium=link&utm_campaign=carro-fiat-palio-weekend-adventure-2013-lote-07-j126268&utm_term=J126268&utm_content=link,https://www.megaleiloes.com.br/images/card-no-image-320x240.png,J126268,Em breve,2026-07-30T08:58:37.781220,0.0
Carro Fiat Palio Weekend Adventure - 2013 (Lote 08),Veiculos,39549.0,19774.5,1ª Praça: 10/08/2026 10:00,2013 (Lote 08),,Judicial,Mega Leiloes,https://www.megaleiloes.com.br/veiculos/carros/sp/sao-paulo/carro-fiat-palio-weekend-adventure-2013-lote-08-j126269?utm_source=megaleiloes&utm_medium=link&utm_campaign=carro-fiat-palio-weekend-adventure-2013-lote-08-j126269&utm_term=J126269&utm_content=link,https://www.megaleiloes.com.br/images/card-no-image-320x240.png,J126269,Em breve,2026-07-30T08:58:37.781220,0.0
Carro Fiat Palio Weekend Adventure - 2013 (Lote 09),Veiculos,39549.0,19774.5,1ª Praça: 10/08/2026 10:00,2013 (Lote 09),,Judicial,Mega Leiloes,https://www.megaleiloes.com.br/veiculos/carros/sp/sao-paulo/carro-fiat-palio-weekend-adventure-2013-lote-09-j126270?utm_source=megaleiloes&utm_medium=link&utm_campaign=carro-fiat-palio-weekend-adventure-2013-lote-09-j126270&utm_term=J126270&utm_content=link,https://www.megaleiloes.com.br/images/card-no-image-320x240.png,J126270,Em breve,2026-07-30T08:58:37.781220,0.0
Carro Fiat Palio Weekend Adventure - 2013 (Lote 10),Veiculos,39549.0,19774.5,1ª Praça: 10/08/2026 10:00,2013 (Lote 10),,Judicial,Mega Leiloes,https://www.megaleiloes.com.br/veiculos/carros/sp/sao-paulo/carro-fiat-palio-weekend-adventure-2013-lote-10-j126271?utm_source=megaleiloes&utm_medium=link&utm_campaign=carro-fiat-palio-weekend-adventure-2013-lote-10-j126271&utm_term=J126271&utm_content=link,https://www.megaleiloes.com.br/images/card-no-image-320x240.png,J126271,Em breve,2026-07-30T08:58:37.781220,0.0
Carro Peugeot 207 HB XR - 2010/2011,Veiculos,20523.0,14366.1,1ª Praça: 10/08/2026 10:00,2010/2011,,Judicial,Mega Leiloes,https://www.megaleiloes.com.br/veiculos/carros/si/sem-informacao/carro-peugeot-207-hb-xr-20102011-j126155?utm_source=megaleiloes&utm_medium=link&utm_campaign=carro-peugeot-207-hb-xr-20102011-j126155&utm_term=J126155&utm_content=link,https://www.megaleiloes.com.br/images/card-no-image-320x240.png,J126155,Em breve,2026-07-30T08:58:37.781220,0.0
Carro Chrysler PT Cruiser LTD - 2008,Veiculos,35419.0,24793.3,1ª Praça: 10/08/2026 10:00,2008,,Judicial,Mega Leiloes,https://www.megaleiloes.com.br/veiculos/carros/si/sem-informacao/carro-chrysler-pt-cruiser-ltd-2008-j126156?utm_source=megaleiloes&utm_medium=link&utm_campaign=carro-chrysler-pt-cruiser-ltd-2008-j126156&utm_term=J126156&utm_content=link,https://www.megaleiloes.com.br/images/card-no-image-320x240.png,J126156,Em breve,2026-07-30T08:58:37.781220,0.0
Carro Ford Fiesta - 1997,Veiculos,6159.0,4311.3,1ª Praça: 10/08/2026 10:00,1997,,Judicial,Mega Leiloes,https://www.megaleiloes.com.br/veiculos/carros/si/sem-informacao/carro-ford-fiesta-1997-j126157?utm_source=megaleiloes&utm_medium=link&utm_campaign=carro-ford-fiesta-1997-j126157&utm_term=J126157&utm_content=link,https://www.megaleiloes.com.br/images/card-no-image-320x240.png,J126157,Em breve,2026-07-30T08:58:37.781220,0.0
"Caminhonete Carroceria Fechada, I/Peugeot,  Partner Furg",Veiculos,10000.0,10000.0,1ª Praça: 20/07/2026 10:00,,,Judicial,Mega Leiloes,https://www.megaleiloes.com.br/veiculos/caminhoes/sc/pomerode/caminhonete-carroceria-fechada-ipeugeot-partner-furg-j125693?utm_source=megaleiloes&utm_medium=link&utm_campaign=caminhonete-carroceria-fechada-ipeugeot-partner-furg-j125693&utm_term=J125693&utm_content=link,https://cdn1.megaleiloes.com.br/batches/125693/daa34aa5b3b668971d9244b1dd7e0115_320x240.jpg,J125693,Aberto para lances,2026-07-30T08:58:37.781220,0.0
"Carro Subaru, Legacy - 2015",Veiculos,45000.0,27000.0,1ª Praça: 10/08/2026 10:30,2015,,Judicial,Mega Leiloes,https://www.megaleiloes.com.br/veiculos/carros/sp/mogi-das-cruzes/carro-subaru-legacy-2015-j126194?utm_source=megaleiloes&utm_medium=link&utm_campaign=carro-subaru-legacy-2015-j126194&utm_term=J126194&utm_content=link,https://cdn1.megaleiloes.com.br/batches/126194/93576b6b20ef94ed76ce1ed23e84862a_320x240.jpg,J126194,Em breve,2026-07-30T08:58:37.781220,0.0
Carro Volkswagen Polo 1.6 - 2009/2010,Veiculos,18659.41,18659.41,1ª Praça: 20/07/2026 10:00,2009/2010,,Judicial,Mega Leiloes,https://www.megaleiloes.com.br/veiculos/carros/si/sem-informacao/carro-volkswagen-polo-16-20092010-j125890?utm_source=megaleiloes&utm_medium=link&utm_campaign=carro-volkswagen-polo-16-20092010-j125890&utm_term=J125890&utm_content=link,https://www.megaleiloes.com.br/images/card-no-image-320x240.png,J125890,Aberto para lances,2026-07-30T08:58:37.781220,0.0
Carro Fiat Palio Fire Ecomony - 2011/2012,Veiculos,25209.0,12604.5,1ª Praça: 11/08/2026 10:04,2011/2012,,Judicial,Mega Leiloes,https://www.megaleiloes.com.br/veiculos/carros/sp/mogi-das-cruzes/carro-fiat-palio-fire-ecomony-20112012-j126206?utm_source=megaleiloes&utm_medium=link&utm_campaign=carro-fiat-palio-fire-ecomony-20112012-j126206&utm_term=J126206&utm_content=link,https://cdn1.megaleiloes.com.br/batches/126206/17954350ee7d415fb97296d4d5a0c464_320x240.jpg,J126206,Aberto para lances,2026-07-30T08:58:37.781220,0.0
"Carro Peugeot 206 14 Feline FX, flex - 2006",Veiculos,5000.0,5000.0,1ª Praça: 20/07/2026 10:30,2006,,Judicial,Mega Leiloes,https://www.megaleiloes.com.br/veiculos/carros/sc/ita/carro-peugeot-206-14-feline-fx-flex-2006-j125854?utm_source=megaleiloes&utm_medium=link&utm_campaign=carro-peugeot-206-14-feline-fx-flex-2006-j125854&utm_term=J125854&utm_content=link,https://cdn1.megaleiloes.com.br/batches/125854/fe205deb85722a080e86384d2318afc7_320x240.jpg,J125854,Aberto para lances,2026-07-30T08:58:37.781220,0.0
Veículo Furgão Renault KGOO - 2013/2014,Veiculos,25000.0,15000.0,1ª Praça: 12/08/2026 10:30,2013/2014,,Judicial,Mega Leiloes,https://www.megaleiloes.com.br/veiculos/carros/sp/maua/veiculo-furgao-renault-kgoo-20132014-j125615?utm_source=megaleiloes&utm_medium=link&utm_campaign=veiculo-furgao-renault-kgoo-20132014-j125615&utm_term=J125615&utm_content=link,https://www.megaleiloes.com.br/images/card-no-image-320x240.png,J125615,Aberto para lances,2026-07-30T08:58:37.781220,0.0
Caminhonete Fiat Strada Fire Flex (carroceria aberta) - 2007/2008,Veiculos,15167.5,15167.5,1ª Praça: 23/07/2026 10:00,2007/2008,,Judicial,Mega Leiloes,https://www.megaleiloes.com.br/veiculos/carros/sp/guararapes/caminhonete-fiat-strada-fire-flex-carroceria-aberta-20072008-j126133?utm_source=megaleiloes&utm_medium=link&utm_campaign=caminhonete-fiat-strada-fire-flex-carroceria-aberta-20072008-j126133&utm_term=J126133&utm_content=link,https://www.megaleiloes.com.br/images/card-no-image-320x240.png,J126133,Aberto para lances,2026-07-30T08:58:37.781220,0.0
Carro Fiat Uno Mille Fire - 2004/2005,Veiculos,12395.0,7437.0,1ª Praça: 13/08/2026 10:00,2004/2005,,Judicial,Mega Leiloes,https://www.megaleiloes.com.br/veiculos/carros/sp/itapura/carro-fiat-uno-mille-fire-20042005-j127187?utm_source=megaleiloes&utm_medium=link&utm_campaign=carro-fiat-uno-mille-fire-20042005-j127187&utm_term=J127187&utm_content=link,https://www.megaleiloes.com.br/images/card-no-image-320x240.png,J127187,Em breve,2026-07-30T08:58:37.781220,0.0
Moto JTA Suzuki EN125 Yes Car - 2008,Veiculos,4999.0,2499.5,1ª Praça: 13/08/2026 10:00,2008,,Judicial,Mega Leiloes,https://www.megaleiloes.com.br/veiculos/motos/si/sem-informacao/moto-jta-suzuki-en125-yes-car-2008-j127189?utm_source=megaleiloes&utm_medium=link&utm_campaign=moto-jta-suzuki-en125-yes-car-2008-j127189&utm_term=J127189&utm_content=link,https://www.megaleiloes.com.br/images/card-no-image-320x240.png,J127189,Em breve,2026-07-30T08:58:37.781220,0.0
Moto Honda CG 150 JOB - 2008,Veiculos,8694.0,4347.0,1ª Praça: 13/08/2026 10:00,2008,,Judicial,Mega Leiloes,https://www.megaleiloes.com.br/veiculos/motos/si/sem-informacao/moto-honda-cg-150-job-2008-j127190?utm_source=megaleiloes&utm_medium=link&utm_campaign=moto-honda-cg-150-job-2008-j127190&utm_term=J127190&utm_content=link,https://www.megaleiloes.com.br/images/card-no-image-320x240.png,J127190,Em breve,2026-07-30T08:58:37.781220,0.0
Carro Chevrolet Celta 2P Life - 2006,Veiculos,17198.0,8599.0,1ª Praça: 13/08/2026 10:00,2006,,Judicial,Mega Leiloes,https://www.megaleiloes.com.br/veiculos/carros/si/sem-informacao/carro-chevrolet-celta-2p-life-2006-j127195?utm_source=megaleiloes&utm_medium=link&utm_campaign=carro-chevrolet-celta-2p-life-2006-j127195&utm_term=J127195&utm_content=link,https://www.megaleiloes.com.br/images/card-no-image-320x240.png,J127195,Em breve,2026-07-30T08:58:37.781220,0.0
Moto Honda CG 150 Titan KS - 2004/2005,Veiculos,2880.0,2880.0,1ª Praça: 24/07/2026 10:00,2004/2005,,Judicial,Mega Leiloes,https://www.megaleiloes.com.br/veiculos/motos/sp/sabino/moto-honda-cg-150-titan-ks-20042005-j126134?utm_source=megaleiloes&utm_medium=link&utm_campaign=moto-honda-cg-150-titan-ks-20042005-j126134&utm_term=J126134&utm_content=link,https://www.megaleiloes.com.br/images/card-no-image-320x240.png,J126134,Aberto para lances,2026-07-30T08:58:37.781220,0.0
Direitos sobre Carro Chevrolet Onix 1.0MT LT - 2014/2015,Veiculos,40000.0,20000.0,1ª Praça: 14/08/2026 11:00,2014/2015,,Judicial,Mega Leiloes,https://www.megaleiloes.com.br/veiculos/carros/sp/sao-bernardo-do-campo/direitos-sobre-carro-chevrolet-onix-10mt-lt-20142015-j127246?utm_source=megaleiloes&utm_medium=link&utm_campaign=direitos-sobre-carro-chevrolet-onix-10mt-lt-20142015-j127246&utm_term=J127246&utm_content=link,https://www.megaleiloes.com.br/images/card-no-image-320x240.png,J127246,Em breve,2026-07-30T08:58:37.781220,0.0
Carro Chevrolet Onix 14MT LT - 2014,Veiculos,31000.0,15500.0,1ª Praça: 14/08/2026 11:00,2014,,Judicial,Mega Leiloes,https://www.megaleiloes.com.br/veiculos/carros/si/sem-informacao/carro-chevrolet-onix-14mt-lt-2014-j127196?utm_source=megaleiloes&utm_medium=link&utm_campaign=carro-chevrolet-onix-14mt-lt-2014-j127196&utm_term=J127196&utm_content=link,https://www.megaleiloes.com.br/images/card-no-image-320x240.png,J127196,Em breve,2026-07-30T08:58:37.781220,0.0
Direitos sobre Carro Chevrolet Meriva JOY - 2010/2011,Veiculos,26269.0,15761.4,1ª Praça: 14/08/2026 11:30,2010/2011,,Judicial,Mega Leiloes,https://www.megaleiloes.com.br/veiculos/carros/sp/jacarei/direitos-sobre-carro-chevrolet-meriva-joy-20102011-j127197?utm_source=megaleiloes&utm_medium=link&utm_campaign=direitos-sobre-carro-chevrolet-meriva-joy-20102011-j127197&utm_term=J127197&utm_content=link,https://www.megaleiloes.com.br/images/card-no-image-320x240.png,J127197,Em breve,2026-07-30T08:58:37.781220,0.0
Carro Fiat Uno Mille Fire Flex - 2007,Veiculos,15289.76,9173.86,1ª Praça: 14/08/2026 15:00,2007,,Judicial,Mega Leiloes,https://www.megaleiloes.com.br/veiculos/carros/si/sem-informacao/carro-fiat-uno-mille-fire-flex-2007-j127247?utm_source=megaleiloes&utm_medium=link&utm_campaign=carro-fiat-uno-mille-fire-flex-2007-j127247&utm_term=J127247&utm_content=link,https://www.megaleiloes.com.br/images/card-no-image-320x240.png,J127247,Em breve,2026-07-30T08:58:37.781220,0.0
Direitos sobre Carro Citroen C3 Live PK 1.0 - 2003,Veiculos,61159.04,36695.42,1ª Praça: 14/08/2026 15:00,2003,,Judicial,Mega Leiloes,https://www.megaleiloes.com.br/veiculos/carros/si/sem-informacao/direitos-sobre-carro-citroen-c3-live-pk-10-2003-j127248?utm_source=megaleiloes&utm_medium=link&utm_campaign=direitos-sobre-carro-citroen-c3-live-pk-10-2003-j127248&utm_term=J127248&utm_content=link,https://www.megaleiloes.com.br/images/card-no-image-320x240.png,J127248,Em breve,2026-07-30T08:58:37.781220,0.0
Direitos sobre Carro Renault Clio CAM1016VH - 2009/2010,Veiculos,20792.03,12475.22,1ª Praça: 17/08/2026 10:00,2009/2010,,Judicial,Mega Leiloes,https://www.megaleiloes.com.br/veiculos/carros/si/sem-informacao/direitos-sobre-carro-renault-clio-cam1016vh-20092010-j127249?utm_source=megaleiloes&utm_medium=link&utm_campaign=direitos-sobre-carro-renault-clio-cam1016vh-20092010-j127249&utm_term=J127249&utm_content=link,https://www.megaleiloes.com.br/images/card-no-image-320x240.png,J127249,Em breve,2026-07-30T08:58:37.781220,0.0
Carro Volkswagen Gol Serie Ouro - 2001,Veiculos,6240.0,6240.0,1ª Praça: 27/07/2026 10:00,2001,,Judicial,Mega Leiloes,https://www.megaleiloes.com.br/veiculos/carros/sp/aluminio/carro-volkswagen-gol-serie-ouro-2001-j126146?utm_source=megaleiloes&utm_medium=link&utm_campaign=carro-volkswagen-gol-serie-ouro-2001-j126146&utm_term=J126146&utm_content=link,https://www.megaleiloes.com.br/images/card-no-image-320x240.png,J126146,Aberto para lances,2026-07-30T08:58:37.781220,0.0
Carro Hyundai Elantra GLS - 2012/2013,Veiculos,21000.0,21000.0,1ª Praça: 27/07/2026 10:00,2012/2013,,Judicial,Mega Leiloes,https://www.megaleiloes.com.br/veiculos/carros/sp/aluminio/carro-hyundai-elantra-gls-20122013-j126147?utm_source=megaleiloes&utm_medium=link&utm_campaign=carro-hyundai-elantra-gls-20122013-j126147&utm_term=J126147&utm_content=link,https://www.megaleiloes.com.br/images/card-no-image-320x240.png,J126147,Aberto para lances,2026-07-30T08:58:37.781220,0.0
Camioneta Jeep Renegade 1.8 AT - 2018/2019,Veiculos,36000.0,36000.0,1ª Praça: 27/07/2026 10:00,2018/2019,,Judicial,Mega Leiloes,https://www.megaleiloes.com.br/veiculos/carros/si/sem-informacao/camioneta-jeep-renegade-18-at-20182019-j126150?utm_source=megaleiloes&utm_medium=link&utm_campaign=camioneta-jeep-renegade-18-at-20182019-j126150&utm_term=J126150&utm_content=link,https://www.megaleiloes.com.br/images/card-no-image-320x240.png,J126150,Aberto para lances,2026-07-30T08:58:37.781220,0.0
"Carro Amarok, Volkswagen V6 Highline Cabine Dupla, Diesel - 2018/2018",Veiculos,109400.0,54700.0,1ª Praça: 18/08/2026 14:31,2018/2018,,Judicial,Mega Leiloes,https://www.megaleiloes.com.br/veiculos/carros/ni/nao-informando/carro-amarok-volkswagen-v6-highline-cabine-dupla-diesel-20182018-j126785?utm_source=megaleiloes&utm_medium=link&utm_campaign=carro-amarok-volkswagen-v6-highline-cabine-dupla-diesel-20182018-j126785&utm_term=J126785&utm_content=link,https://cdn1.megaleiloes.com.br/batches/126785/dc8f8e683f96d154e693ec5b02f4142f_320x240.jpg,J126785,Em breve,2026-07-30T08:58:37.781220,0.0
Carro Volkswagen Jetta Highline - 2016/2016,Veiculos,62503.0,31251.5,1ª Praça: 18/08/2026 14:31,2016/2016,,Judicial,Mega Leiloes,https://www.megaleiloes.com.br/veiculos/carros/sp/sao-paulo/carro-volkswagen-jetta-highline-20162016-j126786?utm_source=megaleiloes&utm_medium=link&utm_campaign=carro-volkswagen-jetta-highline-20162016-j126786&utm_term=J126786&utm_content=link,https://cdn1.megaleiloes.com.br/batches/126786/3dd836bf1cb25b67a8d1feb2777879d6_320x240.jpg,J126786,Em breve,2026-07-30T08:58:37.781220,0.0
Motocicleta Indian Scout - 2016/2016,Veiculos,45750.0,22875.0,1ª Praça: 18/08/2026 14:32,2016/2016,,Judicial,Mega Leiloes,https://www.megaleiloes.com.br/veiculos/motos/sp/sao-paulo/motocicleta-indian-scout-20162016-j126787?utm_source=megaleiloes&utm_medium=link&utm_campaign=motocicleta-indian-scout-20162016-j126787&utm_term=J126787&utm_content=link,https://cdn1.megaleiloes.com.br/batches/126787/aab738f148eabf5657f6f7ece45221ad_320x240.jpg,J126787,Em breve,2026-07-30T08:58:37.781220,0.0
Motocicleta Piaggio Vespa LX 150 -  2016/2016,Veiculos,9945.0,4972.5,1ª Praça: 18/08/2026 14:32,2016/2016,,Judicial,Mega Leiloes,https://www.megaleiloes.com.br/veiculos/motos/sp/sao-paulo/motocicleta-piaggio-vespa-lx-150-20162016-j126788?utm_source=megaleiloes&utm_medium=link&utm_campaign=motocicleta-piaggio-vespa-lx-150-20162016-j126788&utm_term=J126788&utm_content=link,https://cdn1.megaleiloes.com.br/batches/126788/de649faf5e6cca0e361e539361f46db5_320x240.jpg,J126788,Em breve,2026-07-30T08:58:37.781220,0.0
Caminhão Volkswagen 8.150 E DELIVERYPLUS - 2010,Veiculos,159995.0,79997.5,1ª Praça: 24/08/2026 10:00,2010,,Judicial,Mega Leiloes,https://www.megaleiloes.com.br/veiculos/caminhoes/sp/sorocaba/caminhao-volkswagen-8150-e-deliveryplus-2010-j127263?utm_source=megaleiloes&utm_medium=link&utm_campaign=caminhao-volkswagen-8150-e-deliveryplus-2010-j127263&utm_term=J127263&utm_content=link,https://www.megaleiloes.com.br/images/card-no-image-320x240.png,J127263,Em breve,2026-07-30T08:58:37.781220,0.0
Caminhão Mercedes Benz 1718 - 2009,Veiculos,149910.0,74955.0,1ª Praça: 24/08/2026 10:00,2009,,Judicial,Mega Leiloes,https://www.megaleiloes.com.br/veiculos/caminhoes/sp/sorocaba/caminhao-mercedes-benz-1718-2009-j127264?utm_source=megaleiloes&utm_medium=link&utm_campaign=caminhao-mercedes-benz-1718-2009-j127264&utm_term=J127264&utm_content=link,https://www.megaleiloes.com.br/images/card-no-image-320x240.png,J127264,Em breve,2026-07-30T08:58:37.781220,0.0
Caminhonete Hyundai HR HDLWBSC - 2008/2009,Veiculos,71569.0,35784.5,1ª Praça: 24/08/2026 10:00,2008/2009,,Judicial,Mega Leiloes,https://www.megaleiloes.com.br/veiculos/carros/sp/sorocaba/caminhonete-hyundai-hr-hdlwbsc-20082009-j127265?utm_source=megaleiloes&utm_medium=link&utm_campaign=caminhonete-hyundai-hr-hdlwbsc-20082009-j127265&utm_term=J127265&utm_content=link,https://www.megaleiloes.com.br/images/card-no-image-320x240.png,J127265,Em breve,2026-07-30T08:58:37.781220,0.0
Carro Chevrolet Celta 2P Life - 2006/2007,Veiculos,14569.0,8741.4,1ª Praça: 24/08/2026 10:00,2006/2007,,Judicial,Mega Leiloes,https://www.megaleiloes.com.br/veiculos/carros/sp/sao-paulo/carro-chevrolet-celta-2p-life-20062007-j127266?utm_source=megaleiloes&utm_medium=link&utm_campaign=carro-chevrolet-celta-2p-life-20062007-j127266&utm_term=J127266&utm_content=link,https://www.megaleiloes.com.br/images/card-no-image-320x240.png,J127266,Em breve,2026-07-30T08:58:37.781220,0.0
Direitos sobre Carro Jac 1332 CC Turin - 2011/2012,Veiculos,15000.0,7500.0,1ª Praça: 24/08/2026 10:00,2011/2012,,Judicial,Mega Leiloes,https://www.megaleiloes.com.br/veiculos/carros/sp/campinas/direitos-sobre-carro-jac-1332-cc-turin-20112012-j127267?utm_source=megaleiloes&utm_medium=link&utm_campaign=direitos-sobre-carro-jac-1332-cc-turin-20112012-j127267&utm_term=J127267&utm_content=link,https://www.megaleiloes.com.br/images/card-no-image-320x240.png,J127267,Em breve,2026-07-30T08:58:37.781220,0.0
Carro Renalt Logan EXP 16 HP - 2013,Veiculos,26882.0,16129.2,1ª Praça: 24/08/2026 10:00,2013,,Judicial,Mega Leiloes,https://www.megaleiloes.com.br/veiculos/carros/sp/sao-paulo/carro-renalt-logan-exp-16-hp-2013-j127269?utm_source=megaleiloes&utm_medium=link&utm_campaign=carro-renalt-logan-exp-16-hp-2013-j127269&utm_term=J127269&utm_content=link,https://www.megaleiloes.com.br/images/card-no-image-320x240.png,J127269,Em breve,2026-07-30T08:58:37.781220,0.0
Direitos sobre Carro Citroen C3 90M Tendance - 2015,Veiculos,39535.0,23721.0,1ª Praça: 24/08/2026 10:30,2015,,Judicial,Mega Leiloes,https://www.megaleiloes.com.br/veiculos/carros/sp/santos/direitos-sobre-carro-citroen-c3-90m-tendance-2015-j127268?utm_source=megaleiloes&utm_medium=link&utm_campaign=direitos-sobre-carro-citroen-c3-90m-tendance-2015-j127268&utm_term=J127268&utm_content=link,https://www.megaleiloes.com.br/images/card-no-image-320x240.png,J127268,Em breve,2026-07-30T08:58:37.781220,0.0
Carro MINI Cooper S 2010/2011 Branco,Veiculos,69324.0,34662.0,1ª Praça: 25/08/2026 10:00,,,Judicial,Mega Leiloes,https://www.megaleiloes.com.br/veiculos/carros/sp/sorocaba/carro-mini-cooper-s-20102011-branco-j127191?utm_source=megaleiloes&utm_medium=link&utm_campaign=carro-mini-cooper-s-20102011-branco-j127191&utm_term=J127191&utm_content=link,https://cdn1.megaleiloes.com.br/batches/127191/1582c9ada7486a744d9d866e28fec316_320x240.jpg,J127191,Em breve,2026-07-30T08:58:37.781220,0.0
Carro Chevrolet D20 Custom - 1985,Veiculos,60000.0,30000.0,1ª Praça: 27/08/2026 10:00,1985,,Judicial,Mega Leiloes,https://www.megaleiloes.com.br/veiculos/carros/sp/ourinhos/carro-chevrolet-d20-custom-1985-j127274?utm_source=megaleiloes&utm_medium=link&utm_campaign=carro-chevrolet-d20-custom-1985-j127274&utm_term=J127274&utm_content=link,https://www.megaleiloes.com.br/images/card-no-image-320x240.png,J127274,Em breve,2026-07-30T08:58:37.781220,0.0
Carro Volkswagen UP Movema - 2014/2015,Veiculos,38000.0,19000.0,1ª Praça: 27/08/2026 10:00,2014/2015,,Judicial,Mega Leiloes,https://www.megaleiloes.com.br/veiculos/carros/sp/ourinhos/carro-volkswagen-up-movema-20142015-j127275?utm_source=megaleiloes&utm_medium=link&utm_campaign=carro-volkswagen-up-movema-20142015-j127275&utm_term=J127275&utm_content=link,https://www.megaleiloes.com.br/images/card-no-image-320x240.png,J127275,Em breve,2026-07-30T08:58:37.781220,0.0
Carro Fiat Freemont - 2013/2014,Veiculos,59891.0,29945.5,1ª Praça: 27/08/2026 10:00,2013/2014,,Judicial,Mega Leiloes,https://www.megaleiloes.com.br/veiculos/carros/sp/ourinhos/carro-fiat-freemont-20132014-j127282?utm_source=megaleiloes&utm_medium=link&utm_campaign=carro-fiat-freemont-20132014-j127282&utm_term=J127282&utm_content=link,https://cdn1.megaleiloes.com.br/batches/127282/15c169a9f7e5a2832c71318ca0e870d6_320x240.jpg,J127282,Em breve,2026-07-30T08:58:37.781220,0.0
Carro Hyundai IX35 - 2010/2011,Veiculos,52559.0,31535.4,1ª Praça: 27/08/2026 10:30,2010/2011,,Judicial,Mega Leiloes,https://www.megaleiloes.com.br/veiculos/carros/sp/atibaia/carro-hyundai-ix35-20102011-j127270?utm_source=megaleiloes&utm_medium=link&utm_campaign=carro-hyundai-ix35-20102011-j127270&utm_term=J127270&utm_content=link,https://cdn1.megaleiloes.com.br/batches/127270/ecf2ede1d60289baab7f3cbbf27d4df1_320x240.jpg,J127270,Em breve,2026-07-30T08:58:37.781220,0.0
"Direitos Possessórios sobre Carro Volkswagen, Gol - 2010",Veiculos,19000.0,13300.0,1ª Praça: 27/08/2026 10:30,2010,,Judicial,Mega Leiloes,https://www.megaleiloes.com.br/veiculos/carros/sp/tupa/direitos-possessorios-sobre-carro-volkswagen-gol-2010-j127271?utm_source=megaleiloes&utm_medium=link&utm_campaign=direitos-possessorios-sobre-carro-volkswagen-gol-2010-j127271&utm_term=J127271&utm_content=link,https://www.megaleiloes.com.br/images/card-no-image-320x240.png,J127271,Em breve,2026-07-30T08:58:37.781220,0.0
Moto Honda CG 125I Fan - 2016/2017,Veiculos,10000.0,6000.0,1ª Praça: 28/08/2026 10:00,2016/2017,,Judicial,Mega Leiloes,https://www.megaleiloes.com.br/veiculos/motos/sp/santa-cruz-do-rio-pardo/moto-honda-cg-125i-fan-20162017-j127285?utm_source=megaleiloes&utm_medium=link&utm_campaign=moto-honda-cg-125i-fan-20162017-j127285&utm_term=J127285&utm_content=link,https://www.megaleiloes.com.br/images/card-no-image-320x240.png,J127285,Em breve,2026-07-30T08:58:37.781220,0.0
Carro Fiat Palio Weekend Adventure FLEX - 2004,Veiculos,20500.0,12300.0,1ª Praça: 28/08/2026 10:00,2004,,Judicial,Mega Leiloes,https://www.megaleiloes.com.br/veiculos/carros/sp/poa/carro-fiat-palio-weekend-adventure-flex-2004-j127287?utm_source=megaleiloes&utm_medium=link&utm_campaign=carro-fiat-palio-weekend-adventure-flex-2004-j127287&utm_term=J127287&utm_content=link,https://www.megaleiloes.com.br/images/card-no-image-320x240.png,J127287,Em breve,2026-07-30T08:58:37.781220,0.0
Moto Honda CG 150 Titan ESD - 2004/2005,Veiculos,7596.0,4557.6,1ª Praça: 28/08/2026 10:30,2004/2005,,Judicial,Mega Leiloes,https://www.megaleiloes.com.br/veiculos/motos/sp/garca/moto-honda-cg-150-titan-esd-20042005-j127284?utm_source=megaleiloes&utm_medium=link&utm_campaign=moto-honda-cg-150-titan-esd-20042005-j127284&utm_term=J127284&utm_content=link,https://www.megaleiloes.com.br/images/card-no-image-320x240.png,J127284,Em breve,2026-07-30T08:58:37.781220,0.0
Semirreboque Facchini IR RER GR - 2003,Veiculos,17500.0,8750.0,1ª Praça: 31/08/2026 10:00,2003,,Judicial,Mega Leiloes,https://www.megaleiloes.com.br/veiculos/caminhoes/sp/cubatao/semirreboque-facchini-ir-rer-gr-2003-j127291?utm_source=megaleiloes&utm_medium=link&utm_campaign=semirreboque-facchini-ir-rer-gr-2003-j127291&utm_term=J127291&utm_content=link,https://www.megaleiloes.com.br/images/card-no-image-320x240.png,J127291,Em breve,2026-07-30T08:58:37.781220,0.0
Moto Honda CG 150 Fan ESI - 2012,Veiculos,9873.0,5923.8,1ª Praça: 31/08/2026 10:00,2012,,Judicial,Mega Leiloes,https://www.megaleiloes.com.br/veiculos/motos/si/sem-informacao/moto-honda-cg-150-fan-esi-2012-j127292?utm_source=megaleiloes&utm_medium=link&utm_campaign=moto-honda-cg-150-fan-esi-2012-j127292&utm_term=J127292&utm_content=link,https://www.megaleiloes.com.br/images/card-no-image-320x240.png,J127292,Em breve,2026-07-30T08:58:37.781220,0.0
Carro Fiat Fiorino Flex - 2007/2008,Veiculos,29820.0,17892.0,1ª Praça: 31/08/2026 10:00,2007/2008,,Judicial,Mega Leiloes,https://www.megaleiloes.com.br/veiculos/carros/sp/osasco/carro-fiat-fiorino-flex-20072008-j127293?utm_source=megaleiloes&utm_medium=link&utm_campaign=carro-fiat-fiorino-flex-20072008-j127293&utm_term=J127293&utm_content=link,https://www.megaleiloes.com.br/images/card-no-image-320x240.png,J127293,Em breve,2026-07-30T08:58:37.781220,0.0
Moto Honda CB 300R - 2012,Veiculos,6449.5,6449.5,Data: 01/09/2026 10:00,2012,,Judicial,Mega Leiloes,https://www.megaleiloes.com.br/veiculos/motos/sp/guarulhos/moto-honda-cb-300r-2012-j125855?utm_source=megaleiloes&utm_medium=link&utm_campaign=moto-honda-cb-300r-2012-j125855&utm_term=J125855&utm_content=link,https://cdn1.megaleiloes.com.br/batches/125855/9465655578b90e3b0e10475f4f4824eb_320x240.jpg,J125855,Aberto para lances,2026-07-30T08:58:37.781220,0.0
Moto Honda Biz 110I - 2016,Veiculos,6339.2,6339.2,Data: 04/09/2026 11:30,2016,,Judicial,Mega Leiloes,https://www.megaleiloes.com.br/veiculos/motos/sp/sao-paulo/moto-honda-biz-110i-2016-j127185?utm_source=megaleiloes&utm_medium=link&utm_campaign=moto-honda-biz-110i-2016-j127185&utm_term=J127185&utm_content=link,https://www.megaleiloes.com.br/images/card-no-image-320x240.png,J127185,Em breve,2026-07-30T08:58:37.781220,0.0
Moto BMW F650 GS - 2009,Veiculos,27100.0,13550.0,1ª Praça: 08/09/2026 10:00,2009,,Judicial,Mega Leiloes,https://www.megaleiloes.com.br/veiculos/motos/sp/sao-paulo/moto-bmw-f650-gs-2009-j127272?utm_source=megaleiloes&utm_medium=link&utm_campaign=moto-bmw-f650-gs-2009-j127272&utm_term=J127272&utm_content=link,https://cdn1.megaleiloes.com.br/batches/127272/966a4d643a457253e654f2d4ac9ea565_320x240.jpg,J127272,Em breve,2026-07-30T08:58:37.781220,0.0
Carro HYUNDAI Sonata GLS 2011/2012 Preto,Veiculos,64976.0,32488.0,1ª Praça: 14/09/2026 10:00,,,Judicial,Mega Leiloes,https://www.megaleiloes.com.br/veiculos/carros/ni/nao-informando/carro-hyundai-sonata-gls-20112012-preto-j127404?utm_source=megaleiloes&utm_medium=link&utm_campaign=carro-hyundai-sonata-gls-20112012-preto-j127404&utm_term=J127404&utm_content=link,https://www.megaleiloes.com.br/images/card-no-image-320x240.png,J127404,Em breve,2026-07-30T08:58:37.781220,0.0
Carro Renalt Kwid OUTSID 10MT - 2020/2021,Veiculos,21900.0,21900.0,Data: 24/09/2026 10:30,2020/2021,,Judicial,Mega Leiloes,https://www.megaleiloes.com.br/veiculos/carros/si/sem-informacao/carro-renalt-kwid-outsid-10mt-20202021-j127283?utm_source=megaleiloes&utm_medium=link&utm_campaign=carro-renalt-kwid-outsid-10mt-20202021-j127283&utm_term=J127283&utm_content=link,https://www.megaleiloes.com.br/images/card-no-image-320x240.png,J127283,Em breve,2026-07-30T08:58:37.781220,0.0
"Bancadas, Ventiladores, Escadas e Paleteiras",Diversos,1.0,1.0,1ª Praça: 30/06/2026 11:30,,,Judicial,Mega Leiloes,https://www.megaleiloes.com.br/outros/diversos/sp/aruja/bancadas-ventiladores-escadas-e-paleteiras-j124895?utm_source=megaleiloes&utm_medium=link&utm_campaign=bancadas-ventiladores-escadas-e-paleteiras-j124895&utm_term=J124895&utm_content=link,https://cdn1.megaleiloes.com.br/batches/124895/daa90f8b288803cc1f94113e7b6d712f_320x240.jpg,J124895,Aberto para lances,2026-07-30T08:58:37.781220,0.0
Couro Sintético e Materiais para Encadernação,Diversos,1.0,1.0,1ª Praça: 30/06/2026 11:30,,,Judicial,Mega Leiloes,https://www.megaleiloes.com.br/outros/diversos/sp/aruja/couro-sintetico-e-materiais-para-encadernacao-j124896?utm_source=megaleiloes&utm_medium=link&utm_campaign=couro-sintetico-e-materiais-para-encadernacao-j124896&utm_term=J124896&utm_content=link,https://cdn1.megaleiloes.com.br/batches/124896/1195a7c538e8506e0bda69df16606daf_320x240.jpg,J124896,Aberto para lances,2026-07-30T08:58:37.781220,0.0
"Móveis, Equipamentos e Itens para Escritório e Oficina",Diversos,1.0,1.0,1ª Praça: 30/06/2026 11:30,,,Judicial,Mega Leiloes,https://www.megaleiloes.com.br/outros/diversos/sp/aruja/moveis-equipamentos-e-itens-para-escritorio-e-oficina-j124897?utm_source=megaleiloes&utm_medium=link&utm_campaign=moveis-equipamentos-e-itens-para-escritorio-e-oficina-j124897&utm_term=J124897&utm_content=link,https://cdn1.megaleiloes.com.br/batches/124897/4a74347877b41d618ba645404f1db764_320x240.jpg,J124897,Aberto para lances,2026-07-30T08:58:37.781220,0.0
"Estrutura de Armazenagem, Carrinhos, Exaustores e Ferramentas",Diversos,1.0,1.0,1ª Praça: 30/06/2026 11:30,,,Judicial,Mega Leiloes,https://www.megaleiloes.com.br/outros/diversos/sp/aruja/estrutura-de-armazenagem-carrinhos-exaustores-e-ferramentas-j124898?utm_source=megaleiloes&utm_medium=link&utm_campaign=estrutura-de-armazenagem-carrinhos-exaustores-e-ferramentas-j124898&utm_term=J124898&utm_content=link,https://cdn1.megaleiloes.com.br/batches/124898/58c2c8a1914325f30615cb5069d9dfa0_320x240.jpg,J124898,Aberto para lances,2026-07-30T08:58:37.781220,0.0
Móveis e Equipamentos Comerciais Diversos para Loja e Escritório,Diversos,1.0,1.0,1ª Praça: 30/06/2026 11:30,,,Judicial,Mega Leiloes,https://www.megaleiloes.com.br/outros/diversos/sp/aruja/moveis-e-equipamentos-comerciais-diversos-para-loja-e-escritorio-j124899?utm_source=megaleiloes&utm_medium=link&utm_campaign=moveis-e-equipamentos-comerciais-diversos-para-loja-e-escritorio-j124899&utm_term=J124899&utm_content=link,https://cdn1.megaleiloes.com.br/batches/124899/fe5cba10d5cd6c301263153a9addf755_320x240.jpg,J124899,Aberto para lances,2026-07-30T08:58:37.781220,0.0
Resmas de Papel Reciclado Diversas,Diversos,1.0,1.0,1ª Praça: 30/06/2026 11:30,,,Judicial,Mega Leiloes,https://www.megaleiloes.com.br/outros/diversos/sp/sao-paulo/resmas-de-papel-reciclado-diversas-j124900?utm_source=megaleiloes&utm_medium=link&utm_campaign=resmas-de-papel-reciclado-diversas-j124900&utm_term=J124900&utm_content=link,https://cdn1.megaleiloes.com.br/batches/124900/c5a8685f8285d5ee529ebf98f75c5a8e_320x240.jpg,J124900,Aberto para lances,2026-07-30T08:58:37.781220,0.0
"Cadernos, Cadernetas e Materiais de Papelaria",Diversos,1.0,1.0,1ª Praça: 30/06/2026 11:30,,,Judicial,Mega Leiloes,https://www.megaleiloes.com.br/outros/diversos/sp/sao-paulo/cadernos-cadernetas-e-materiais-de-papelaria-j124901?utm_source=megaleiloes&utm_medium=link&utm_campaign=cadernos-cadernetas-e-materiais-de-papelaria-j124901&utm_term=J124901&utm_content=link,https://cdn1.megaleiloes.com.br/batches/124901/45e2c0f1d09268c0733c83e459fd11c0_320x240.jpg,J124901,Aberto para lances,2026-07-30T08:58:37.781220,0.0
Embalagens e Caixas de Papelão Diversas,Diversos,1.0,1.0,1ª Praça: 30/06/2026 11:30,,,Judicial,Mega Leiloes,https://www.megaleiloes.com.br/outros/diversos/sp/sao-paulo/embalagens-e-caixas-de-papelao-diversas-j124902?utm_source=megaleiloes&utm_medium=link&utm_campaign=embalagens-e-caixas-de-papelao-diversas-j124902&utm_term=J124902&utm_content=link,https://cdn1.megaleiloes.com.br/batches/124902/d809a72702f186ce21d1059cfbedca50_320x240.jpg,J124902,Aberto para lances,2026-07-30T08:58:37.781220,0.0
1.000 Cadernos de Anotação Pombo Tome Nota,Diversos,1.0,1.0,1ª Praça: 30/06/2026 11:30,,,Judicial,Mega Leiloes,https://www.megaleiloes.com.br/outros/diversos/sp/sao-paulo/1000-cadernos-de-anotacao-pombo-tome-nota-j124903?utm_source=megaleiloes&utm_medium=link&utm_campaign=1000-cadernos-de-anotacao-pombo-tome-nota-j124903&utm_term=J124903&utm_content=link,https://cdn1.megaleiloes.com.br/batches/124903/85b10a8e28ba9410da892221f7d5eac4_320x240.jpg,J124903,Aberto para lances,2026-07-30T08:58:37.781220,0.0
"Capas, Embalagens e Caixas Organizadoras",Diversos,1.0,1.0,1ª Praça: 30/06/2026 11:30,,,Judicial,Mega Leiloes,https://www.megaleiloes.com.br/outros/diversos/sp/sao-paulo/capas-embalagens-e-caixas-organizadoras-j124904?utm_source=megaleiloes&utm_medium=link&utm_campaign=capas-embalagens-e-caixas-organizadoras-j124904&utm_term=J124904&utm_content=link,https://cdn1.megaleiloes.com.br/batches/124904/0d6e7eae2498ce293dcc37d348d1d00b_320x240.jpg,J124904,Aberto para lances,2026-07-30T08:58:37.781220,0.0
"Caixas Organizadoras, Cofre e Porta-Paletes",Diversos,1.0,1.0,1ª Praça: 30/06/2026 11:30,,,Judicial,Mega Leiloes,https://www.megaleiloes.com.br/outros/diversos/sp/sao-paulo/caixas-organizadoras-cofre-e-porta-paletes-j124905?utm_source=megaleiloes&utm_medium=link&utm_campaign=caixas-organizadoras-cofre-e-porta-paletes-j124905&utm_term=J124905&utm_content=link,https://cdn1.megaleiloes.com.br/batches/124905/893b20ac1eb3be9391f01f0cd0566cb0_320x240.jpg,J124905,Aberto para lances,2026-07-30T08:58:37.781220,0.0
2.100 Agendas Tamanhos e Modelos Diversos Pombo,Diversos,1.0,1.0,1ª Praça: 30/06/2026 11:30,,,Judicial,Mega Leiloes,https://www.megaleiloes.com.br/outros/diversos/sp/sao-paulo/2100-agendas-tamanhos-e-modelos-diversos-pombo-j124906?utm_source=megaleiloes&utm_medium=link&utm_campaign=2100-agendas-tamanhos-e-modelos-diversos-pombo-j124906&utm_term=J124906&utm_content=link,https://cdn1.megaleiloes.com.br/batches/124906/76707fa1c4bfd41695423bf976e56a18_320x240.jpg,J124906,Aberto para lances,2026-07-30T08:58:37.781220,0.0
1.700 Canetas Diversas Regal,Diversos,1.0,1.0,1ª Praça: 30/06/2026 11:30,,,Judicial,Mega Leiloes,https://www.megaleiloes.com.br/outros/diversos/sp/sao-paulo/1700-canetas-diversas-regal-j124907?utm_source=megaleiloes&utm_medium=link&utm_campaign=1700-canetas-diversas-regal-j124907&utm_term=J124907&utm_content=link,https://cdn1.megaleiloes.com.br/batches/124907/20adb63cd6a8d8f16255a1a65ba5951d_320x240.jpg,J124907,Aberto para lances,2026-07-30T08:58:37.781220,0.0
780 Canetas Diversas Nazareno Gabrielli,Diversos,1.0,1.0,1ª Praça: 30/06/2026 11:30,,,Judicial,Mega Leiloes,https://www.megaleiloes.com.br/outros/diversos/sp/sao-paulo/780-canetas-diversas-nazareno-gabrielli-j124908?utm_source=megaleiloes&utm_medium=link&utm_campaign=780-canetas-diversas-nazareno-gabrielli-j124908&utm_term=J124908&utm_content=link,https://cdn1.megaleiloes.com.br/batches/124908/cf6b54e32a1f927142c9ef33e822e335_320x240.jpg,J124908,Aberto para lances,2026-07-30T08:58:37.781220,0.0
"Canetas, Lápis e Materiais de Escritório",Diversos,1.0,1.0,1ª Praça: 30/06/2026 11:30,,,Judicial,Mega Leiloes,https://www.megaleiloes.com.br/outros/diversos/sp/sao-paulo/canetas-lapis-e-materiais-de-escritorio-j124909?utm_source=megaleiloes&utm_medium=link&utm_campaign=canetas-lapis-e-materiais-de-escritorio-j124909&utm_term=J124909&utm_content=link,https://cdn1.megaleiloes.com.br/batches/124909/38d2f7b06f8d64a57f99b1ac874dbdf7_320x240.jpg,J124909,Aberto para lances,2026-07-30T08:58:37.781220,0.0
Direitos Creditórios da Massa Falida do Banco Cruzeiro do Sul,Diversos,12500000.0,12500000.0,1ª Praça: 30/06/2026 15:00,,,Judicial,Mega Leiloes,https://www.megaleiloes.com.br/outros/diversos/ni/nao-informando/direitos-creditorios-da-massa-falida-do-banco-cruzeiro-do-sul-j124398?utm_source=megaleiloes&utm_medium=link&utm_campaign=direitos-creditorios-da-massa-falida-do-banco-cruzeiro-do-sul-j124398&utm_term=J124398&utm_content=link,https://www.megaleiloes.com.br/images/card-no-image-320x240.png,J124398,Aberto para lances,2026-07-30T08:58:37.781220,0.0
Equipamentos de TI e Mobiliário de Escritório,Diversos,81688.0,40844.0,1ª Praça: 11/08/2026 10:00,,,Judicial,Mega Leiloes,https://www.megaleiloes.com.br/outros/diversos/sp/sao-paulo/equipamentos-de-ti-e-mobiliario-de-escritorio-j126255?utm_source=megaleiloes&utm_medium=link&utm_campaign=equipamentos-de-ti-e-mobiliario-de-escritorio-j126255&utm_term=J126255&utm_content=link,https://cdn1.megaleiloes.com.br/batches/126255/6019aa7225a86b6ebb10b417b48f5ac9_320x240.jpg,J126255,Aberto para lances,2026-07-30T08:58:37.781220,0.0
126 m³ de Brita número 01,Diversos,8977.5,8977.5,1ª Praça: 20/07/2026 10:00,,,Judicial,Mega Leiloes,https://www.megaleiloes.com.br/outros/diversos/sc/cordilheira-alta/126-m3-de-brita-numero-01-j125862?utm_source=megaleiloes&utm_medium=link&utm_campaign=126-m3-de-brita-numero-01-j125862&utm_term=J125862&utm_content=link,https://www.megaleiloes.com.br/images/card-no-image-320x240.png,J125862,Aberto para lances,2026-07-30T08:58:37.781220,0.0
"Móveis Corporativos, Eletros e Eletrônicos diversos",Diversos,23177.0,11588.5,1ª Praça: 11/08/2026 10:01,,,Judicial,Mega Leiloes,https://www.megaleiloes.com.br/outros/diversos/sp/sao-paulo/moveis-corporativos-eletros-e-eletronicos-diversos-j126197?utm_source=megaleiloes&utm_medium=link&utm_campaign=moveis-corporativos-eletros-e-eletronicos-diversos-j126197&utm_term=J126197&utm_content=link,https://cdn1.megaleiloes.com.br/batches/126197/a97115c701e745fe2126e918304a3906_320x240.jpg,J126197,Aberto para lances,2026-07-30T08:58:37.781220,0.0
"Móveis, Eletrodomésticos e Equipamentos diversos",Diversos,23491.0,11745.5,1ª Praça: 11/08/2026 10:01,,,Judicial,Mega Leiloes,https://www.megaleiloes.com.br/outros/diversos/sp/sao-paulo/moveis-eletrodomesticos-e-equipamentos-diversos-j126198?utm_source=megaleiloes&utm_medium=link&utm_campaign=moveis-eletrodomesticos-e-equipamentos-diversos-j126198&utm_term=J126198&utm_content=link,https://cdn1.megaleiloes.com.br/batches/126198/fa9d07c7fd830f997022b3da673edc4d_320x240.jpg,J126198,Aberto para lances,2026-07-30T08:58:37.781220,0.0
"Caixas Repositoras, Caixas Expositoras e Gôndolas Comerciais",Diversos,1718.0,1718.0,1ª Praça: 28/07/2026 10:00,,,Judicial,Mega Leiloes,https://www.megaleiloes.com.br/outros/diversos/sp/monte-mor/caixas-repositoras-caixas-expositoras-e-gondolas-comerciais-j125601?utm_source=megaleiloes&utm_medium=link&utm_campaign=caixas-repositoras-caixas-expositoras-e-gondolas-comerciais-j125601&utm_term=J125601&utm_content=link,https://cdn1.megaleiloes.com.br/batches/125601/462558a31e748d95a8e2f86d3f889e3d_320x240.jpg,J125601,Aberto para lances,2026-07-30T08:58:37.781220,0.0
2.333 Itens de Farmácia e Perfumaria | Falência de Ferrari Folle Drogaria LTDA.,Diversos,70121.88,70121.88,1ª Praça: 28/07/2026 10:00,,,Judicial,Mega Leiloes,https://www.megaleiloes.com.br/outros/diversos/sp/monte-mor/2333-itens-de-farmacia-e-perfumaria--falencia-de-ferrari-folle-drogaria-ltda-j125613?utm_source=megaleiloes&utm_medium=link&utm_campaign=2333-itens-de-farmacia-e-perfumaria--falencia-de-ferrari-folle-drogaria-ltda-j125613&utm_term=J125613&utm_content=link,https://cdn1.megaleiloes.com.br/batches/125613/1a0b584de41c7c9ab28b00af39405e0e_320x240.jpg,J125613,Aberto para lances,2026-07-30T08:58:37.781220,0.0
Prateleiras Expositoras Modulares diversos tamanhos,Diversos,2450.0,2450.0,1ª Praça: 28/07/2026 10:00,,,Judicial,Mega Leiloes,https://www.megaleiloes.com.br/outros/diversos/sp/monte-mor/prateleiras-expositoras-modulares-diversos-tamanhos-j125602?utm_source=megaleiloes&utm_medium=link&utm_campaign=prateleiras-expositoras-modulares-diversos-tamanhos-j125602&utm_term=J125602&utm_content=link,https://cdn1.megaleiloes.com.br/batches/125602/6105945a95bc7dd6942f287c922106d5_320x240.jpg,J125602,Aberto para lances,2026-07-30T08:58:37.781220,0.0
5.000 Cotas na empresa Benterra e Bitar Empreendimentos Imobiliários Ltda,Diversos,340546.97,170273.49,1ª Praça: 13/08/2026 10:00,,,Judicial,Mega Leiloes,https://www.megaleiloes.com.br/outros/diversos/si/sem-informacao/5000-cotas-na-empresa-benterra-e-bitar-empreendimentos-imobiliarios-ltda-j127192?utm_source=megaleiloes&utm_medium=link&utm_campaign=5000-cotas-na-empresa-benterra-e-bitar-empreendimentos-imobiliarios-ltda-j127192&utm_term=J127192&utm_content=link,https://www.megaleiloes.com.br/images/card-no-image-320x240.png,J127192,Em breve,2026-07-30T08:58:37.781220,0.0
"Pistola Forjas Taurus S.A, calibre 9x9mm Parabellum",Diversos,6800.0,4080.0,1ª Praça: 13/08/2026 10:00,,,Judicial,Mega Leiloes,https://www.megaleiloes.com.br/outros/diversos/sp/sao-paulo/pistola-forjas-taurus-sa-calibre-9x9mm-parabellum-j127194?utm_source=megaleiloes&utm_medium=link&utm_campaign=pistola-forjas-taurus-sa-calibre-9x9mm-parabellum-j127194&utm_term=J127194&utm_content=link,https://www.megaleiloes.com.br/images/card-no-image-320x240.png,J127194,Em breve,2026-07-30T08:58:37.781220,0.0
2.000 Jogos de Tapetes Automotivos em Borracha,Diversos,40420.0,40420.0,1ª Praça: 23/07/2026 10:30,,,Judicial,Mega Leiloes,https://www.megaleiloes.com.br/outros/diversos/sp/leme/2000-jogos-de-tapetes-automotivos-em-borracha-j126130?utm_source=megaleiloes&utm_medium=link&utm_campaign=2000-jogos-de-tapetes-automotivos-em-borracha-j126130&utm_term=J126130&utm_content=link,https://www.megaleiloes.com.br/images/card-no-image-320x240.png,J126130,Aberto para lances,2026-07-30T08:58:37.781220,0.0
1.600m² de Piso de Borracha em Placas Modelo Alerta,Diversos,228360.0,228360.0,1ª Praça: 23/07/2026 10:30,,,Judicial,Mega Leiloes,https://www.megaleiloes.com.br/outros/diversos/sp/leme/1600m2-de-piso-de-borracha-em-placas-modelo-alerta-j126131?utm_source=megaleiloes&utm_medium=link&utm_campaign=1600m2-de-piso-de-borracha-em-placas-modelo-alerta-j126131&utm_term=J126131&utm_content=link,https://www.megaleiloes.com.br/images/card-no-image-320x240.png,J126131,Aberto para lances,2026-07-30T08:58:37.781220,0.0
1.100m² de Piso de Borracha em Placas,Diversos,81785.0,81785.0,1ª Praça: 23/07/2026 10:30,,,Judicial,Mega Leiloes,https://www.megaleiloes.com.br/outros/diversos/sp/leme/1100m2-de-piso-de-borracha-em-placas-j126132?utm_source=megaleiloes&utm_medium=link&utm_campaign=1100m2-de-piso-de-borracha-em-placas-j126132&utm_term=J126132&utm_content=link,https://www.megaleiloes.com.br/images/card-no-image-320x240.png,J126132,Aberto para lances,2026-07-30T08:58:37.781220,0.0
Título Associativo Familiar do executado no Santos Atlético Clube dos Ingleses de Santos,Diversos,3000.0,1800.0,1ª Praça: 14/08/2026 10:00,,,Judicial,Mega Leiloes,https://www.megaleiloes.com.br/outros/diversos/si/sem-informacao/titulo-associativo-familiar-do-executado-no-santos-atletico-clube-dos-ingleses-de-santos-j127244?utm_source=megaleiloes&utm_medium=link&utm_campaign=titulo-associativo-familiar-do-executado-no-santos-atletico-clube-dos-ingleses-de-santos-j127244&utm_term=J127244&utm_content=link,https://www.megaleiloes.com.br/images/card-no-image-320x240.png,J127244,Em breve,2026-07-30T08:58:37.781220,0.0
Bomba de Combustível Gilbarco Veeder-Root do Brasil Ind. e Com. Ltda - 2009,Diversos,10000.0,10000.0,1ª Praça: 27/07/2026 10:30,2009,,Judicial,Mega Leiloes,https://www.megaleiloes.com.br/outros/diversos/sp/ribeirao-pires/bomba-de-combustivel-gilbarco-veeder-root-do-brasil-ind-e-com-ltda-2009-j126149?utm_source=megaleiloes&utm_medium=link&utm_campaign=bomba-de-combustivel-gilbarco-veeder-root-do-brasil-ind-e-com-ltda-2009-j126149&utm_term=J126149&utm_content=link,https://www.megaleiloes.com.br/images/card-no-image-320x240.png,J126149,Aberto para lances,2026-07-30T08:58:37.781220,0.0
Equipamentos de Segurança e Informática,Diversos,8833.5,4416.75,1ª Praça: 25/08/2026 10:00,,,Judicial,Mega Leiloes,https://www.megaleiloes.com.br/outros/diversos/mt/cuiaba/equipamentos-de-seguranca-e-informatica-j127199?utm_source=megaleiloes&utm_medium=link&utm_campaign=equipamentos-de-seguranca-e-informatica-j127199&utm_term=J127199&utm_content=link,https://cdn1.megaleiloes.com.br/batches/127199/5288c35e32697340755990d3826a9776_320x240.jpg,J127199,Em breve,2026-07-30T08:58:37.781220,0.0
Placas Eletrônicas e Acessórios de Segurança,Diversos,9026.5,4513.25,1ª Praça: 25/08/2026 10:00,,,Judicial,Mega Leiloes,https://www.megaleiloes.com.br/outros/diversos/mt/cuiaba/placas-eletronicas-e-acessorios-de-seguranca-j127202?utm_source=megaleiloes&utm_medium=link&utm_campaign=placas-eletronicas-e-acessorios-de-seguranca-j127202&utm_term=J127202&utm_content=link,https://cdn1.megaleiloes.com.br/batches/127202/445607a8ad302397950cf5d2838caefd_320x240.jpg,J127202,Em breve,2026-07-30T08:58:37.781220,0.0
"Mobiliário, Sinalização e Receptores Eletrônicos",Diversos,10099.7,5049.85,1ª Praça: 25/08/2026 10:00,,,Judicial,Mega Leiloes,https://www.megaleiloes.com.br/outros/diversos/mt/cuiaba/mobiliario-sinalizacao-e-receptores-eletronicos-j127203?utm_source=megaleiloes&utm_medium=link&utm_campaign=mobiliario-sinalizacao-e-receptores-eletronicos-j127203&utm_term=J127203&utm_content=link,https://cdn1.megaleiloes.com.br/batches/127203/f47bca79a24140e5dbd31efc517e5647_320x240.jpg,J127203,Em breve,2026-07-30T08:58:37.781220,0.0
"Móveis e Utensílios, Equipamentos de Informática e Bens Diversos",Diversos,44546.0,22273.0,1ª Praça: 25/08/2026 10:30,,,Judicial,Mega Leiloes,https://www.megaleiloes.com.br/outros/diversos/sp/aruja/moveis-e-utensilios-equipamentos-de-informatica-e-bens-diversos-j126415?utm_source=megaleiloes&utm_medium=link&utm_campaign=moveis-e-utensilios-equipamentos-de-informatica-e-bens-diversos-j126415&utm_term=J126415&utm_content=link,https://cdn1.megaleiloes.com.br/batches/126415/94fbc0e657a0e2530d39578b9533ce9d_320x240.jpg,J126415,Em breve,2026-07-30T08:58:37.781220,0.0
"Baú Alumínio fibra, marca R 134 A - baú refrigerado",Diversos,30000.0,15000.0,1ª Praça: 31/08/2026 10:30,baú refrigerado,,Judicial,Mega Leiloes,https://www.megaleiloes.com.br/outros/diversos/sp/americana/bau-aluminio-fibra-marca-r-134-a-bau-refrigerado-j127288?utm_source=megaleiloes&utm_medium=link&utm_campaign=bau-aluminio-fibra-marca-r-134-a-bau-refrigerado-j127288&utm_term=J127288&utm_content=link,https://www.megaleiloes.com.br/images/card-no-image-320x240.png,J127288,Em breve,2026-07-30T08:58:37.781220,0.0
"Móveis de Escritório, Equipamentos de Informática, Eletrodomésticos e Bens Diversos",Diversos,23413.0,11706.5,1ª Praça: 01/09/2026 10:00,,,Judicial,Mega Leiloes,https://www.megaleiloes.com.br/outros/diversos/sp/sao-paulo/moveis-de-escritorio-equipamentos-de-informatica-eletrodomesticos-e-bens-diversos-j127253?utm_source=megaleiloes&utm_medium=link&utm_campaign=moveis-de-escritorio-equipamentos-de-informatica-eletrodomesticos-e-bens-diversos-j127253&utm_term=J127253&utm_content=link,https://cdn1.megaleiloes.com.br/batches/127253/ddcfc4fd78d98cbd1bfb1a72d0cb223f_320x240.jpg,J127253,Em breve,2026-07-30T08:58:37.781220,0.0
"Canetas Diversas, Metálicas, Plásticas e Touch",Diversos,53800.41,26900.21,1ª Praça: 01/09/2026 10:00,,,Judicial,Mega Leiloes,https://www.megaleiloes.com.br/outros/diversos/sp/sao-paulo/canetas-diversas-metalicas-plasticas-e-touch-j127254?utm_source=megaleiloes&utm_medium=link&utm_campaign=canetas-diversas-metalicas-plasticas-e-touch-j127254&utm_term=J127254&utm_content=link,https://cdn1.megaleiloes.com.br/batches/127254/6a09aec9396f50194a4132fbd5d638fa_320x240.jpg,J127254,Em breve,2026-07-30T08:58:37.781220,0.0
"3665 Estojo mais Lapiseira de Metal, dores diversas",Diversos,27487.5,13743.75,1ª Praça: 01/09/2026 10:01,,,Judicial,Mega Leiloes,https://www.megaleiloes.com.br/outros/diversos/sp/sao-paulo/3665-estojo-mais-lapiseira-de-metal-dores-diversas-j127255?utm_source=megaleiloes&utm_medium=link&utm_campaign=3665-estojo-mais-lapiseira-de-metal-dores-diversas-j127255&utm_term=J127255&utm_content=link,https://cdn1.megaleiloes.com.br/batches/127255/8098c489afb9b3dc322407ed7fc85baf_320x240.jpg,J127255,Em breve,2026-07-30T08:58:37.781220,0.0
"Máquinas, Equipamentos e Bens Diversos",Diversos,31500.0,15750.0,1ª Praça: 08/09/2026 10:00,,,Judicial,Mega Leiloes,https://www.megaleiloes.com.br/outros/diversos/sp/sao-paulo/maquinas-equipamentos-e-bens-diversos-j127273?utm_source=megaleiloes&utm_medium=link&utm_campaign=maquinas-equipamentos-e-bens-diversos-j127273&utm_term=J127273&utm_content=link,https://cdn1.megaleiloes.com.br/batches/127273/c322f2cf029cb5f489707b712247ef4d_320x240.jpg,J127273,Em breve,2026-07-30T08:58:37.781220,0.0
